CustomerID,Recency,Frequency,Monetary,R_Score,F_Score,M_Score,RFM_Score,Segment
12346.0,325,2,0.0,1,2,1,121,Lost Customers
12347.0,1,7,4310.0,5,5,5,555,Champions
12348.0,74,4,1437.24,2,4,4,244,At Risk
12349.0,18,1,1457.55,4,1,4,414,Potential Loyalists
12350.0,309,1,294.4,1,1,2,112,Lost Customers
12352.0,35,8,1265.41,3,5,4,354,Needs Attention
12353.0,203,1,89.0,1,1,1,111,Lost Customers
12354.0,231,1,1079.4,1,1,4,114,High Value At Risk
12355.0,213,1,459.4,1,1,2,112,Lost Customers
12356.0,22,3,2487.43,4,3,5,435,Loyal Customers
12357.0,32,1,6207.67,3,1,5,315,New Customers
12358.0,1,2,928.0600000000001,5,2,4,524,Potential Loyalists
12359.0,7,6,6245.53,5,4,5,545,Champions
12360.0,51,3,2302.06,3,3,5,335,Needs Attention
12361.0,286,1,174.9,1,1,1,111,Lost Customers
12362.0,2,13,4665.58,5,5,5,555,Champions
12363.0,109,2,552.0,2,2,3,223,Lost Customers
12364.0,7,4,1208.1,5,4,4,544,Champions
12365.0,290,1,320.69,1,1,2,112,Lost Customers
12367.0,3,1,150.9,5,1,1,511,New Customers
12370.0,50,4,3425.69,3,4,5,345,Needs Attention
12371.0,59,1,1527.96,3,1,4,314,New Customers
12372.0,71,3,1196.04,2,3,4,234,High Value At Risk
12373.0,310,1,324.6,1,1,2,112,Lost Customers
12374.0,24,1,622.93,4,1,3,413,New Customers
12375.0,2,3,375.42,5,3,2,532,Loyal Customers
12377.0,314,2,1548.12,1,2,4,124,High Value At Risk
12378.0,129,1,4008.62,2,1,5,215,High Value At Risk
12379.0,81,3,775.29,2,3,3,233,Needs Attention
12380.0,21,5,2423.56,4,4,5,445,Champions
12381.0,4,4,1433.46,5,4,4,544,Champions
12383.0,184,6,1617.31,1,4,4,144,At Risk
12384.0,28,3,406.16,4,3,2,432,Loyal Customers
12386.0,337,2,401.9,1,2,2,122,Lost Customers
12388.0,15,6,2780.66,4,4,5,445,Champions
12390.0,79,1,504.84000000000003,2,1,3,213,Lost Customers
12391.0,21,1,460.89,4,1,2,412,New Customers
12393.0,71,4,1582.6000000000001,2,4,4,244,At Risk
12394.0,63,2,1080.48,3,2,4,324,New Customers
12395.0,15,15,2662.28,4,5,5,455,Champions
12397.0,35,2,2214.9,3,2,5,325,New Customers
12398.0,45,1,1435.66,3,1,4,314,New Customers
12399.0,118,4,1033.65,2,4,4,244,At Risk
12401.0,302,1,69.3,1,1,1,111,Lost Customers
12402.0,322,1,195.6,1,1,1,111,Lost Customers
12403.0,49,1,391.7,3,1,2,312,New Customers
12405.0,148,1,1390.39,2,1,4,214,High Value At Risk
12406.0,21,3,3280.75,4,3,5,435,Loyal Customers
12407.0,49,5,1507.1200000000001,3,4,4,344,Needs Attention
12408.0,32,8,2587.57,3,5,5,355,Needs Attention
12409.0,78,7,11056.93,2,5,5,255,At Risk
12410.0,300,3,521.08,1,3,3,133,Needs Attention
12412.0,74,3,1142.88,2,3,4,234,High Value At Risk
12413.0,66,4,676.15,3,4,3,343,Needs Attention
12414.0,216,3,442.41,1,3,2,132,Needs Attention
12415.0,23,24,123638.18,4,5,5,455,Champions
12417.0,2,12,3155.8,5,5,5,555,Champions
12418.0,112,1,668.58,2,1,3,213,Lost Customers
12420.0,63,1,600.39,3,1,3,313,New Customers
12421.0,15,4,639.04,4,4,3,443,Loyal Customers
12422.0,95,3,683.5600000000001,2,3,3,233,Needs Attention
12423.0,0,9,1624.11,5,5,4,554,Champions
12424.0,162,2,1760.96,2,2,4,224,High Value At Risk
12425.0,77,1,777.2,2,1,3,213,Lost Customers
12426.0,194,1,510.73,1,1,3,113,Lost Customers
12427.0,11,5,582.37,4,4,3,443,Loyal Customers
12428.0,25,11,6366.0,4,5,5,455,Champions
12429.0,8,4,3388.4,5,4,5,545,Champions
12430.0,42,1,216.4,3,1,1,311,New Customers
12431.0,35,18,6311.39,3,5,5,355,Needs Attention
12432.0,42,4,4359.32,3,4,5,345,Needs Attention
12433.0,0,7,13375.87,5,5,5,555,Champions
12434.0,84,4,765.19,2,4,3,243,At Risk
12435.0,79,2,7829.89,2,2,5,225,High Value At Risk
12436.0,99,1,429.01000000000005,2,1,2,212,Lost Customers
12437.0,1,19,4392.66,5,5,5,555,Champions
12438.0,13,2,2466.85,4,2,5,425,Potential Loyalists
12441.0,366,1,155.55,1,1,1,111,Lost Customers
12442.0,2,1,144.06,5,1,1,511,New Customers
12444.0,20,5,4085.46,4,4,5,445,Champions
12445.0,21,1,77.4,4,1,1,411,New Customers
12446.0,57,1,1002.3100000000001,3,1,4,314,New Customers
12447.0,242,1,431.49,1,1,2,112,Lost Customers
12448.0,43,1,365.45,3,1,2,312,New Customers
12449.0,21,4,3596.29,4,4,5,445,Champions
12450.0,155,2,197.88,2,2,1,221,Lost Customers
12451.0,10,6,8893.52,5,4,5,545,Champions
12452.0,16,1,348.57,4,1,2,412,New Customers
12453.0,133,1,707.09,2,1,3,213,Lost Customers
12454.0,52,2,5.684341886080802e-14,3,2,1,321,New Customers
12455.0,72,5,2339.86,2,4,5,245,At Risk
12456.0,43,4,2553.89,3,4,5,345,Needs Attention
12457.0,57,11,1597.78,3,5,4,354,Needs Attention
12458.0,70,2,787.4,3,2,3,323,New Customers
12461.0,154,1,626.88,2,1,3,213,Lost Customers
12462.0,1,4,872.01,5,4,3,543,Loyal Customers
12463.0,45,6,1165.63,3,4,4,344,Needs Attention
12464.0,9,8,957.05,5,5,4,554,Champions
12465.0,7,3,673.89,5,3,3,533,Loyal Customers
12468.0,142,3,652.04,2,3,3,233,Needs Attention
12471.0,1,45,16358.92,5,5,5,555,Champions
12472.0,30,13,5725.48,4,5,5,455,Champions
12473.0,53,4,2555.77,3,4,5,345,Needs Attention
12474.0,16,30,6486.47,4,5,5,455,Champions
12475.0,53,1,669.38,3,1,3,313,New Customers
12476.0,0,20,5628.58,5,5,5,555,Champions
12477.0,22,9,13117.01,4,5,5,455,Champions
12478.0,3,1,545.99,5,1,3,513,New Customers
12479.0,3,3,423.3,5,3,2,532,Loyal Customers
12480.0,27,4,2885.63,4,4,5,445,Champions
12481.0,22,11,5014.86,4,5,5,455,Champions
12483.0,16,11,1873.13,4,5,4,454,Champions
12484.0,34,6,3907.27,3,4,5,345,Needs Attention
12488.0,9,3,1244.66,5,3,4,534,Loyal Customers
12489.0,335,1,298.93,1,1,2,112,Lost Customers
12490.0,4,10,4859.93,5,5,5,555,Champions
12491.0,38,1,424.40000000000003,3,1,2,312,New Customers
12492.0,62,2,227.21,3,2,1,321,New Customers
12493.0,165,3,398.79,2,3,2,232,Needs Attention
12494.0,9,13,995.35,5,5,4,554,Champions
12497.0,81,1,953.1,2,1,4,214,High Value At Risk
12498.0,20,3,349.70000000000005,4,3,2,432,Loyal Customers
12500.0,22,13,4026.27,4,5,5,455,Champions
12501.0,314,2,1945.68,1,2,4,124,High Value At Risk
12502.0,95,5,2995.87,2,4,5,245,At Risk
12504.0,17,4,59.99999999999999,4,4,1,441,Loyal Customers
12506.0,232,1,73.5,1,1,1,111,Lost Customers
12507.0,133,4,1006.06,2,4,4,244,At Risk
12508.0,25,2,398.27,4,2,2,422,New Customers
12509.0,283,1,158.5,1,1,1,111,Lost Customers
12510.0,142,2,814.5699999999999,2,2,3,223,Lost Customers
12512.0,65,2,138.03,3,2,1,321,New Customers
12513.0,84,2,532.79,2,2,3,223,Lost Customers
12514.0,266,1,1017.68,1,1,4,114,High Value At Risk
12515.0,352,1,278.7,1,1,2,112,Lost Customers
12516.0,77,2,1186.06,2,2,4,224,High Value At Risk
12517.0,27,5,2284.89,4,4,5,445,Champions
12518.0,0,5,1840.89,5,4,4,544,Champions
12519.0,63,1,286.84,3,1,2,312,New Customers
12520.0,78,6,2294.5099999999998,2,4,5,245,At Risk
12521.0,142,1,545.68,2,1,3,213,Lost Customers
12522.0,38,2,156.72,3,2,1,321,New Customers
12523.0,1,13,1655.57,5,5,4,554,Champions
12524.0,8,8,3945.72,5,5,5,555,Champions
12526.0,0,3,1172.66,5,3,4,534,Loyal Customers
12527.0,81,3,330.71000000000004,2,3,2,232,Needs Attention
12528.0,8,8,1634.28,5,5,4,554,Champions
12530.0,59,5,1461.63,3,4,4,344,Needs Attention
12531.0,14,1,125.22,4,1,1,411,New Customers
12532.0,29,1,313.83000000000004,4,1,2,412,New Customers
12534.0,130,1,981.18,2,1,4,214,High Value At Risk
12535.0,91,2,716.35,2,2,3,223,Lost Customers
12536.0,7,2,4151.26,5,2,5,525,Potential Loyalists
12538.0,28,1,363.95,4,1,2,412,New Customers
12539.0,21,4,5568.35,4,4,5,445,Champions
12540.0,19,19,11489.039999999999,4,5,5,455,Champions
12541.0,29,3,841.18,4,3,3,433,Loyal Customers
12544.0,29,2,299.7,4,2,2,422,New Customers
12545.0,74,2,832.39,2,2,3,223,Lost Customers
12546.0,46,3,1001.5,3,3,4,334,Needs Attention
12547.0,197,2,151.79999999999998,1,2,1,121,Lost Customers
12548.0,165,1,67.19999999999999,2,1,1,211,Lost Customers
12550.0,78,1,824.83,2,1,3,213,Lost Customers
12551.0,357,1,168.0,1,1,1,111,Lost Customers
12552.0,39,1,317.82,3,1,2,312,New Customers
12553.0,7,14,3238.25,5,5,5,555,Champions
12556.0,49,2,603.71,3,2,3,323,New Customers
12557.0,15,5,11990.960000000001,4,4,5,445,Champions
12558.0,1,2,1.0658141036401503e-14,5,2,1,521,New Customers
12559.0,310,3,500.21000000000004,1,3,3,133,Needs Attention
12560.0,4,3,1885.39,5,3,4,534,Loyal Customers
12561.0,302,1,238.85,1,1,2,112,Lost Customers
12562.0,7,7,3385.7400000000002,5,5,5,555,Champions
12564.0,260,1,402.9,1,1,2,112,Lost Customers
12565.0,281,2,131.17,1,2,1,121,Lost Customers
12566.0,72,2,292.7,2,2,2,222,Lost Customers
12567.0,22,11,8322.94,4,5,5,455,Champions
12569.0,1,33,3128.9900000000002,5,5,5,555,Champions
12571.0,39,2,519.61,3,2,3,323,New Customers
12572.0,8,3,896.72,5,3,3,533,Loyal Customers
12573.0,226,1,160.54000000000002,1,1,1,111,Lost Customers
12574.0,315,1,182.45000000000002,1,1,1,111,Lost Customers
12576.0,35,6,1306.98,3,4,4,344,Needs Attention
12577.0,34,4,591.45,3,4,3,343,Needs Attention
12578.0,20,4,2361.36,4,4,5,445,Champions
12579.0,72,2,374.72,2,2,2,222,Lost Customers
12580.0,246,1,379.7,1,1,2,112,Lost Customers
12581.0,39,1,179.71,3,1,1,311,New Customers
12582.0,238,2,351.36,1,2,2,122,Lost Customers
12583.0,2,17,6629.34,5,5,5,555,Champions
12584.0,3,18,1809.95,5,5,4,554,Champions
12585.0,233,4,1766.81,1,4,4,144,At Risk
12586.0,16,2,179.94000000000003,4,2,1,421,New Customers
12587.0,7,1,104.0,5,1,1,511,New Customers
12588.0,38,1,174.89999999999998,3,1,1,311,New Customers
12589.0,28,2,574.68,4,2,3,423,New Customers
12590.0,189,2,9338.38,1,2,5,125,High Value At Risk
12591.0,316,1,368.85,1,1,2,112,Lost Customers
12592.0,91,2,401.6,2,2,2,222,Lost Customers
12593.0,108,3,382.09999999999997,2,3,2,232,Needs Attention
12594.0,37,9,3208.2200000000003,3,5,5,355,Needs Attention
12596.0,50,2,450.27,3,2,2,322,New Customers
12597.0,18,5,3067.13,4,4,5,445,Champions
12598.0,9,8,2786.68,5,5,5,555,Champions
12599.0,28,7,888.58,4,5,3,453,Loyal Customers
12600.0,28,10,2311.04,4,5,5,455,Champions
12601.0,189,6,479.56,1,4,3,143,At Risk
12602.0,58,1,153.12,3,1,1,311,New Customers
12603.0,21,1,613.1999999999999,4,1,3,413,New Customers
12604.0,78,2,236.18,2,2,2,222,Lost Customers
12605.0,364,1,-7.5,1,1,1,111,Lost Customers
12607.0,57,2,3.552713678800501e-15,3,2,1,321,New Customers
12609.0,77,3,964.85,2,3,4,234,High Value At Risk
12610.0,22,6,1705.99,4,4,4,444,Champions
12611.0,51,1,1193.32,3,1,4,314,New Customers
12612.0,57,2,607.59,3,2,3,323,New Customers
12613.0,30,5,2966.98,4,4,5,445,Champions
12614.0,277,1,315.6,1,1,2,112,Lost Customers
12615.0,1,4,2093.19,5,4,5,545,Champions
12616.0,84,5,585.25,2,4,3,243,At Risk
12617.0,28,1,355.53,4,1,2,412,New Customers
12618.0,21,1,137.31,4,1,1,411,New Customers
12619.0,15,11,2908.81,4,5,5,455,Champions
12620.0,14,3,1303.41,4,3,4,434,Loyal Customers
12621.0,1,23,12334.07,5,5,5,555,Champions
12622.0,231,1,162.1,1,1,1,111,Lost Customers
12623.0,275,1,269.1,1,1,2,112,Lost Customers
12624.0,105,2,569.13,2,2,3,223,Lost Customers
12625.0,211,3,2362.32,1,3,5,135,High Value At Risk
12626.0,22,13,5722.35,4,5,5,455,Champions
12627.0,10,6,4082.53,5,4,5,545,Champions
12628.0,3,4,715.61,5,4,3,543,Loyal Customers
12630.0,9,2,1030.88,5,2,4,524,Potential Loyalists
12631.0,56,1,480.5,3,1,3,313,New Customers
12633.0,58,5,1906.63,3,4,4,344,Needs Attention
12635.0,89,2,1509.18,2,2,4,224,High Value At Risk
12637.0,66,9,5809.25,3,5,5,355,Needs Attention
12638.0,32,1,511.69,3,1,3,313,New Customers
12639.0,238,1,366.1,1,1,2,112,Lost Customers
12640.0,23,3,994.58,4,3,4,434,Loyal Customers
12641.0,114,1,145.9,2,1,1,211,Lost Customers
12642.0,24,3,905.26,4,3,4,434,Loyal Customers
12643.0,127,6,3041.64,2,4,5,245,At Risk
12644.0,129,1,477.91,2,1,3,213,Lost Customers
12645.0,33,5,1611.38,3,4,4,344,Needs Attention
12646.0,4,2,1346.97,5,2,4,524,Potential Loyalists
12647.0,21,13,3093.92,4,5,5,455,Champions
12648.0,154,1,300.05,2,1,2,212,Lost Customers
12649.0,106,4,549.71,2,4,3,243,At Risk
12650.0,2,1,242.44000000000003,5,1,2,512,New Customers
12651.0,334,1,114.0,1,1,1,111,Lost Customers
12652.0,321,2,788.53,1,2,3,123,Lost Customers
12653.0,148,2,2209.85,2,2,5,225,High Value At Risk
12654.0,10,5,529.98,5,4,3,543,Loyal Customers
12656.0,16,8,3550.72,4,5,5,455,Champions
12657.0,10,5,1008.0600000000001,5,4,4,544,Champions
12658.0,18,1,632.05,4,1,3,413,New Customers
12659.0,29,1,73.68,4,1,1,411,New Customers
12660.0,10,1,227.1,5,1,1,511,New Customers
12662.0,0,12,3511.08,5,5,5,555,Champions
12664.0,7,9,4391.88,5,5,5,555,Champions
12665.0,324,2,43.75,1,2,1,121,Lost Customers
12666.0,358,1,-227.44,1,1,1,111,Lost Customers
12667.0,57,1,460.13,3,1,2,312,New Customers
12668.0,6,6,3113.18,5,4,5,545,Champions
12669.0,150,2,1427.73,2,2,4,224,High Value At Risk
12670.0,9,6,2734.15,5,4,5,545,Champions
12672.0,329,1,225.89999999999998,1,1,1,111,Lost Customers
12673.0,4,2,574.52,5,2,3,523,New Customers
12674.0,11,7,1793.31,4,5,4,454,Champions
12676.0,24,6,1091.39,4,4,4,444,Champions
12678.0,41,11,16441.26,3,5,5,355,Needs Attention
12679.0,51,9,896.67,3,5,3,353,Needs Attention
12680.0,0,4,790.81,5,4,3,543,Loyal Customers
12681.0,14,26,12309.59,4,5,5,455,Champions
12682.0,3,31,11028.22,5,5,5,555,Champions
12683.0,3,19,7357.09,5,5,5,555,Champions
12684.0,7,6,2073.63,5,4,5,545,Champions
12685.0,27,6,2575.08,4,4,5,445,Champions
12686.0,371,1,71.14,1,1,1,111,Lost Customers
12688.0,113,1,4873.8099999999995,2,1,5,215,High Value At Risk
12689.0,25,2,1139.61,4,2,4,424,Potential Loyalists
12690.0,205,1,335.01,1,1,2,112,Lost Customers
12691.0,27,5,927.8,4,4,4,444,Champions
12693.0,120,6,686.96,2,4,3,243,At Risk
12694.0,69,2,761.67,3,2,3,323,New Customers
12695.0,6,4,582.1,5,4,3,543,Loyal Customers
12697.0,20,5,739.02,4,4,3,443,Loyal Customers
12700.0,7,4,4525.99,5,4,5,545,Champions
12701.0,79,2,725.71,2,2,3,223,Lost Customers
12702.0,19,1,201.0,4,1,1,411,New Customers
12703.0,63,2,256.7,3,2,2,322,New Customers
12704.0,6,8,1740.84,5,5,4,554,Champions
12705.0,14,13,6328.24,4,5,5,455,Champions
12707.0,291,1,603.42,1,1,3,113,Lost Customers
12708.0,29,16,2346.32,4,5,5,455,Champions
12709.0,2,26,8989.75,5,5,5,555,Champions
12710.0,96,4,1004.5699999999999,2,4,4,244,At Risk
12712.0,22,17,3791.63,4,5,5,455,Champions
12713.0,0,1,794.55,5,1,3,513,New Customers
12714.0,8,5,4294.86,5,4,5,545,Champions
12715.0,105,1,273.86,2,1,2,212,Lost Customers
12716.0,3,2,963.49,5,2,4,524,Potential Loyalists
12717.0,150,2,830.98,2,2,3,223,Lost Customers
12718.0,70,1,202.25,3,1,1,311,New Customers
12719.0,4,3,536.1,5,3,3,533,Loyal Customers
12720.0,2,28,5065.28,5,5,5,555,Champions
12721.0,31,7,2358.98,4,5,5,455,Champions
12722.0,84,6,886.33,2,4,3,243,At Risk
12723.0,3,5,707.07,5,4,3,543,Loyal Customers
12724.0,4,4,923.41,5,4,4,544,Champions
12725.0,370,1,371.8,1,1,2,112,Lost Customers
12726.0,27,7,2411.1,4,5,5,455,Champions
12727.0,10,8,3425.7,5,5,5,555,Champions
12728.0,70,4,728.33,3,4,3,343,Needs Attention
12729.0,113,1,417.01,2,1,2,212,Lost Customers
12731.0,23,14,18660.41,4,5,5,455,Champions
12732.0,179,1,218.26000000000002,1,1,1,111,Lost Customers
12733.0,233,1,383.95,1,1,2,112,Lost Customers
12734.0,352,1,110.39999999999999,1,1,1,111,Lost Customers
12735.0,314,2,689.5699999999999,1,2,3,123,Lost Customers
12736.0,332,1,144.0,1,1,1,111,Lost Customers
12738.0,371,1,137.35,1,1,1,111,Lost Customers
12739.0,98,1,975.54,2,1,4,214,High Value At Risk
12740.0,63,1,427.6,3,1,2,312,New Customers
12743.0,133,2,546.43,2,2,3,223,Lost Customers
12744.0,55,4,9120.39,3,4,5,345,Needs Attention
12747.0,1,11,4196.01,5,5,5,555,Champions
12748.0,0,217,30486.53,5,5,5,555,Champions
12749.0,3,8,3868.2,5,5,5,555,Champions
12750.0,128,1,275.88,2,1,2,212,Lost Customers
12752.0,80,1,4366.78,2,1,5,215,High Value At Risk
12753.0,3,11,21024.01,5,5,5,555,Champions
12754.0,235,3,3010.74,1,3,5,135,High Value At Risk
12755.0,249,3,2220.75,1,3,5,135,High Value At Risk
12756.0,86,1,112.07999999999998,2,1,1,211,Lost Customers
12757.0,15,10,4184.2,4,5,5,455,Champions
12758.0,116,2,2791.59,2,2,5,225,High Value At Risk
12759.0,51,3,1411.44,3,3,4,334,Needs Attention
12762.0,7,2,1702.52,5,2,4,524,Potential Loyalists
12763.0,137,2,494.08,2,2,3,223,Lost Customers
12764.0,316,1,1693.88,1,1,4,114,High Value At Risk
12766.0,3,7,6457.63,5,5,5,555,Champions
12769.0,238,1,1143.6,1,1,4,114,High Value At Risk
12770.0,210,1,1351.45,1,1,4,114,High Value At Risk
12772.0,59,1,752.47,3,1,3,313,New Customers
12775.0,16,6,1246.24,4,4,4,444,Champions
12778.0,19,6,693.23,4,4,3,443,Loyal Customers
12779.0,20,12,3868.7,4,5,5,455,Champions
12781.0,21,4,671.72,4,4,3,443,Loyal Customers
12782.0,4,6,1881.3200000000002,5,4,4,544,Champions
12783.0,1,4,1295.87,5,4,4,544,Champions
12784.0,14,1,518.42,4,1,3,413,New Customers
12785.0,2,2,249.71,5,2,2,522,New Customers
12787.0,9,3,418.66,5,3,2,532,Loyal Customers
12789.0,64,1,76.85,3,1,1,311,New Customers
12790.0,191,1,294.92,1,1,2,112,Lost Customers
12791.0,373,1,177.60000000000002,1,1,1,111,Lost Customers
12792.0,256,1,344.53999999999996,1,1,2,112,Lost Customers
12793.0,334,2,461.48,1,2,2,122,Lost Customers
12794.0,52,2,860.41,3,2,3,323,New Customers
12795.0,18,1,318.48,4,1,2,412,New Customers
12797.0,359,3,166.18,1,3,1,131,Needs Attention
12798.0,9,3,6977.04,5,3,5,535,Loyal Customers
12802.0,183,2,382.58,1,2,2,122,Lost Customers
12808.0,36,3,455.65000000000003,3,3,2,332,Needs Attention
12809.0,167,2,400.36,2,2,2,222,Lost Customers
12811.0,261,2,458.85,1,2,2,122,Lost Customers
12812.0,44,1,229.64000000000001,3,1,1,311,New Customers
12814.0,101,1,85.92,2,1,1,211,Lost Customers
12815.0,147,2,863.46,2,2,3,223,Lost Customers
12816.0,95,2,452.20000000000005,2,2,2,222,Lost Customers
12817.0,280,1,126.03999999999999,1,1,1,111,Lost Customers
12818.0,177,2,1157.88,2,2,4,224,High Value At Risk
12820.0,2,4,942.34,5,4,4,544,Champions
12821.0,213,1,92.72,1,1,1,111,Lost Customers
12822.0,70,3,918.98,3,3,4,334,Needs Attention
12823.0,74,5,1759.5,2,4,4,244,At Risk
12824.0,59,1,397.12,3,1,2,312,New Customers
12826.0,2,8,1468.1200000000001,5,5,4,554,Champions
12827.0,5,3,430.15000000000003,5,3,2,532,Loyal Customers
12828.0,2,6,1018.71,5,4,4,544,Champions
12829.0,321,3,253.05,1,3,2,132,Needs Attention
12830.0,37,6,6814.64,3,4,5,345,Needs Attention
12831.0,261,1,215.05,1,1,1,111,Lost Customers
12832.0,31,2,383.03,4,2,2,422,New Customers
12833.0,144,1,417.38,2,1,2,212,Lost Customers
12834.0,282,1,312.38,1,1,2,112,Lost Customers
12836.0,58,4,2612.86,3,4,5,345,Needs Attention
12837.0,172,1,134.1,2,1,1,211,Lost Customers
12838.0,33,2,683.13,3,2,3,323,New Customers
12839.0,2,15,5588.12,5,5,5,555,Champions
12840.0,143,6,2714.27,2,4,5,245,At Risk
12841.0,4,26,3876.4,5,5,5,555,Champions
12842.0,69,2,1118.99,3,2,4,324,New Customers
12843.0,65,9,1680.76,3,5,4,354,Needs Attention
12844.0,28,2,325.96000000000004,4,2,2,422,New Customers
12845.0,266,4,354.09,1,4,2,142,At Risk
12847.0,21,1,871.54,4,1,3,413,New Customers
12849.0,30,2,1033.25,4,2,4,424,Potential Loyalists
12851.0,96,1,135.18,2,1,1,211,Lost Customers
12852.0,289,2,299.75,1,2,2,122,Lost Customers
12853.0,107,9,1881.7,2,5,4,254,At Risk
12854.0,78,5,1289.15,2,4,4,244,At Risk
12855.0,372,1,38.1,1,1,1,111,Lost Customers
12856.0,7,8,2162.68,5,5,5,555,Champions
12857.0,210,2,1106.4,1,2,4,124,High Value At Risk
12863.0,51,2,504.2,3,2,3,323,New Customers
12864.0,137,1,147.12,2,1,1,211,Lost Customers
12865.0,25,3,1548.07,4,3,4,434,Loyal Customers
12866.0,282,1,499.12,1,1,3,113,Lost Customers
12867.0,25,10,3990.47,4,5,5,455,Champions
12868.0,185,6,1607.0600000000002,1,4,4,144,At Risk
12870.0,365,1,-14.899999999999999,1,1,1,111,Lost Customers
12871.0,83,2,380.64,2,2,2,222,Lost Customers
12872.0,326,2,599.97,1,2,3,123,Lost Customers
12873.0,281,1,374.0,1,1,2,112,Lost Customers
12875.0,142,2,343.2300000000001,2,2,2,222,Lost Customers
12876.0,57,2,2053.02,3,2,5,325,New Customers
12877.0,3,12,1535.77,5,5,4,554,Champions
12878.0,17,3,841.64,4,3,3,433,Loyal Customers
12879.0,44,4,552.5699999999999,3,4,3,343,Needs Attention
12881.0,275,1,298.0,1,1,2,112,Lost Customers
12882.0,8,2,1463.04,5,2,4,524,Potential Loyalists
12883.0,24,4,703.47,4,4,3,443,Loyal Customers
12884.0,87,1,309.05,2,1,2,212,Lost Customers
12885.0,62,4,1158.27,3,4,4,344,Needs Attention
12886.0,67,3,1351.09,3,3,4,334,Needs Attention
12888.0,213,4,313.77,1,4,2,142,At Risk
12890.0,23,1,380.46999999999997,4,1,2,412,New Customers
12891.0,185,3,331.0,1,3,2,132,Needs Attention
12893.0,30,1,188.14,4,1,1,411,New Customers
12895.0,41,3,347.3,3,3,2,332,Needs Attention
12897.0,204,2,216.5,1,2,1,121,Lost Customers
12901.0,8,34,16316.14,5,5,5,555,Champions
12902.0,264,1,138.68,1,1,1,111,Lost Customers
12904.0,17,2,509.58,4,2,3,423,New Customers
12906.0,11,5,2919.81,4,4,5,445,Champions
12908.0,175,3,360.0,2,3,2,232,Needs Attention
12909.0,39,8,2128.83,3,5,5,355,Needs Attention
12910.0,22,8,3075.04,4,5,5,455,Champions
12912.0,2,5,1662.3,5,4,4,544,Champions
12913.0,4,5,2483.63,5,4,5,545,Champions
12915.0,148,2,363.65,2,2,2,222,Lost Customers
12916.0,138,5,2982.35,2,4,5,245,At Risk
12917.0,127,1,594.0,2,1,3,213,Lost Customers
12919.0,7,8,1301.44,5,5,4,554,Champions
12920.0,16,1,164.23,4,1,1,411,New Customers
12921.0,3,50,16389.74,5,5,5,555,Champions
12922.0,160,1,405.38,2,1,2,212,Lost Customers
12923.0,63,1,175.72,3,1,1,311,New Customers
12924.0,87,5,922.0,2,4,4,244,At Risk
12925.0,4,2,694.05,5,2,3,523,New Customers
12928.0,34,5,2062.7000000000003,3,4,5,345,Needs Attention
12929.0,121,2,105.1,2,2,1,221,Lost Customers
12930.0,77,4,409.9,2,4,2,242,At Risk
12931.0,21,19,33544.81,4,5,5,455,Champions
12933.0,23,4,606.28,4,4,3,443,Loyal Customers
12935.0,1,8,2156.45,5,5,5,555,Champions
12936.0,16,5,1012.9,4,4,4,444,Champions
12937.0,14,4,1504.27,4,4,4,444,Champions
12938.0,25,1,114.14,4,1,1,411,New Customers
12939.0,63,8,11581.8,3,5,5,355,Needs Attention
12940.0,45,4,876.29,3,4,3,343,Needs Attention
12942.0,130,3,683.9,2,3,3,233,Needs Attention
12943.0,300,1,-3.75,1,1,1,111,Lost Customers
12944.0,35,2,604.51,3,2,3,323,New Customers
12945.0,287,1,462.95,1,1,2,112,Lost Customers
12947.0,143,11,1407.29,2,5,4,254,At Risk
12948.0,15,8,2053.7,4,5,5,455,Champions
12949.0,30,10,4143.02,4,5,5,455,Champions
12950.0,1,3,1843.0,5,3,4,534,Loyal Customers
12951.0,8,8,1042.07,5,5,4,554,Champions
12952.0,5,5,1382.8400000000001,5,4,4,544,Champions
12953.0,9,1,329.85,5,1,2,512,New Customers
12955.0,0,14,4734.26,5,5,5,555,Champions
12956.0,305,1,108.07,1,1,1,111,Lost Customers
12957.0,3,12,3979.04,5,5,5,555,Champions
12962.0,6,2,266.39,5,2,2,522,New Customers
12963.0,7,8,1856.63,5,5,4,554,Champions
12965.0,88,1,771.91,2,1,3,213,Lost Customers
12966.0,9,1,160.18,5,1,1,511,New Customers
12967.0,2,4,1194.75,5,4,4,544,Champions
12968.0,111,1,135.95,2,1,1,211,Lost Customers
12970.0,6,4,452.24,5,4,2,542,Loyal Customers
12971.0,3,88,10933.76,5,5,5,555,Champions
12974.0,197,1,144.8,1,1,1,111,Lost Customers
12976.0,211,1,738.6,1,1,3,113,Lost Customers
12977.0,155,1,39.239999999999995,2,1,1,211,Lost Customers
12980.0,155,12,7092.06,2,5,5,255,At Risk
12981.0,29,2,372.21999999999997,4,2,2,422,New Customers
12982.0,239,2,377.2,1,2,2,122,Lost Customers
12984.0,18,1,97.5,4,1,1,411,New Customers
12985.0,0,3,1215.6200000000001,5,3,4,534,Loyal Customers
12987.0,73,3,545.0,2,3,3,233,Needs Attention
12988.0,291,1,535.32,1,1,3,113,Lost Customers
12989.0,2,19,6854.51,5,5,5,555,Champions
12990.0,30,3,409.5,4,3,2,432,Loyal Customers
12991.0,22,2,503.76,4,2,3,423,New Customers
12993.0,22,4,414.76,4,4,2,442,Loyal Customers
12994.0,3,5,902.22,5,4,3,543,Loyal Customers
12995.0,77,2,200.72,2,2,1,221,Lost Customers
12997.0,21,7,1197.94,4,5,4,454,Champions
12999.0,195,3,455.88,1,3,2,132,Needs Attention
13000.0,106,3,534.85,2,3,3,233,Needs Attention
13001.0,3,15,9797.92,5,5,5,555,Champions
13002.0,317,1,120.94999999999999,1,1,1,111,Lost Customers
13003.0,105,3,149.05,2,3,1,231,Needs Attention
13004.0,11,22,5613.43,4,5,5,455,Champions
13005.0,173,3,468.95,2,3,3,233,Needs Attention
13006.0,55,1,81.57,3,1,1,311,New Customers
13008.0,322,2,178.46999999999997,1,2,1,121,Lost Customers
13011.0,371,1,50.550000000000004,1,1,1,111,Lost Customers
13012.0,8,10,1316.72,5,5,4,554,Champions
13013.0,0,15,4786.99,5,5,5,555,Champions
13014.0,2,16,3365.43,5,5,5,555,Champions
13015.0,52,5,3346.28,3,4,5,345,Needs Attention
13016.0,72,3,789.89,2,3,3,233,Needs Attention
13017.0,6,1,204.0,5,1,1,511,New Customers
13018.0,15,29,7272.75,4,5,5,455,Champions
13021.0,3,12,2584.4,5,5,5,555,Champions
13023.0,63,2,599.9,3,2,3,323,New Customers
13026.0,0,7,943.77,5,5,4,554,Champions
13027.0,113,6,6912.0,2,4,5,245,At Risk
13028.0,22,3,659.68,4,3,3,433,Loyal Customers
13029.0,30,3,1247.5,4,3,4,434,Loyal Customers
13030.0,10,2,799.48,5,2,3,523,New Customers
13032.0,38,3,996.52,3,3,4,334,Needs Attention
13033.0,356,1,190.55,1,1,1,111,Lost Customers
13034.0,54,2,642.77,3,2,3,323,New Customers
13035.0,57,3,886.63,3,3,3,333,Needs Attention
13037.0,137,3,881.07,2,3,3,233,Needs Attention
13038.0,79,3,908.46,2,3,4,234,High Value At Risk
13040.0,8,2,676.99,5,2,3,523,New Customers
13043.0,253,2,471.57,1,2,3,123,Lost Customers
13044.0,290,1,560.47,1,1,3,113,Lost Customers
13045.0,98,1,305.28000000000003,2,1,2,212,Lost Customers
13046.0,30,2,629.31,4,2,3,423,New Customers
13047.0,45,16,3089.1,3,5,5,355,Needs Attention
13048.0,13,5,1805.91,4,4,4,444,Champions
13049.0,63,2,656.6800000000001,3,2,3,323,New Customers
13050.0,8,28,5680.86,5,5,5,555,Champions
13052.0,211,1,348.15000000000003,1,1,2,112,Lost Customers
13055.0,63,4,1201.96,3,4,4,344,Needs Attention
13058.0,24,3,271.40000000000003,4,3,2,432,Loyal Customers
13059.0,249,1,183.4,1,1,1,111,Lost Customers
13060.0,253,1,307.53,1,1,2,112,Lost Customers
13061.0,71,1,248.61,2,1,2,212,Lost Customers
13062.0,190,1,346.98,1,1,2,112,Lost Customers
13064.0,12,4,1119.49,4,4,4,444,Champions
13065.0,372,1,205.86,1,1,1,111,Lost Customers
13066.0,23,3,430.9,4,3,2,432,Loyal Customers
13067.0,81,1,115.46000000000001,2,1,1,211,Lost Customers
13068.0,9,2,344.0,5,2,2,522,New Customers
13069.0,0,27,3717.82,5,5,5,555,Champions
13070.0,191,1,228.8,1,1,1,111,Lost Customers
13072.0,266,1,177.15,1,1,1,111,Lost Customers
13075.0,129,1,919.61,2,1,4,214,High Value At Risk
13077.0,0,4,729.27,5,4,3,543,Loyal Customers
13078.0,0,43,12432.28,5,5,5,555,Champions
13079.0,3,5,220.10000000000002,5,4,1,541,Loyal Customers
13080.0,178,1,58.08,2,1,1,211,Lost Customers
13081.0,0,20,27972.08,5,5,5,555,Champions
13082.0,125,10,3595.48,2,5,5,255,At Risk
13083.0,3,2,303.75,5,2,2,522,New Customers
13085.0,157,3,272.38,2,3,2,232,Needs Attention
13089.0,2,118,57385.88,5,5,5,555,Champions
13090.0,8,17,8674.39,5,5,5,555,Champions
13091.0,20,2,319.82,4,2,2,422,New Customers
13092.0,70,6,459.83,3,4,2,342,Needs Attention
13093.0,266,13,7741.47,1,5,5,155,At Risk
13094.0,20,16,1708.8600000000001,4,5,4,454,Champions
13095.0,70,1,74.39999999999999,3,1,1,311,New Customers
13097.0,32,14,5908.27,3,5,5,355,Needs Attention
13098.0,0,41,28658.88,5,5,5,555,Champions
13099.0,98,1,207.35999999999999,2,1,1,211,Lost Customers
13101.0,233,1,101.19,1,1,1,111,Lost Customers
13102.0,0,27,6336.29,5,5,5,555,Champions
13103.0,39,1,243.94,3,1,2,312,New Customers
13104.0,2,6,1098.48,5,4,4,544,Champions
13106.0,128,2,59.5,2,2,1,221,Lost Customers
13107.0,43,5,1524.07,3,4,4,344,Needs Attention
13108.0,372,1,350.06,1,1,2,112,Lost Customers
13109.0,2,5,766.84,5,4,3,543,Loyal Customers
13110.0,30,8,1452.8700000000001,4,5,4,454,Champions
13113.0,0,39,10523.65,5,5,5,555,Champions
13115.0,8,14,2205.63,5,5,5,555,Champions
13116.0,116,2,485.19,2,2,3,223,Lost Customers
13117.0,21,8,984.91,4,5,4,454,Champions
13118.0,19,7,1125.0,4,5,4,454,Champions
13120.0,238,1,30.599999999999998,1,1,1,111,Lost Customers
13121.0,268,2,254.73,1,2,2,122,Lost Customers
13122.0,93,2,922.39,2,2,4,224,High Value At Risk
13124.0,89,3,3866.33,2,3,5,235,High Value At Risk
13126.0,4,10,2056.29,5,5,5,555,Champions
13127.0,77,1,259.17,2,1,2,212,Lost Customers
13130.0,93,1,64.0,2,1,1,211,Lost Customers
13131.0,22,4,1039.3,4,4,4,444,Champions
13132.0,261,1,77.3,1,1,1,111,Lost Customers
13133.0,273,2,109.8,1,2,1,121,Lost Customers
13134.0,72,7,1740.63,2,5,4,254,At Risk
13135.0,196,1,3096.0,1,1,5,115,High Value At Risk
13136.0,49,11,2545.38,3,5,5,355,Needs Attention
13137.0,10,8,3650.41,5,5,5,555,Champions
13138.0,21,6,962.39,4,4,4,444,Champions
13139.0,15,8,5055.79,4,5,5,455,Champions
13140.0,107,3,423.72,2,3,2,232,Needs Attention
13141.0,84,6,2385.8,2,4,5,245,At Risk
13142.0,18,1,307.09,4,1,2,412,New Customers
13144.0,332,1,110.95,1,1,1,111,Lost Customers
13145.0,39,5,614.77,3,4,3,343,Needs Attention
13146.0,25,1,228.91,4,1,1,411,New Customers
13147.0,9,4,712.8000000000001,5,4,3,543,Loyal Customers
13148.0,28,17,3348.48,4,5,5,455,Champions
13149.0,13,4,1676.06,4,4,4,444,Champions
13151.0,202,2,1250.3700000000001,1,2,4,124,High Value At Risk
13153.0,5,1,486.22,5,1,3,513,New Customers
13155.0,32,4,971.76,3,4,4,344,Needs Attention
13157.0,48,5,1721.57,3,4,4,344,Needs Attention
13158.0,94,4,1201.06,2,4,4,244,At Risk
13159.0,8,5,1379.75,5,4,4,544,Champions
13160.0,21,1,91.8,4,1,1,411,New Customers
13161.0,312,1,112.75,1,1,1,111,Lost Customers
13162.0,121,5,1644.99,2,4,4,244,At Risk
13165.0,45,2,1021.48,3,2,4,324,New Customers
13166.0,281,2,414.7,1,2,2,122,Lost Customers
13167.0,18,4,779.33,4,4,3,443,Loyal Customers
13168.0,35,5,1310.14,3,4,4,344,Needs Attention
13169.0,63,2,712.88,3,2,3,323,New Customers
13170.0,26,1,116.00999999999999,4,1,1,411,New Customers
13171.0,7,5,426.81,5,4,2,542,Loyal Customers
13173.0,3,2,353.65,5,2,2,522,New Customers
13174.0,15,3,2813.03,4,3,5,435,Loyal Customers
13176.0,45,1,492.84,3,1,3,313,New Customers
13177.0,64,1,282.45,3,1,2,312,New Customers
13178.0,25,11,5725.47,4,5,5,455,Champions
13182.0,44,1,121.18,3,1,1,311,New Customers
13183.0,7,9,3957.78,5,5,5,555,Champions
13184.0,14,12,1647.79,4,5,4,454,Champions
13185.0,267,1,71.4,1,1,1,111,Lost Customers
13186.0,39,5,1539.69,3,4,4,344,Needs Attention
13187.0,336,1,236.02,1,1,1,111,Lost Customers
13188.0,10,1,114.60000000000001,5,1,1,511,New Customers
13189.0,18,2,260.68,4,2,2,422,New Customers
13192.0,94,2,911.94,2,2,4,224,High Value At Risk
13193.0,60,1,117.88,3,1,1,311,New Customers
13194.0,135,1,60.7,2,1,1,211,Lost Customers
13196.0,10,4,1797.78,5,4,4,544,Champions
13198.0,9,8,3384.09,5,5,5,555,Champions
13199.0,3,38,9788.96,5,5,5,555,Champions
13200.0,18,4,870.09,4,4,3,443,Loyal Customers
13203.0,9,4,869.46,5,4,3,543,Loyal Customers
13207.0,14,2,250.26000000000002,4,2,2,422,New Customers
13208.0,58,5,1199.42,3,4,4,344,Needs Attention
13209.0,29,11,5820.16,4,5,5,455,Champions
13210.0,93,1,353.48,2,1,2,212,Lost Customers
13211.0,9,3,1197.42,5,3,4,534,Loyal Customers
13212.0,8,4,780.58,5,4,3,543,Loyal Customers
13213.0,56,6,1518.43,3,4,4,344,Needs Attention
13216.0,267,1,333.74,1,1,2,112,Lost Customers
13217.0,121,5,133.62,2,4,1,241,At Risk
13218.0,126,1,62.63999999999999,2,1,1,211,Lost Customers
13220.0,77,4,819.2900000000001,2,4,3,243,At Risk
13221.0,239,2,844.86,1,2,3,123,Lost Customers
13223.0,199,2,163.20000000000002,1,2,1,121,Lost Customers
13224.0,59,3,2147.85,3,3,5,335,Needs Attention
13225.0,2,8,6083.04,5,5,5,555,Champions
13226.0,272,1,108.21000000000001,1,1,1,111,Lost Customers
13227.0,201,1,257.7,1,1,2,112,Lost Customers
13228.0,80,1,358.0,2,1,2,212,Lost Customers
13229.0,225,1,160.95,1,1,1,111,Lost Customers
13230.0,3,15,2763.41,5,5,5,555,Champions
13232.0,12,7,1357.0,4,5,4,454,Champions
13233.0,73,2,605.12,2,2,3,223,Lost Customers
13235.0,211,1,1031.07,1,1,4,114,High Value At Risk
13236.0,24,3,727.27,4,3,3,433,Loyal Customers
13238.0,10,5,680.83,5,4,3,543,Loyal Customers
13239.0,261,1,329.56,1,1,2,112,Lost Customers
13240.0,95,4,648.7,2,4,3,243,At Risk
13242.0,111,3,270.40000000000003,2,3,2,232,Needs Attention
13243.0,202,1,600.07,1,1,3,113,Lost Customers
13244.0,92,1,121.74000000000001,2,1,1,211,Lost Customers
13245.0,50,1,430.5,3,1,2,312,New Customers
13246.0,17,7,1922.1,4,5,4,454,Champions
13247.0,17,4,501.12,4,4,3,443,Loyal Customers
13248.0,124,2,465.68,2,2,3,223,Lost Customers
13249.0,91,3,711.41,2,3,3,233,Needs Attention
13253.0,156,2,1030.4,2,2,4,224,High Value At Risk
13255.0,3,3,390.66,5,3,2,532,Loyal Customers
13258.0,11,3,698.58,4,3,3,433,Loyal Customers
13259.0,61,1,292.32,3,1,2,312,New Customers
13260.0,60,1,557.62,3,1,3,313,New Customers
13261.0,268,2,944.1,1,2,4,124,High Value At Risk
13262.0,262,1,200.29,1,1,1,111,Lost Customers
13263.0,0,35,7443.85,5,5,5,555,Champions
13265.0,52,5,2107.66,3,4,5,345,Needs Attention
13266.0,10,19,3717.67,5,5,5,555,Champions
13267.0,2,27,4404.44,5,5,5,555,Champions
13268.0,17,14,3145.6,4,5,5,455,Champions
13269.0,0,17,5315.92,5,5,5,555,Champions
13270.0,365,1,590.0,1,1,3,113,Lost Customers
13271.0,36,2,178.26,3,2,1,321,New Customers
13272.0,30,2,276.56,4,2,2,422,New Customers
13273.0,112,1,138.98,2,1,1,211,Lost Customers
13276.0,63,2,590.9300000000001,3,2,3,323,New Customers
13277.0,15,4,258.4,4,4,2,442,Loyal Customers
13278.0,40,1,542.73,3,1,3,313,New Customers
13279.0,63,2,126.30000000000001,3,2,1,321,New Customers
13280.0,121,3,814.86,2,3,3,233,Needs Attention
13282.0,17,6,1047.8400000000001,4,4,4,444,Champions
13283.0,59,2,93.66,3,2,1,321,New Customers
13284.0,322,2,196.15,1,2,1,121,Lost Customers
13285.0,22,4,2709.12,4,4,5,445,Champions
13291.0,155,1,361.11,2,1,2,212,Lost Customers
13292.0,38,2,578.9399999999999,3,2,3,323,New Customers
13294.0,189,2,873.74,1,2,3,123,Lost Customers
13295.0,359,2,197.95000000000002,1,2,1,121,Lost Customers
13296.0,136,1,87.4,2,1,1,211,Lost Customers
13297.0,7,4,2089.85,5,4,5,545,Champions
13298.0,0,1,360.0,5,1,2,512,New Customers
13299.0,267,1,142.5,1,1,1,111,Lost Customers
13300.0,164,2,365.29,2,2,2,222,Lost Customers
13301.0,103,4,600.19,2,4,3,243,At Risk
13302.0,154,1,63.75,2,1,1,211,Lost Customers
13304.0,350,1,300.42,1,1,2,112,Lost Customers
13305.0,3,10,2000.86,5,5,5,555,Champions
13307.0,119,1,15.0,2,1,1,211,Lost Customers
13308.0,22,4,1367.6100000000001,4,4,4,444,Champions
13309.0,6,5,1456.79,5,4,4,544,Champions
13310.0,8,6,1083.63,5,4,4,544,Champions
13311.0,3,2,598.57,5,2,3,523,New Customers
13313.0,21,5,1555.32,4,4,4,444,Champions
13314.0,1,4,578.66,5,4,3,543,Loyal Customers
13316.0,36,4,5977.7300000000005,3,4,5,345,Needs Attention
13317.0,63,9,2140.07,3,5,5,355,Needs Attention
13318.0,0,3,640.76,5,3,3,533,Loyal Customers
13319.0,4,36,10664.34,5,5,5,555,Champions
13320.0,69,6,1491.7,3,4,4,344,Needs Attention
13321.0,71,2,567.36,2,2,3,223,Lost Customers
13322.0,16,1,199.48000000000002,4,1,1,411,New Customers
13323.0,2,5,787.85,5,4,3,543,Loyal Customers
13324.0,31,12,7072.8,4,5,5,455,Champions
13325.0,81,1,675.3,2,1,3,213,Lost Customers
13327.0,38,9,3617.57,3,5,5,355,Needs Attention
13328.0,315,1,1308.48,1,1,4,114,High Value At Risk
13329.0,31,4,740.4,4,4,3,443,Loyal Customers
13330.0,92,3,1140.93,2,3,4,234,High Value At Risk
13332.0,13,1,350.9,4,1,2,412,New Customers
13334.0,81,3,3536.82,2,3,5,235,High Value At Risk
13336.0,76,1,795.12,2,1,3,213,Lost Customers
13338.0,153,3,431.82,2,3,2,232,Needs Attention
13339.0,200,1,860.12,1,1,3,113,Lost Customers
13340.0,44,7,10736.48,3,5,5,355,Needs Attention
13341.0,260,1,775.85,1,1,3,113,Lost Customers
13343.0,172,2,303.93,2,2,2,222,Lost Customers
13344.0,67,3,2543.72,3,3,5,335,Needs Attention
13345.0,276,2,377.6,1,2,2,122,Lost Customers
13347.0,69,1,341.36,3,1,2,312,New Customers
13348.0,63,1,233.76,3,1,1,311,New Customers
13349.0,10,1,247.32,5,1,2,512,New Customers
13350.0,15,3,910.72,4,3,4,434,Loyal Customers
13351.0,65,1,373.94,3,1,2,312,New Customers
13352.0,7,2,389.28,5,2,2,522,New Customers
13354.0,70,1,743.53,3,1,3,313,New Customers
13355.0,121,1,674.7,2,1,3,213,Lost Customers
13356.0,79,1,768.24,2,1,3,213,Lost Customers
13357.0,256,1,609.95,1,1,3,113,Lost Customers
13358.0,268,1,439.03,1,1,2,112,Lost Customers
13359.0,58,2,431.26,3,2,2,322,New Customers
13362.0,2,5,3085.4900000000002,5,4,5,545,Champions
13363.0,17,2,992.5,4,2,4,424,Potential Loyalists
13364.0,66,2,0.0,3,2,1,321,New Customers
13365.0,8,3,2191.22,5,3,5,535,Loyal Customers
13366.0,49,1,56.160000000000004,3,1,1,311,New Customers
13368.0,256,2,623.4,1,2,3,123,Lost Customers
13369.0,353,2,263.75,1,2,2,122,Lost Customers
13370.0,365,2,721.32,1,2,3,123,Lost Customers
13372.0,89,1,378.64,2,1,2,212,Lost Customers
13373.0,60,3,3312.25,3,3,5,335,Needs Attention
13375.0,80,2,772.9,2,2,3,223,Lost Customers
13376.0,98,3,1019.76,2,3,4,234,High Value At Risk
13379.0,25,3,572.56,4,3,3,433,Loyal Customers
13381.0,20,7,3626.81,4,5,5,455,Champions
13382.0,280,1,222.99,1,1,1,111,Lost Customers
13384.0,30,9,4122.28,4,5,5,455,Champions
13385.0,329,1,534.57,1,1,3,113,Lost Customers
13388.0,120,3,627.15,2,3,3,233,Needs Attention
13389.0,10,3,797.96,5,3,3,533,Loyal Customers
13390.0,74,1,544.08,2,1,3,213,Lost Customers
13391.0,203,1,59.8,1,1,1,111,Lost Customers
13394.0,1,9,2318.3,5,5,5,555,Champions
13395.0,184,1,307.72,1,1,2,112,Lost Customers
13396.0,21,4,1325.29,4,4,4,444,Champions
13397.0,72,6,1539.18,2,4,4,244,At Risk
13398.0,191,1,457.34,1,1,2,112,Lost Customers
13402.0,126,2,621.23,2,2,3,223,Lost Customers
13403.0,17,1,75.0,4,1,1,411,New Customers
13404.0,0,2,252.49,5,2,2,522,New Customers
13405.0,73,3,572.451,2,3,3,233,Needs Attention
13408.0,1,75,27888.38,5,5,5,555,Champions
13410.0,8,7,988.91,5,5,4,554,Champions
13411.0,106,1,213.55,2,1,1,211,Lost Customers
13414.0,133,3,1390.5,2,3,4,234,High Value At Risk
13416.0,43,2,712.5,3,2,3,323,New Customers
13417.0,4,2,640.83,5,2,3,523,New Customers
13418.0,11,23,5845.44,4,5,5,455,Champions
13419.0,63,1,221.06,3,1,1,311,New Customers
13420.0,134,4,140.35,2,4,1,241,At Risk
13421.0,39,3,1838.48,3,3,4,334,Needs Attention
13422.0,50,2,2601.55,3,2,5,325,New Customers
13425.0,107,3,1624.21,2,3,4,234,High Value At Risk
13426.0,0,11,3558.32,5,5,5,555,Champions
13427.0,18,3,582.6,4,3,3,433,Loyal Customers
13428.0,9,1,218.47,5,1,1,511,New Customers
13429.0,10,4,1006.8,5,4,4,544,Champions
13430.0,18,4,652.07,4,4,3,443,Loyal Customers
13431.0,66,2,1269.1,3,2,4,324,New Customers
13434.0,73,2,534.24,2,2,3,223,Lost Customers
13435.0,4,9,3794.4900000000002,5,5,5,555,Champions
13436.0,1,1,196.89,5,1,1,511,New Customers
13437.0,13,7,3408.06,4,5,5,455,Champions
13439.0,254,1,283.71,1,1,2,112,Lost Customers
13441.0,91,1,296.64,2,1,2,212,Lost Customers
13447.0,22,4,1104.23,4,4,4,444,Champions
13448.0,16,10,3465.67,4,5,5,455,Champions
13449.0,23,1,291.88,4,1,2,412,New Customers
13450.0,26,6,2043.7199999999998,4,4,5,445,Champions
13451.0,25,6,2916.45,4,4,5,445,Champions
13452.0,258,2,590.0,1,2,3,123,Lost Customers
13453.0,165,2,356.97999999999996,2,2,2,222,Lost Customers
13455.0,24,4,1007.35,4,4,4,444,Champions
13456.0,17,7,1737.8200000000002,4,5,4,454,Champions
13458.0,6,22,9537.92,5,5,5,555,Champions
13460.0,28,2,183.44,4,2,1,421,New Customers
13461.0,38,3,1445.0,3,3,4,334,Needs Attention
13462.0,182,2,143.25,1,2,1,121,Lost Customers
13464.0,57,1,674.68,3,1,3,313,New Customers
13466.0,99,2,297.95,2,2,2,222,Lost Customers
13467.0,10,2,1083.71,5,2,4,524,Potential Loyalists
13468.0,1,41,5656.75,5,5,5,555,Champions
13470.0,98,2,165.0,2,2,1,221,Lost Customers
13471.0,0,4,2531.58,5,4,5,545,Champions
13473.0,60,3,417.54,3,3,2,332,Needs Attention
13474.0,235,1,229.59,1,1,1,111,Lost Customers
13475.0,190,4,1431.78,1,4,4,144,At Risk
13476.0,178,4,1092.77,2,4,4,244,At Risk
13477.0,37,8,1441.53,3,5,4,354,Needs Attention
13479.0,197,3,291.0,1,3,2,132,Needs Attention
13481.0,45,8,1776.81,3,5,4,354,Needs Attention
13482.0,231,1,184.64,1,1,1,111,Lost Customers
13483.0,65,1,140.34,3,1,1,311,New Customers
13484.0,240,1,313.8,1,1,2,112,Lost Customers
13485.0,232,1,454.24,1,1,2,112,Lost Customers
13486.0,77,3,1122.41,2,3,4,234,High Value At Risk
13487.0,57,3,575.4,3,3,3,333,Needs Attention
13488.0,16,17,8910.61,4,5,5,455,Champions
13489.0,104,4,449.52,2,4,2,242,At Risk
13491.0,51,10,1215.82,3,5,4,354,Needs Attention
13492.0,135,3,1269.84,2,3,4,234,High Value At Risk
13493.0,274,2,498.63,1,2,3,123,Lost Customers
13494.0,311,1,316.26000000000005,1,1,2,112,Lost Customers
13495.0,7,6,1990.1200000000001,5,4,4,544,Champions
13496.0,10,3,617.93,5,3,3,533,Loyal Customers
13497.0,282,3,321.05,1,3,2,132,Needs Attention
13499.0,17,7,1146.96,4,5,4,454,Champions
13500.0,22,4,1136.77,4,4,4,444,Champions
13501.0,242,2,1310.47,1,2,4,124,High Value At Risk
13502.0,16,3,292.0,4,3,2,432,Loyal Customers
13503.0,70,1,216.85,3,1,1,311,New Customers
13504.0,63,1,295.93,3,1,2,312,New Customers
13505.0,67,8,3522.88,3,5,5,355,Needs Attention
13506.0,311,3,452.82,1,3,2,132,Needs Attention
13507.0,2,4,2479.16,5,4,5,545,Champions
13508.0,243,1,110.97,1,1,1,111,Lost Customers
13509.0,8,6,964.72,5,4,4,544,Champions
13510.0,0,5,1785.16,5,4,4,544,Champions
13512.0,260,1,251.21,1,1,2,112,Lost Customers
13513.0,126,1,205.1,2,1,1,211,Lost Customers
13514.0,73,1,152.20000000000002,2,1,1,211,Lost Customers
13515.0,72,4,891.12,2,4,3,243,At Risk
13516.0,20,3,1389.41,4,3,4,434,Loyal Customers
13517.0,59,5,2109.07,3,4,5,345,Needs Attention
13518.0,85,1,659.4399999999999,2,1,3,213,Lost Customers
13519.0,49,2,110.80000000000001,3,2,1,321,New Customers
13520.0,58,7,2967.75,3,5,5,355,Needs Attention
13521.0,0,3,1092.39,5,3,4,534,Loyal Customers
13522.0,29,1,125.80000000000001,4,1,1,411,New Customers
13523.0,32,6,3755.38,3,4,5,345,Needs Attention
13524.0,40,5,680.1800000000001,3,4,3,343,Needs Attention
13525.0,14,2,628.78,4,2,3,423,New Customers
13527.0,33,8,2263.76,3,5,5,355,Needs Attention
13529.0,78,2,307.76,2,2,2,222,Lost Customers
13531.0,204,2,483.8,1,2,3,123,Lost Customers
13532.0,33,1,210.31,3,1,1,311,New Customers
13533.0,182,3,270.79,1,3,2,132,Needs Attention
13534.0,1,43,5613.08,5,5,5,555,Champions
13536.0,0,7,3448.29,5,5,5,555,Champions
13538.0,42,7,1280.85,3,5,4,354,Needs Attention
13539.0,85,4,605.84,2,4,3,243,At Risk
13544.0,39,2,291.41,3,2,2,322,New Customers
13546.0,11,3,626.99,4,3,3,433,Loyal Customers
13548.0,95,2,682.41,2,2,3,223,Lost Customers
13549.0,25,8,916.12,4,5,4,454,Champions
13551.0,318,1,91.80000000000001,1,1,1,111,Lost Customers
13552.0,65,16,3539.53,3,5,5,355,Needs Attention
13555.0,73,4,4149.28,2,4,5,245,At Risk
13557.0,27,2,584.06,4,2,3,423,New Customers
13558.0,5,4,605.06,5,4,3,543,Loyal Customers
13560.0,6,1,174.37,5,1,1,511,New Customers
13561.0,215,1,141.85999999999999,1,1,1,111,Lost Customers
13562.0,81,3,1799.33,2,3,4,234,High Value At Risk
13563.0,83,2,777.53,2,2,3,223,Lost Customers
13564.0,353,2,1198.38,1,2,4,124,High Value At Risk
13565.0,18,2,240.22,4,2,2,422,New Customers
13566.0,40,2,874.71,3,2,3,323,New Customers
13568.0,172,1,192.85,2,1,1,211,Lost Customers
13569.0,16,2,372.25,4,2,2,422,New Customers
13570.0,242,1,239.49,1,1,2,112,Lost Customers
13571.0,12,12,2092.32,4,5,5,455,Champions
13572.0,205,1,1384.25,1,1,4,114,High Value At Risk
13573.0,49,2,294.4,3,2,2,322,New Customers
13575.0,22,5,732.0699999999999,4,4,3,443,Loyal Customers
13576.0,9,20,6703.3,5,5,5,555,Champions
13577.0,24,5,1658.3,4,4,4,444,Champions
13579.0,14,2,467.04,4,2,3,423,New Customers
13581.0,308,1,118.0,1,1,1,111,Lost Customers
13583.0,155,1,781.03,2,1,3,213,Lost Customers
13584.0,306,1,142.4,1,1,1,111,Lost Customers
13587.0,31,3,347.0,4,3,2,432,Loyal Customers
13588.0,15,12,2449.5299999999997,4,5,5,455,Champions
13589.0,14,2,379.65,4,2,2,422,New Customers
13590.0,10,7,1976.12,5,5,4,554,Champions
13591.0,64,3,1117.13,3,3,4,334,Needs Attention
13592.0,35,4,247.95999999999998,3,4,2,342,Needs Attention
13593.0,107,6,1990.28,2,4,4,244,At Risk
13594.0,52,1,396.97,3,1,2,312,New Customers
13596.0,5,2,697.04,5,2,3,523,New Customers
13598.0,46,2,167.42000000000002,3,2,1,321,New Customers
13599.0,0,33,5032.32,5,5,5,555,Champions
13600.0,311,1,219.52,1,1,1,111,Lost Customers
13601.0,44,2,693.32,3,2,3,323,New Customers
13602.0,64,1,428.89,3,1,2,312,New Customers
13603.0,25,1,164.34,4,1,1,411,New Customers
13606.0,28,3,280.53999999999996,4,3,2,432,Loyal Customers
13607.0,39,1,678.01,3,1,3,313,New Customers
13610.0,11,9,1115.43,4,5,4,454,Champions
13611.0,88,4,1158.2,2,4,4,244,At Risk
13614.0,23,4,1610.46,4,4,4,444,Champions
13615.0,312,2,399.99,1,2,2,122,Lost Customers
13617.0,39,3,544.18,3,3,3,333,Needs Attention
13618.0,173,1,177.34,2,1,1,211,Lost Customers
13621.0,116,1,213.85,2,1,1,211,Lost Customers
13623.0,30,7,716.24,4,5,3,453,Loyal Customers
13626.0,252,1,257.23,1,1,2,112,Lost Customers
13627.0,58,7,1624.02,3,5,4,354,Needs Attention
13629.0,22,11,7792.36,4,5,5,455,Champions
13630.0,4,11,1995.68,5,5,5,555,Champions
13631.0,99,12,3021.77,2,5,5,255,At Risk
13632.0,24,6,2117.02,4,4,5,445,Champions
13634.0,32,5,1575.16,3,4,4,344,Needs Attention
13635.0,67,1,1071.03,3,1,4,314,New Customers
13636.0,36,6,941.62,3,4,4,344,Needs Attention
13637.0,51,3,809.25,3,3,3,333,Needs Attention
13638.0,15,1,122.64,4,1,1,411,New Customers
13639.0,73,1,1033.34,2,1,4,214,High Value At Risk
13642.0,215,1,354.8,1,1,2,112,Lost Customers
13643.0,30,3,519.44,4,3,3,433,Loyal Customers
13644.0,8,5,2597.52,5,4,5,545,Champions
13645.0,119,1,252.1,2,1,2,212,Lost Customers
13647.0,9,5,1670.22,5,4,4,544,Champions
13649.0,256,2,346.6,1,2,2,122,Lost Customers
13650.0,16,7,1809.34,4,5,4,454,Champions
13651.0,34,2,94.2,3,2,1,321,New Customers
13652.0,45,3,1095.08,3,3,4,334,Needs Attention
13654.0,42,6,2707.33,3,4,5,345,Needs Attention
13655.0,113,2,932.97,2,2,4,224,High Value At Risk
13656.0,164,2,379.65,2,2,2,222,Lost Customers
13657.0,10,2,382.14,5,2,2,522,New Customers
13658.0,9,7,2421.47,5,5,5,555,Champions
13659.0,196,3,1550.85,1,3,4,134,High Value At Risk
13662.0,85,7,879.08,2,5,3,253,At Risk
13663.0,178,1,189.47,2,1,1,211,Lost Customers
13666.0,59,3,84.65,3,3,1,331,Needs Attention
13667.0,148,1,305.02,2,1,2,212,Lost Customers
13668.0,2,29,6216.07,5,5,5,555,Champions
13669.0,50,2,218.55,3,2,1,321,New Customers
13670.0,74,1,349.7,2,1,2,212,Lost Customers
13672.0,300,5,0.0,1,4,1,141,At Risk
13673.0,18,2,396.92,4,2,2,422,New Customers
13675.0,150,2,486.82000000000005,2,2,3,223,Lost Customers
13678.0,151,1,232.6,2,1,1,211,Lost Customers
13680.0,0,5,2202.31,5,4,5,545,Champions
13681.0,17,4,827.83,4,4,3,443,Loyal Customers
13682.0,186,1,59.5,1,1,1,111,Lost Customers
13684.0,285,2,64.23,1,2,1,121,Lost Customers
13685.0,2,7,3119.44,5,5,5,555,Champions
13686.0,182,1,72.0,1,1,1,111,Lost Customers
13689.0,62,1,910.0,3,1,4,314,New Customers
13690.0,58,1,172.25,3,1,1,311,New Customers
13692.0,24,4,1473.3700000000001,4,4,4,444,Champions
13693.0,324,2,-32.0,1,2,1,121,Lost Customers
13694.0,3,57,62924.1,5,5,5,555,Champions
13695.0,30,15,2504.13,4,5,5,455,Champions
13697.0,38,1,151.29999999999998,3,1,1,311,New Customers
13699.0,154,1,308.58000000000004,2,1,2,212,Lost Customers
13700.0,25,10,2265.12,4,5,5,455,Champions
13703.0,317,1,99.5,1,1,1,111,Lost Customers
13704.0,4,10,2295.31,5,5,5,555,Champions
13705.0,7,3,711.86,5,3,3,533,Loyal Customers
13706.0,302,1,330.79,1,1,2,112,Lost Customers
13707.0,266,2,806.41,1,2,3,123,Lost Customers
13708.0,270,1,294.88,1,1,2,112,Lost Customers
13709.0,3,17,6249.110000000001,5,5,5,555,Champions
13710.0,31,1,180.48,4,1,1,411,New Customers
13711.0,218,2,252.06,1,2,2,122,Lost Customers
13712.0,246,1,228.84,1,1,1,111,Lost Customers
13715.0,280,8,1053.94,1,5,4,154,At Risk
13716.0,268,1,138.28,1,1,1,111,Lost Customers
13717.0,31,7,1432.26,4,5,4,454,Champions
13718.0,245,2,306.55,1,2,2,122,Lost Customers
13719.0,14,5,1041.68,4,4,4,444,Champions
13720.0,116,4,799.9,2,4,3,243,At Risk
13721.0,35,1,524.14,3,1,3,313,New Customers
13722.0,119,4,2369.16,2,4,5,245,At Risk
13723.0,216,1,199.85000000000002,1,1,1,111,Lost Customers
13725.0,49,11,1809.81,3,5,4,354,Needs Attention
13726.0,38,2,1079.6599999999999,3,2,4,324,New Customers
13727.0,28,2,333.48,4,2,2,422,New Customers
13728.0,36,6,1016.14,3,4,4,344,Needs Attention
13730.0,135,2,752.6,2,2,3,223,Lost Customers
13731.0,218,2,610.59,1,2,3,123,Lost Customers
13732.0,27,1,491.86,4,1,3,413,New Customers
13735.0,24,8,2766.18,4,5,5,455,Champions
13736.0,4,3,724.0,5,3,3,533,Loyal Customers
13737.0,199,1,339.59999999999997,1,1,2,112,Lost Customers
13739.0,17,1,216.9,4,1,1,411,New Customers
13740.0,240,1,350.75,1,1,2,112,Lost Customers
13741.0,71,4,666.33,2,4,3,243,At Risk
13742.0,16,14,3102.42,4,5,5,455,Champions
13743.0,2,8,1340.1499999999999,5,5,4,554,Champions
13744.0,94,2,1156.36,2,2,4,224,High Value At Risk
13745.0,150,2,291.54,2,2,2,222,Lost Customers
13747.0,373,1,79.6,1,1,1,111,Lost Customers
13748.0,95,5,948.25,2,4,4,244,At Risk
13750.0,53,5,1647.26,3,4,4,344,Needs Attention
13751.0,287,1,296.25,1,1,2,112,Lost Customers
13752.0,123,6,1186.28,2,4,4,244,At Risk
13753.0,287,1,741.26,1,1,3,113,Lost Customers
13754.0,151,2,282.59999999999997,2,2,2,222,Lost Customers
13755.0,3,10,2154.68,5,5,5,555,Champions
13756.0,1,15,5145.12,5,5,5,555,Champions
13758.0,11,7,3190.55,4,5,5,455,Champions
13759.0,32,2,659.4100000000001,3,2,3,323,New Customers
13760.0,53,2,286.79,3,2,2,322,New Customers
13761.0,49,2,1070.65,3,2,4,324,New Customers
13762.0,203,2,3.552713678800501e-15,1,2,1,121,Lost Customers
13763.0,62,3,1689.46,3,3,4,334,Needs Attention
13764.0,70,3,1518.76,3,3,4,334,Needs Attention
13767.0,1,52,16945.71,5,5,5,555,Champions
13769.0,1,16,2771.87,5,5,5,555,Champions
13771.0,63,5,2631.7,3,4,5,345,Needs Attention
13772.0,33,3,1132.13,3,3,4,334,Needs Attention
13774.0,81,1,345.0,2,1,2,212,Lost Customers
13777.0,0,40,25758.100000000002,5,5,5,555,Champions
13778.0,102,1,178.7,2,1,1,211,Lost Customers
13780.0,6,2,360.01,5,2,2,522,New Customers
13781.0,250,1,127.84,1,1,1,111,Lost Customers
13782.0,12,6,912.0,4,4,4,444,Champions
13784.0,9,11,2462.79,5,5,5,555,Champions
13786.0,366,1,230.39999999999998,1,1,1,111,Lost Customers
13787.0,75,2,309.04,2,2,2,222,Lost Customers
13790.0,3,1,348.8,5,1,2,512,New Customers
13791.0,42,3,1047.68,3,3,4,334,Needs Attention
13792.0,65,2,195.55,3,2,1,321,New Customers
13798.0,0,63,36351.42,5,5,5,555,Champions
13799.0,116,2,688.86,2,2,3,223,Lost Customers
13800.0,309,1,558.32,1,1,3,113,Lost Customers
13801.0,66,1,324.8,3,1,2,312,New Customers
13802.0,137,6,3906.27,2,4,5,245,At Risk
13803.0,254,1,277.07,1,1,2,112,Lost Customers
13804.0,30,7,2635.79,4,5,5,455,Champions
13805.0,51,2,924.6,3,2,4,324,New Customers
13806.0,63,1,256.38,3,1,2,312,New Customers
13807.0,366,1,112.6,1,1,1,111,Lost Customers
13808.0,5,5,1747.66,5,4,4,544,Champions
13809.0,304,1,155.05,1,1,1,111,Lost Customers
13810.0,28,2,827.51,4,2,3,423,New Customers
13811.0,183,2,519.75,1,2,3,123,Lost Customers
13812.0,41,3,485.0,3,3,3,333,Needs Attention
13813.0,39,5,1155.41,3,4,4,344,Needs Attention
13814.0,55,3,1562.12,3,3,4,334,Needs Attention
13815.0,21,5,3654.91,4,4,5,445,Champions
13816.0,23,4,483.04,4,4,3,443,Loyal Customers
13817.0,28,2,328.98,4,2,2,422,New Customers
13819.0,301,3,1140.35,1,3,4,134,High Value At Risk
13821.0,144,2,385.64,2,2,2,222,Lost Customers
13822.0,5,2,632.0,5,2,3,523,New Customers
13823.0,18,2,957.66,4,2,4,424,Potential Loyalists
13824.0,32,5,1698.94,3,4,4,344,Needs Attention
13826.0,157,2,179.55,2,2,1,221,Lost Customers
13827.0,57,3,412.05,3,3,2,332,Needs Attention
13828.0,21,1,209.49,4,1,1,411,New Customers
13829.0,358,1,-102.0,1,1,1,111,Lost Customers
13831.0,15,6,2202.99,4,4,5,445,Champions
13832.0,17,2,40.949999999999996,4,2,1,421,New Customers
13833.0,158,1,384.8,2,1,2,212,Lost Customers
13835.0,24,4,834.57,4,4,3,443,Loyal Customers
13837.0,211,2,271.24,1,2,2,122,Lost Customers
13838.0,5,4,691.73,5,4,3,543,Loyal Customers
13841.0,252,1,85.0,1,1,1,111,Lost Customers
13842.0,58,9,3385.62,3,5,5,355,Needs Attention
13844.0,10,1,361.62,5,1,2,512,New Customers
13845.0,64,1,312.98,3,1,2,312,New Customers
13846.0,24,4,847.61,4,4,3,443,Loyal Customers
13848.0,91,3,1255.0,2,3,4,234,High Value At Risk
13849.0,51,2,1537.95,3,2,4,324,New Customers
13850.0,87,2,1586.81,2,2,4,224,High Value At Risk
13851.0,95,3,2651.46,2,3,5,235,High Value At Risk
13853.0,8,2,1056.94,5,2,4,524,Potential Loyalists
13854.0,8,29,8025.0199999999995,5,5,5,555,Champions
13856.0,168,5,363.4,2,4,2,242,At Risk
13858.0,56,1,216.17,3,1,1,311,New Customers
13859.0,325,1,201.16,1,1,1,111,Lost Customers
13860.0,0,6,1240.0,5,4,4,544,Champions
13862.0,17,10,2187.31,4,5,5,455,Champions
13863.0,244,2,299.56,1,2,2,122,Lost Customers
13865.0,57,4,501.56,3,4,3,343,Needs Attention
13866.0,73,1,145.67000000000002,2,1,1,211,Lost Customers
13867.0,30,3,1015.29,4,3,4,434,Loyal Customers
13868.0,6,2,3192.54,5,2,5,525,Potential Loyalists
13869.0,122,4,3104.95,2,4,5,245,At Risk
13870.0,1,10,2751.25,5,5,5,555,Champions
13871.0,22,14,6389.8,4,5,5,455,Champions
13873.0,119,4,381.7,2,4,2,242,At Risk
13874.0,357,1,540.45,1,1,3,113,Lost Customers
13875.0,53,5,1786.79,3,4,4,344,Needs Attention
13876.0,63,1,122.7,3,1,1,311,New Customers
13877.0,85,1,117.24,2,1,1,211,Lost Customers
13878.0,54,1,1281.53,3,1,4,314,New Customers
13880.0,20,13,3219.77,4,5,5,455,Champions
13881.0,3,22,16989.52,5,5,5,555,Champions
13882.0,2,6,1131.28,5,4,4,544,Champions
13883.0,0,9,2542.25,5,5,5,555,Champions
13884.0,6,6,781.3000000000001,5,4,3,543,Loyal Customers
13885.0,188,2,506.8,1,2,3,123,Lost Customers
13886.0,70,1,243.56,3,1,2,312,New Customers
13887.0,203,1,349.55,1,1,2,112,Lost Customers
13888.0,119,2,605.63,2,2,3,223,Lost Customers
13889.0,92,1,416.90000000000003,2,1,2,212,Lost Customers
13890.0,0,14,1860.8600000000001,5,5,4,554,Champions
13892.0,26,4,632.97,4,4,3,443,Loyal Customers
13893.0,297,1,821.1,1,1,3,113,Lost Customers
13894.0,21,5,535.97,4,4,3,443,Loyal Customers
13895.0,20,5,2588.12,4,4,5,445,Champions
13897.0,49,1,311.16,3,1,2,312,New Customers
13898.0,325,1,155.93,1,1,1,111,Lost Customers
13899.0,15,2,388.52,4,2,2,422,New Customers
13900.0,182,3,740.95,1,3,3,133,Needs Attention
13901.0,71,5,2867.2,2,4,5,245,At Risk
13904.0,36,2,332.64,3,2,2,322,New Customers
13908.0,79,5,2347.05,2,4,5,245,At Risk
13911.0,56,9,2580.91,3,5,5,355,Needs Attention
13914.0,3,3,613.95,5,3,3,533,Loyal Customers
13917.0,49,2,272.04,3,2,2,322,New Customers
13918.0,49,2,1212.8400000000001,3,2,4,324,New Customers
13919.0,52,3,314.15999999999997,3,3,2,332,Needs Attention
13922.0,351,1,172.25,1,1,1,111,Lost Customers
13923.0,53,1,351.13,3,1,2,312,New Customers
13924.0,1,11,1682.08,5,5,4,554,Champions
13925.0,35,6,616.65,3,4,3,343,Needs Attention
13926.0,22,1,223.85000000000002,4,1,1,411,New Customers
13927.0,74,1,348.99,2,1,2,212,Lost Customers
13928.0,10,4,464.57,5,4,3,543,Loyal Customers
13929.0,168,3,802.85,2,3,3,233,Needs Attention
13930.0,57,2,337.34,3,2,2,322,New Customers
13931.0,85,3,1230.93,2,3,4,234,High Value At Risk
13932.0,294,1,307.4,1,1,2,112,Lost Customers
13933.0,108,2,608.7900000000001,2,2,3,223,Lost Customers
13934.0,263,1,922.1,1,1,4,114,High Value At Risk
13936.0,170,2,361.28,2,2,2,222,Lost Customers
13937.0,168,1,158.85,2,1,1,211,Lost Customers
13938.0,34,1,71.66,3,1,1,311,New Customers
13939.0,22,4,556.75,4,4,3,443,Loyal Customers
13940.0,16,4,839.14,4,4,3,443,Loyal Customers
13941.0,21,7,4912.41,4,5,5,455,Champions
13946.0,78,3,561.5699999999999,2,3,3,233,Needs Attention
13947.0,64,1,90.6,3,1,1,311,New Customers
13948.0,360,1,102.0,1,1,1,111,Lost Customers
13949.0,2,6,2427.32,5,4,5,545,Champions
13950.0,10,5,728.56,5,4,3,543,Loyal Customers
13951.0,175,3,674.45,2,3,3,233,Needs Attention
13952.0,210,3,3246.091,1,3,5,135,High Value At Risk
13953.0,6,7,3515.68,5,5,5,555,Champions
13954.0,1,3,378.59,5,3,2,532,Loyal Customers
13955.0,153,2,322.96,2,2,2,222,Lost Customers
13956.0,4,5,1026.42,5,4,4,544,Champions
13958.0,371,1,-102.45,1,1,1,111,Lost Customers
13959.0,78,3,598.2,2,3,3,233,Needs Attention
13960.0,20,2,230.22,4,2,1,421,New Customers
13962.0,21,2,169.55,4,2,1,421,New Customers
13963.0,307,4,664.54,1,4,3,143,At Risk
13967.0,145,1,80.7,2,1,1,211,Lost Customers
13969.0,6,20,8986.69,5,5,5,555,Champions
13971.0,8,11,2702.2200000000003,5,5,5,555,Champions
13972.0,70,2,190.25,3,2,1,321,New Customers
13973.0,286,1,264.7,1,1,2,112,Lost Customers
13974.0,48,1,413.59000000000003,3,1,2,312,New Customers
13975.0,30,7,2503.23,4,5,5,455,Champions
13976.0,206,1,357.98,1,1,2,112,Lost Customers
13978.0,14,2,196.79000000000002,4,2,1,421,New Customers
13979.0,72,1,869.87,2,1,3,213,Lost Customers
13980.0,59,1,200.14,3,1,1,311,New Customers
13982.0,38,5,1861.11,3,4,4,344,Needs Attention
13983.0,29,13,2590.46,4,5,5,455,Champions
13984.0,26,6,488.03,4,4,3,443,Loyal Customers
13985.0,3,16,7024.53,5,5,5,555,Champions
13986.0,16,1,320.46,4,1,2,412,New Customers
13988.0,19,9,4098.8,4,5,5,455,Champions
13989.0,65,2,1266.08,3,2,4,324,New Customers
13990.0,212,1,311.3,1,1,2,112,Lost Customers
13991.0,11,7,849.63,4,5,3,453,Loyal Customers
13992.0,29,1,76.8,4,1,1,411,New Customers
13993.0,31,12,3409.66,4,5,5,455,Champions
13994.0,3,6,2313.14,5,4,5,545,Champions
13995.0,14,6,1383.49,4,4,4,444,Champions
13999.0,9,15,3865.26,5,5,5,555,Champions
14000.0,205,2,633.71,1,2,3,123,Lost Customers
14001.0,45,3,2043.0800000000002,3,3,5,335,Needs Attention
14002.0,133,2,529.73,2,2,3,223,Lost Customers
14004.0,42,7,4582.64,3,5,5,355,Needs Attention
14005.0,9,5,2874.72,5,4,5,545,Champions
14006.0,115,3,962.19,2,3,4,234,High Value At Risk
14009.0,197,3,685.9300000000001,1,3,3,133,Needs Attention
14012.0,277,1,328.8,1,1,2,112,Lost Customers
14013.0,109,3,473.02,2,3,3,233,Needs Attention
14014.0,76,1,505.18,2,1,3,213,Lost Customers
14015.0,52,1,917.34,3,1,4,314,New Customers
14016.0,153,5,4328.46,2,4,5,245,At Risk
14019.0,46,4,1398.96,3,4,4,344,Needs Attention
14020.0,16,2,642.8,4,2,3,423,New Customers
14021.0,154,3,631.9,2,3,3,233,Needs Attention
14022.0,224,1,440.0,1,1,2,112,Lost Customers
14023.0,6,2,584.07,5,2,3,523,New Customers
14024.0,121,2,327.7,2,2,2,222,Lost Customers
14027.0,60,1,104.82,3,1,1,311,New Customers
14029.0,62,2,467.66,3,2,3,323,New Customers
14030.0,17,8,2360.09,4,5,5,455,Champions
14031.0,6,22,14698.91,5,5,5,555,Champions
14032.0,1,18,2929.84,5,5,5,555,Champions
14034.0,21,4,512.02,4,4,3,443,Loyal Customers
14035.0,28,5,1428.02,4,4,4,444,Champions
14036.0,284,1,626.65,1,1,3,113,Lost Customers
14037.0,175,2,147.20000000000002,2,2,1,221,Lost Customers
14038.0,77,4,1554.48,2,4,4,244,At Risk
14039.0,32,1,152.2,3,1,1,311,New Customers
14040.0,40,14,3546.2400000000002,3,5,5,355,Needs Attention
14041.0,265,1,141.41,1,1,1,111,Lost Customers
14044.0,26,4,652.82,4,4,3,443,Loyal Customers
14045.0,108,4,1659.75,2,4,4,244,At Risk
14046.0,283,1,151.59,1,1,1,111,Lost Customers
14047.0,8,7,1290.01,5,5,4,554,Champions
14048.0,276,2,375.13,1,2,2,122,Lost Customers
14049.0,16,6,5639.15,4,4,5,445,Champions
14050.0,31,2,746.36,4,2,3,423,New Customers
14051.0,0,26,15477.34,5,5,5,555,Champions
14052.0,19,1,225.36,4,1,1,411,New Customers
14053.0,123,2,260.25,2,2,2,222,Lost Customers
14054.0,64,1,92.46,3,1,1,311,New Customers
14055.0,105,1,725.6400000000001,2,1,3,213,Lost Customers
14056.0,0,29,8125.24,5,5,5,555,Champions
14057.0,23,18,6147.4,4,5,5,455,Champions
14059.0,266,1,183.6,1,1,1,111,Lost Customers
14060.0,4,20,6135.38,5,5,5,555,Champions
14062.0,9,12,10464.85,5,5,5,555,Champions
14064.0,28,7,1188.32,4,5,4,454,Champions
14066.0,266,1,152.55,1,1,1,111,Lost Customers
14067.0,63,2,374.7,3,2,2,322,New Customers
14068.0,319,1,265.85,1,1,2,112,Lost Customers
14071.0,3,9,1292.59,5,5,4,554,Champions
14073.0,20,2,139.54,4,2,1,421,New Customers
14075.0,4,3,942.26,5,3,4,534,Loyal Customers
14076.0,128,1,122.47,2,1,1,211,Lost Customers
14077.0,40,5,499.41999999999996,3,4,3,343,Needs Attention
14078.0,101,6,1049.37,2,4,4,244,At Risk
14079.0,124,1,375.1,2,1,2,212,Lost Customers
14080.0,32,1,45.599999999999994,3,1,1,311,New Customers
14081.0,266,4,904.67,1,4,3,143,At Risk
14082.0,364,1,182.25,1,1,1,111,Lost Customers
14083.0,3,9,1018.43,5,5,4,554,Champions
14085.0,1,19,4435.79,5,5,5,555,Champions
14087.0,2,2,181.67,5,2,1,521,New Customers
14088.0,9,14,50415.49,5,5,5,555,Champions
14089.0,56,1,161.0,3,1,1,311,New Customers
14090.0,324,1,76.32000000000001,1,1,1,111,Lost Customers
14092.0,7,17,4063.1,5,5,5,555,Champions
14093.0,11,1,442.85,4,1,2,412,New Customers
14096.0,3,33,57231.36,5,5,5,555,Champions
14098.0,36,1,147.35,3,1,1,311,New Customers
14099.0,15,12,3092.9700000000003,4,5,5,455,Champions
14100.0,137,1,194.9,2,1,1,211,Lost Customers
14101.0,73,6,5976.79,2,4,5,245,At Risk
14102.0,4,8,1314.73,5,5,4,554,Champions
14104.0,154,2,216.20999999999998,2,2,1,221,Lost Customers
14105.0,84,2,1260.33,2,2,4,224,High Value At Risk
14107.0,51,8,2688.48,3,5,5,355,Needs Attention
14108.0,30,3,594.16,4,3,3,433,Loyal Customers
14109.0,22,2,80.2,4,2,1,421,New Customers
14110.0,3,13,5669.65,5,5,5,555,Champions
14111.0,13,5,688.6,4,4,3,443,Loyal Customers
14112.0,22,12,2774.17,4,5,5,455,Champions
14113.0,3,8,1377.92,5,5,4,554,Champions
14114.0,273,2,386.53,1,2,2,122,Lost Customers
14116.0,19,5,1382.74,4,4,4,444,Champions
14117.0,143,1,90.0,2,1,1,211,Lost Customers
14119.0,353,1,-19.9,1,1,1,111,Lost Customers
14121.0,3,6,2740.3,5,4,5,545,Champions
14124.0,83,1,419.58000000000004,2,1,2,212,Lost Customers
14125.0,10,3,2740.43,5,3,5,535,Loyal Customers
14126.0,7,4,643.6300000000001,5,4,3,543,Loyal Customers
14127.0,122,3,709.71,2,3,3,233,Needs Attention
14128.0,60,2,637.5,3,2,3,323,New Customers
14129.0,1,5,1123.8600000000001,5,4,4,544,Champions
14130.0,318,1,483.86,1,1,3,113,Lost Customers
14132.0,1,12,3580.13,5,5,5,555,Champions
14133.0,129,5,590.3399999999999,2,4,3,243,At Risk
14135.0,1,15,4690.31,5,5,5,555,Champions
14138.0,1,2,982.3800000000001,5,2,4,524,Potential Loyalists
14139.0,45,1,415.82,3,1,2,312,New Customers
14140.0,3,3,920.05,5,3,4,534,Loyal Customers
14141.0,2,6,879.0300000000001,5,4,3,543,Loyal Customers
14142.0,372,1,311.81,1,1,2,112,Lost Customers
14143.0,133,1,115.8,2,1,1,211,Lost Customers
14145.0,46,5,3148.2,3,4,5,345,Needs Attention
14146.0,8,6,2949.57,5,4,5,545,Champions
14147.0,48,3,468.4,3,3,3,333,Needs Attention
14148.0,233,1,157.2,1,1,1,111,Lost Customers
14149.0,212,3,259.43,1,3,2,132,Needs Attention
14150.0,35,2,658.64,3,2,3,323,New Customers
14152.0,74,3,611.09,2,3,3,233,Needs Attention
14154.0,238,2,1345.62,1,2,4,124,High Value At Risk
14155.0,265,1,118.75,1,1,1,111,Lost Customers
14156.0,9,65,114505.32,5,5,5,555,Champions
14157.0,19,3,400.43,4,3,2,432,Loyal Customers
14158.0,39,1,507.66,3,1,3,313,New Customers
14159.0,19,14,4675.93,4,5,5,455,Champions
14161.0,215,3,1110.52,1,3,4,134,High Value At Risk
14162.0,173,2,289.36,2,2,2,222,Lost Customers
14163.0,86,4,2445.91,2,4,5,245,At Risk
14164.0,70,2,1631.77,3,2,4,324,New Customers
14165.0,275,1,122.53999999999999,1,1,1,111,Lost Customers
14167.0,38,4,574.84,3,4,3,343,Needs Attention
14171.0,97,1,363.79,2,1,2,212,Lost Customers
14173.0,10,4,450.84,5,4,2,542,Loyal Customers
14174.0,32,1,134.46,3,1,1,311,New Customers
14175.0,50,7,3108.06,3,5,5,355,Needs Attention
14176.0,296,5,574.0,1,4,3,143,At Risk
14177.0,84,5,554.46,2,4,3,243,At Risk
14178.0,8,7,1600.93,5,5,4,554,Champions
14179.0,40,2,719.78,3,2,3,323,New Customers
14180.0,10,31,4640.77,5,5,5,555,Champions
14184.0,66,1,452.89,3,1,2,312,New Customers
14185.0,330,1,197.65,1,1,1,111,Lost Customers
14188.0,8,10,2018.91,5,5,5,555,Champions
14189.0,1,24,4604.31,5,5,5,555,Champions
14191.0,1,14,4660.01,5,5,5,555,Champions
14193.0,67,2,853.39,3,2,3,323,New Customers
14194.0,4,32,11216.75,5,5,5,555,Champions
14195.0,201,3,962.7,1,3,4,134,High Value At Risk
14196.0,106,1,335.52,2,1,2,212,Lost Customers
14198.0,3,7,663.5,5,5,3,553,Loyal Customers
14199.0,217,1,185.39999999999998,1,1,1,111,Lost Customers
14201.0,59,9,688.04,3,5,3,353,Needs Attention
14204.0,1,1,161.03,5,1,1,511,New Customers
14205.0,16,3,228.5,4,3,1,431,Loyal Customers
14206.0,238,2,308.26,1,2,2,122,Lost Customers
14208.0,94,1,151.74,2,1,1,211,Lost Customers
14209.0,10,7,2067.13,5,5,5,555,Champions
14210.0,90,7,1900.89,2,5,4,254,At Risk
14211.0,52,13,2208.3,3,5,5,355,Needs Attention
14212.0,89,1,1070.48,2,1,4,214,High Value At Risk
14213.0,371,1,-1192.2,1,1,1,111,Lost Customers
14214.0,30,7,1000.23,4,5,4,454,Champions
14215.0,11,7,1777.92,4,5,4,454,Champions
14216.0,2,4,1839.3,5,4,4,544,Champions
14217.0,1,24,1925.3600000000001,5,5,4,554,Champions
14218.0,42,1,169.48000000000002,3,1,1,311,New Customers
14219.0,3,1,89.94,5,1,1,511,New Customers
14220.0,246,2,632.4,1,2,3,123,Lost Customers
14221.0,41,10,3427.85,3,5,5,355,Needs Attention
14222.0,176,1,683.17,2,1,3,213,Lost Customers
14223.0,91,4,975.23,2,4,4,244,At Risk
14224.0,109,4,1050.12,2,4,4,244,At Risk
14226.0,28,7,2201.64,4,5,5,455,Champions
14227.0,25,15,3315.71,4,5,5,455,Champions
14229.0,51,5,1450.6,3,4,4,344,Needs Attention
14231.0,178,5,822.0600000000001,2,4,3,243,At Risk
14232.0,31,8,2043.93,4,5,5,455,Champions
14233.0,43,5,1447.51,3,4,4,344,Needs Attention
14234.0,21,4,775.46,4,4,3,443,Loyal Customers
14235.0,9,6,3093.86,5,4,5,545,Champions
14236.0,80,2,490.86,2,2,3,223,Lost Customers
14237.0,372,1,161.0,1,1,1,111,Lost Customers
14238.0,325,1,146.85,1,1,1,111,Lost Customers
14239.0,42,13,2323.5,3,5,5,355,Needs Attention
14240.0,29,2,890.34,4,2,3,423,New Customers
14241.0,183,1,213.70000000000002,1,1,1,111,Lost Customers
14242.0,234,2,280.55,1,2,2,122,Lost Customers
14243.0,8,14,2535.88,5,5,5,555,Champions
14245.0,175,5,1677.48,2,4,4,244,At Risk
14246.0,110,3,1474.06,2,3,4,234,High Value At Risk
14247.0,277,1,136.76999999999998,1,1,1,111,Lost Customers
14248.0,317,1,302.58,1,1,2,112,Lost Customers
14250.0,6,3,1904.05,5,3,4,534,Loyal Customers
14251.0,1,5,2879.7000000000003,5,4,5,545,Champions
14256.0,253,3,935.0600000000001,1,3,4,134,High Value At Risk
14257.0,50,6,3087.27,3,4,5,345,Needs Attention
14258.0,8,10,12650.08,5,5,5,555,Champions
14259.0,141,1,120.0,2,1,1,211,Lost Customers
14261.0,50,2,1163.45,3,2,4,324,New Customers
14262.0,7,8,2618.23,5,5,5,555,Champions
14264.0,154,3,319.47,2,3,2,232,Needs Attention
14265.0,108,2,530.18,2,2,3,223,Lost Customers
14267.0,150,7,1279.09,2,5,4,254,At Risk
14270.0,331,1,492.65000000000003,1,1,3,113,Lost Customers
14271.0,225,1,112.32,1,1,1,111,Lost Customers
14272.0,73,2,437.96,2,2,2,222,Lost Customers
14273.0,50,4,559.97,3,4,3,343,Needs Attention
14276.0,87,5,1019.39,2,4,4,244,At Risk
14277.0,14,4,3921.0,4,4,5,445,Champions
14280.0,196,1,134.04,1,1,1,111,Lost Customers
14282.0,2,15,3729.34,5,5,5,555,Champions
14284.0,30,3,578.45,4,3,3,433,Loyal Customers
14285.0,20,4,1910.01,4,4,4,444,Champions
14286.0,23,5,4595.81,4,4,5,445,Champions
14287.0,7,4,156.23000000000002,5,4,1,541,Loyal Customers
14288.0,211,2,413.85,1,2,2,122,Lost Customers
14289.0,8,6,911.26,5,4,4,544,Champions
14290.0,10,6,2307.4500000000003,5,4,5,545,Champions
14291.0,1,12,3873.3,5,5,5,555,Champions
14292.0,7,14,4819.33,5,5,5,555,Champions
14293.0,2,4,1046.56,5,4,4,544,Champions
14295.0,39,2,157.70000000000002,3,2,1,321,New Customers
14297.0,17,5,1290.48,4,4,4,444,Champions
14298.0,2,45,50862.44,5,5,5,555,Champions
14299.0,7,18,2855.35,5,5,5,555,Champions
14300.0,18,1,43.2,4,1,1,411,New Customers
14301.0,107,2,632.04,2,2,3,223,Lost Customers
14304.0,222,2,197.1,1,2,1,121,Lost Customers
14305.0,70,5,1803.76,3,4,4,344,Needs Attention
14306.0,50,3,2083.42,3,3,5,335,Needs Attention
14307.0,88,6,2995.72,2,4,5,245,At Risk
14309.0,7,10,2319.68,5,5,5,555,Champions
14311.0,224,2,229.71,1,2,1,121,Lost Customers
14312.0,46,6,1611.59,3,4,4,344,Needs Attention
14314.0,106,1,120.0,2,1,1,211,Lost Customers
14315.0,20,7,2456.98,4,5,5,455,Champions
14317.0,64,1,508.58000000000004,3,1,3,313,New Customers
14320.0,206,3,343.11,1,3,2,132,Needs Attention
14321.0,10,5,1530.75,5,4,4,544,Champions
14323.0,114,4,574.26,2,4,3,243,At Risk
14326.0,234,2,166.85,1,2,1,121,Lost Customers
14327.0,162,1,311.65,2,1,2,212,Lost Customers
14329.0,8,14,4928.74,5,5,5,555,Champions
14331.0,123,2,462.65999999999997,2,2,2,222,Lost Customers
14332.0,22,3,866.31,4,3,3,433,Loyal Customers
14333.0,63,2,351.45,3,2,2,322,New Customers
14334.0,16,9,2539.46,4,5,5,455,Champions
14335.0,15,2,468.26,4,2,3,423,New Customers
14336.0,16,4,1614.91,4,4,4,444,Champions
14338.0,157,4,554.22,2,4,3,243,At Risk
14339.0,234,4,293.73,1,4,2,142,At Risk
14340.0,218,1,134.7,1,1,1,111,Lost Customers
14341.0,44,9,2166.38,3,5,5,355,Needs Attention
14342.0,20,6,608.71,4,4,3,443,Loyal Customers
14344.0,126,8,889.9300000000001,2,5,3,253,At Risk
14345.0,38,1,108.97999999999999,3,1,1,311,New Customers
14346.0,120,2,1021.58,2,2,4,224,High Value At Risk
14348.0,259,1,409.57,1,1,2,112,Lost Customers
14349.0,9,1,133.5,5,1,1,511,New Customers
14350.0,270,2,258.7,1,2,2,122,Lost Customers
14351.0,164,1,51.0,2,1,1,211,Lost Customers
14352.0,156,4,1078.96,2,4,4,244,At Risk
14353.0,214,1,90.6,1,1,1,111,Lost Customers
14354.0,5,2,163.62,5,2,1,521,New Customers
14355.0,365,1,174.4,1,1,1,111,Lost Customers
14356.0,59,4,666.9399999999999,3,4,3,343,Needs Attention
14357.0,42,1,225.77,3,1,1,311,New Customers
14359.0,18,6,882.58,4,4,3,443,Loyal Customers
14360.0,31,4,2128.23,4,4,5,445,Champions
14362.0,21,1,161.2,4,1,1,411,New Customers
14364.0,108,8,3717.35,2,5,5,255,At Risk
14367.0,7,19,9167.82,5,5,5,555,Champions
14368.0,319,1,155.0,1,1,1,111,Lost Customers
14371.0,294,1,100.5,1,1,1,111,Lost Customers
14373.0,357,1,76.55,1,1,1,111,Lost Customers
14375.0,184,1,257.68,1,1,2,112,Lost Customers
14377.0,190,2,617.05,1,2,3,123,Lost Customers
14379.0,43,2,348.1,3,2,2,322,New Customers
14381.0,51,1,202.68,3,1,1,311,New Customers
14382.0,25,1,626.0699999999999,4,1,3,413,New Customers
14383.0,37,3,1247.69,3,3,4,334,Needs Attention
14385.0,8,3,202.11,5,3,1,531,Loyal Customers
14386.0,296,1,142.4,1,1,1,111,Lost Customers
14387.0,32,3,1770.56,3,3,4,334,Needs Attention
14388.0,8,10,3172.04,5,5,5,555,Champions
14389.0,8,5,999.72,5,4,4,544,Champions
14390.0,9,13,4592.47,5,5,5,555,Champions
14393.0,217,1,67.95,1,1,1,111,Lost Customers
14395.0,1,12,3471.91,5,5,5,555,Champions
14396.0,64,2,487.99,3,2,3,323,New Customers
14397.0,0,23,2556.68,5,5,5,555,Champions
14400.0,140,2,559.7,2,2,3,223,Lost Customers
14401.0,3,14,4039.98,5,5,5,555,Champions
14403.0,129,5,1426.31,2,4,4,244,At Risk
14404.0,33,7,1434.72,3,5,4,354,Needs Attention
14406.0,118,1,156.75,2,1,1,211,Lost Customers
14407.0,106,8,2096.08,2,5,5,255,At Risk
14408.0,10,7,2606.53,5,5,5,555,Champions
14409.0,70,7,1908.25,3,5,4,354,Needs Attention
14410.0,15,15,590.3,4,5,3,453,Loyal Customers
14411.0,310,1,1063.0,1,1,4,114,High Value At Risk
14412.0,34,3,761.3299999999999,3,3,3,333,Needs Attention
14413.0,361,1,122.7,1,1,1,111,Lost Customers
14414.0,91,8,1485.1299999999999,2,5,4,254,At Risk
14415.0,0,18,5811.56,5,5,5,555,Champions
14416.0,21,2,490.22,4,2,3,423,New Customers
14418.0,3,3,1937.25,5,3,4,534,Loyal Customers
14419.0,10,6,1058.06,5,4,4,544,Champions
14420.0,84,2,385.87,2,2,2,222,Lost Customers
14421.0,56,2,813.11,3,2,3,323,New Customers
14422.0,0,6,4263.64,5,4,5,545,Champions
14423.0,217,1,265.2,1,1,2,112,Lost Customers
14424.0,17,1,322.08,4,1,2,412,New Customers
14426.0,18,16,3918.9,4,5,5,455,Champions
14427.0,49,2,363.34000000000003,3,2,2,322,New Customers
14428.0,6,7,1230.14,5,5,4,554,Champions
14431.0,298,2,397.76,1,2,2,122,Lost Customers
14432.0,9,6,2255.51,5,4,5,545,Champions
14434.0,21,6,1372.8,4,4,4,444,Champions
14436.0,98,1,89.06,2,1,1,211,Lost Customers
14437.0,365,1,63.0,1,1,1,111,Lost Customers
14438.0,305,1,131.9,1,1,1,111,Lost Customers
14439.0,319,1,2661.24,1,1,5,115,High Value At Risk
14440.0,7,5,2357.6800000000003,5,4,5,545,Champions
14441.0,0,10,1545.14,5,5,4,554,Champions
14442.0,1,5,1544.62,5,4,4,544,Champions
14443.0,53,7,1400.88,3,5,4,354,Needs Attention
14446.0,0,4,1034.78,5,4,4,544,Champions
14447.0,18,5,1163.23,4,4,4,444,Champions
14448.0,8,2,375.35,5,2,2,522,New Customers
14449.0,18,4,907.1,4,4,4,444,Champions
14450.0,180,3,483.25,1,3,3,133,Needs Attention
14451.0,59,2,662.59,3,2,3,323,New Customers
14452.0,10,2,264.44,5,2,2,522,New Customers
14453.0,189,1,119.93,1,1,1,111,Lost Customers
14456.0,4,13,3045.92,5,5,5,555,Champions
14457.0,310,1,113.64,1,1,1,111,Lost Customers
14459.0,154,1,1837.92,2,1,4,214,High Value At Risk
14460.0,109,4,383.34,2,4,2,242,At Risk
14461.0,147,3,2102.67,2,3,5,235,High Value At Risk
14462.0,63,14,1965.9,3,5,4,354,Needs Attention
14463.0,97,3,529.62,2,3,3,233,Needs Attention
14465.0,246,3,1058.6200000000001,1,3,4,134,High Value At Risk
14466.0,28,7,2272.4,4,5,5,455,Champions
14467.0,17,4,598.76,4,4,3,443,Loyal Customers
14470.0,11,2,461.19,4,2,2,422,New Customers
14472.0,103,8,1936.84,2,5,4,254,At Risk
14473.0,73,2,234.34000000000003,2,2,1,221,Lost Customers
14474.0,42,2,537.71,3,2,3,323,New Customers
14475.0,71,6,799.82,2,4,3,243,At Risk
14476.0,256,1,215.7,1,1,1,111,Lost Customers
14477.0,19,5,1307.81,4,4,4,444,Champions
14479.0,253,2,316.25,1,2,2,122,Lost Customers
14480.0,10,1,279.05,5,1,2,512,New Customers
14481.0,164,2,636.51,2,2,3,223,Lost Customers
14482.0,17,6,2068.15,4,4,5,445,Champions
14483.0,149,2,129.2,2,2,1,221,Lost Customers
14484.0,49,1,321.92,3,1,2,312,New Customers
14485.0,38,1,165.75,3,1,1,311,New Customers
14487.0,26,7,1183.58,4,5,4,454,Champions
14488.0,50,2,1047.43,3,2,4,324,New Customers
14489.0,206,1,463.38,1,1,3,113,Lost Customers
14491.0,174,2,340.93,2,2,2,222,Lost Customers
14493.0,6,7,2362.84,5,5,5,555,Champions
14494.0,25,1,139.56,4,1,1,411,New Customers
14495.0,50,2,123.8,3,2,1,321,New Customers
14496.0,311,2,538.8100000000001,1,2,3,123,Lost Customers
14497.0,300,2,457.47,1,2,2,122,Lost Customers
14498.0,42,5,1957.32,3,4,4,344,Needs Attention
14499.0,25,3,815.32,4,3,3,433,Loyal Customers
14500.0,87,3,356.85,2,3,2,232,Needs Attention
14501.0,63,3,190.31,3,3,1,331,Needs Attention
14502.0,19,14,2347.98,4,5,5,455,Champions
14503.0,2,6,3543.26,5,4,5,545,Champions
14504.0,46,4,673.26,3,4,3,343,Needs Attention
14505.0,16,11,5818.7,4,5,5,455,Champions
14506.0,16,5,2012.17,4,4,5,445,Champions
14507.0,23,7,1368.18,4,5,4,454,Champions
14508.0,21,2,276.42,4,2,2,422,New Customers
14511.0,10,6,1267.4099999999999,5,4,4,544,Champions
14512.0,187,2,275.28,1,2,2,122,Lost Customers
14513.0,100,4,438.49,2,4,2,242,At Risk
14514.0,60,3,1055.35,3,3,4,334,Needs Attention
14515.0,17,6,2102.09,4,4,5,445,Champions
14517.0,32,2,330.45,3,2,2,322,New Customers
14518.0,63,1,174.37,3,1,1,311,New Customers
14520.0,1,2,270.6,5,2,2,522,New Customers
14522.0,23,4,974.54,4,4,4,444,Champions
14523.0,107,1,241.09,2,1,2,212,Lost Customers
14524.0,31,9,1867.68,4,5,4,454,Champions
14525.0,8,13,4266.37,5,5,5,555,Champions
14527.0,2,57,8479.22,5,5,5,555,Champions
14528.0,36,1,364.21999999999997,3,1,2,312,New Customers
14529.0,59,3,620.04,3,3,3,333,Needs Attention
14530.0,25,6,2925.91,4,4,5,445,Champions
14532.0,235,4,932.85,1,4,4,144,At Risk
14533.0,24,9,1812.6200000000001,4,5,4,454,Champions
14534.0,2,25,4073.7,5,5,5,555,Champions
14535.0,58,4,2841.09,3,4,5,345,Needs Attention
14536.0,259,1,171.8,1,1,1,111,Lost Customers
14537.0,57,1,355.56,3,1,2,312,New Customers
14538.0,64,2,388.25,3,2,2,322,New Customers
14539.0,15,2,537.48,4,2,3,423,New Customers
14540.0,9,3,996.26,5,3,4,534,Loyal Customers
14541.0,58,8,1461.65,3,5,4,354,Needs Attention
14542.0,185,1,103.25,1,1,1,111,Lost Customers
14543.0,3,21,2945.22,5,5,5,555,Champions
14544.0,23,2,2024.45,4,2,5,425,Potential Loyalists
14546.0,3,9,2487.02,5,5,5,555,Champions
14547.0,3,9,3986.7400000000002,5,5,5,555,Champions
14548.0,150,2,652.8,2,2,3,223,Lost Customers
14549.0,310,1,289.24,1,1,2,112,Lost Customers
14550.0,10,2,765.62,5,2,3,523,New Customers
14551.0,17,2,186.23,4,2,1,421,New Customers
14552.0,151,1,165.07,2,1,1,211,Lost Customers
14553.0,18,5,859.27,4,4,3,443,Loyal Customers
14554.0,9,4,2381.04,5,4,5,545,Champions
14555.0,56,2,324.14,3,2,2,322,New Customers
14557.0,63,2,0.0,3,2,1,321,New Customers
14560.0,6,24,2174.18,5,5,5,555,Champions
14561.0,75,3,1080.76,2,3,4,234,High Value At Risk
14562.0,3,22,4715.52,5,5,5,555,Champions
14565.0,95,6,3073.77,2,4,5,245,At Risk
14566.0,110,1,1432.0,2,1,4,214,High Value At Risk
14567.0,34,3,1524.46,3,3,4,334,Needs Attention
14569.0,0,1,227.39,5,1,1,511,New Customers
14570.0,280,2,217.21,1,2,1,121,Lost Customers
14572.0,2,10,2803.69,5,5,5,555,Champions
14573.0,179,13,1603.72,1,5,4,154,At Risk
14576.0,371,1,35.400000000000006,1,1,1,111,Lost Customers
14577.0,12,4,859.71,4,4,3,443,Loyal Customers
14578.0,2,1,168.63,5,1,1,511,New Customers
14581.0,16,1,138.6,4,1,1,411,New Customers
14582.0,40,1,114.11,3,1,1,311,New Customers
14583.0,5,5,1052.55,5,4,4,544,Champions
14584.0,168,5,1029.26,2,4,4,244,At Risk
14585.0,49,1,157.05,3,1,1,311,New Customers
14586.0,226,3,134.16,1,3,1,131,Needs Attention
14587.0,18,10,1598.24,4,5,4,454,Champions
14589.0,371,1,39.75,1,1,1,111,Lost Customers
14591.0,14,4,1447.14,4,4,4,444,Champions
14592.0,34,3,570.46,3,3,3,333,Needs Attention
14593.0,21,3,617.99,4,3,3,433,Loyal Customers
14594.0,6,2,379.83,5,2,2,522,New Customers
14595.0,19,6,1740.6,4,4,4,444,Champions
14597.0,10,2,883.15,5,2,3,523,New Customers
14598.0,43,1,221.97,3,1,1,311,New Customers
14600.0,305,1,393.33000000000004,1,1,2,112,Lost Customers
14601.0,10,1,213.96,5,1,1,511,New Customers
14603.0,274,1,660.0,1,1,3,113,Lost Customers
14606.0,0,126,11582.1,5,5,5,555,Champions
14607.0,15,15,9793.1,4,5,5,455,Champions
14608.0,3,4,1785.15,5,4,4,544,Champions
14609.0,71,4,601.56,2,4,3,243,At Risk
14616.0,242,3,406.08000000000004,1,3,2,132,Needs Attention
14618.0,8,4,538.59,5,4,3,543,Loyal Customers
14619.0,238,2,379.51,1,2,2,122,Lost Customers
14620.0,203,3,393.28000000000003,1,3,2,132,Needs Attention
14621.0,0,6,1765.76,5,4,4,544,Champions
14622.0,184,1,320.58000000000004,1,1,2,112,Lost Customers
14623.0,31,6,864.67,4,4,3,443,Loyal Customers
14624.0,56,2,225.85,3,2,1,321,New Customers
14625.0,184,5,848.48,1,4,3,143,At Risk
14626.0,8,7,2757.07,5,5,5,555,Champions
14627.0,311,1,-21.85,1,1,1,111,Lost Customers
14628.0,90,2,671.96,2,2,3,223,Lost Customers
14629.0,3,3,939.21,5,3,4,534,Loyal Customers
14631.0,50,3,1006.98,3,3,4,334,Needs Attention
14632.0,262,1,114.56,1,1,1,111,Lost Customers
14633.0,265,1,344.90000000000003,1,1,2,112,Lost Customers
14636.0,35,2,609.85,3,2,3,323,New Customers
14638.0,50,1,443.6,3,1,2,312,New Customers
14639.0,51,8,2952.34,3,5,5,355,Needs Attention
14640.0,15,8,2042.15,4,5,5,455,Champions
14641.0,21,1,110.46,4,1,1,411,New Customers
14642.0,58,1,96.12,3,1,1,311,New Customers
14643.0,169,3,668.61,2,3,3,233,Needs Attention
14644.0,8,4,780.46,5,4,3,543,Loyal Customers
14645.0,156,2,597.09,2,2,3,223,Lost Customers
14646.0,1,73,278778.02,5,5,5,555,Champions
14647.0,200,1,243.22,1,1,2,112,Lost Customers
14649.0,4,4,1417.29,5,4,4,544,Champions
14651.0,66,2,654.6,3,2,3,323,New Customers
14652.0,76,1,114.18,2,1,1,211,Lost Customers
14653.0,0,7,1937.6,5,5,4,554,Champions
14655.0,3,5,1930.15,5,4,4,544,Champions
14656.0,168,2,291.05,2,2,2,222,Lost Customers
14657.0,17,5,838.27,4,4,3,443,Loyal Customers
14658.0,4,2,247.15,5,2,2,522,New Customers
14659.0,8,12,2456.53,5,5,5,555,Champions
14660.0,86,2,285.74,2,2,2,222,Lost Customers
14661.0,26,1,107.95,4,1,1,411,New Customers
14662.0,28,4,771.17,4,4,3,443,Loyal Customers
14664.0,19,2,637.89,4,2,3,423,New Customers
14665.0,60,7,1258.38,3,5,4,354,Needs Attention
14666.0,23,1,179.95,4,1,1,411,New Customers
14667.0,10,27,9226.95,5,5,5,555,Champions
14669.0,241,3,1269.99,1,3,4,134,High Value At Risk
14670.0,279,2,411.53,1,2,2,122,Lost Customers
14672.0,234,2,765.55,1,2,3,123,Lost Customers
14673.0,2,5,1736.4,5,4,4,544,Champions
14675.0,15,1,604.75,4,1,3,413,New Customers
14676.0,30,8,2543.2400000000002,4,5,5,455,Champions
14679.0,371,1,-2.55,1,1,1,111,Lost Customers
14680.0,24,23,26932.34,4,5,5,455,Champions
14681.0,70,3,498.95,3,3,3,333,Needs Attention
14682.0,187,2,52.0,1,2,1,121,Lost Customers
14684.0,25,5,1236.28,4,4,4,444,Champions
14687.0,106,1,628.38,2,1,3,213,Lost Customers
14688.0,7,27,5107.38,5,5,5,555,Champions
14689.0,208,1,112.8,1,1,1,111,Lost Customers
14690.0,43,3,358.61,3,3,2,332,Needs Attention
14691.0,30,5,2114.33,4,4,5,445,Champions
14692.0,136,5,582.05,2,4,3,243,At Risk
14693.0,264,1,172.9,1,1,1,111,Lost Customers
14696.0,3,9,2070.97,5,5,5,555,Champions
14697.0,217,2,188.60999999999999,1,2,1,121,Lost Customers
14698.0,1,5,1250.76,5,4,4,544,Champions
14699.0,213,1,109.13000000000001,1,1,1,111,Lost Customers
14700.0,31,3,2235.3,4,3,5,435,Loyal Customers
14701.0,10,12,2486.2200000000003,5,5,5,555,Champions
14702.0,0,18,3250.64,5,5,5,555,Champions
14703.0,14,1,318.17,4,1,2,412,New Customers
14704.0,10,9,1544.57,5,5,4,554,Champions
14705.0,198,1,179.0,1,1,1,111,Lost Customers
14708.0,2,4,1096.67,5,4,4,544,Champions
14709.0,14,14,4911.14,4,5,5,455,Champions
14710.0,13,4,606.13,4,4,3,443,Loyal Customers
14711.0,9,12,2838.2,5,5,5,555,Champions
14712.0,28,3,917.07,4,3,4,434,Loyal Customers
14713.0,8,12,2664.2599999999998,5,5,5,555,Champions
14714.0,23,1,160.19,4,1,1,411,New Customers
14715.0,24,4,867.38,4,4,3,443,Loyal Customers
14716.0,42,2,329.68,3,2,2,322,New Customers
14719.0,1,6,1592.18,5,4,4,544,Champions
14720.0,5,3,663.81,5,3,3,533,Loyal Customers
14722.0,146,1,187.92000000000002,2,1,1,211,Lost Customers
14723.0,9,6,1156.6,5,4,4,544,Champions
14725.0,24,1,718.08,4,1,3,413,New Customers
14727.0,273,1,268.58,1,1,2,112,Lost Customers
14729.0,373,1,313.49,1,1,2,112,Lost Customers
14730.0,0,8,2005.06,5,5,5,555,Champions
14731.0,46,3,380.02,3,3,2,332,Needs Attention
14732.0,7,10,2686.34,5,5,5,555,Champions
14733.0,8,15,9451.54,5,5,5,555,Champions
14735.0,3,33,5792.6900000000005,5,5,5,555,Champions
14737.0,3,3,1164.55,5,3,4,534,Loyal Customers
14738.0,38,9,1289.94,3,5,4,354,Needs Attention
14739.0,1,8,3899.1,5,5,5,555,Champions
14740.0,190,4,1423.21,1,4,4,144,At Risk
14741.0,11,6,1400.34,4,4,4,444,Champions
14744.0,15,9,1088.53,4,5,4,454,Champions
14745.0,112,6,1167.16,2,4,4,244,At Risk
14747.0,247,2,294.3,1,2,2,122,Lost Customers
14748.0,28,6,1318.85,4,4,4,444,Champions
14752.0,43,1,389.64,3,1,2,312,New Customers
14753.0,86,1,563.15,2,1,3,213,Lost Customers
14754.0,44,2,638.05,3,2,3,323,New Customers
14755.0,9,12,4965.38,5,5,5,555,Champions
14756.0,14,1,738.96,4,1,3,413,New Customers
14757.0,74,1,420.5,2,1,2,212,Lost Customers
14758.0,144,4,1484.06,2,4,4,244,At Risk
14759.0,4,3,1625.97,5,3,4,534,Loyal Customers
14760.0,293,2,53.8,1,2,1,121,Lost Customers
14761.0,58,2,255.9,3,2,2,322,New Customers
14762.0,263,1,300.52,1,1,2,112,Lost Customers
14764.0,43,2,250.55,3,2,2,322,New Customers
14765.0,28,3,254.11,4,3,2,432,Loyal Customers
14766.0,7,8,2423.07,5,5,5,555,Champions
14768.0,16,3,139.5,4,3,1,431,Loyal Customers
14769.0,2,10,10639.95,5,5,5,555,Champions
14770.0,231,2,876.42,1,2,3,123,Lost Customers
14772.0,111,1,139.26,2,1,1,211,Lost Customers
14775.0,57,3,1011.9,3,3,4,334,Needs Attention
14776.0,50,13,2195.58,3,5,5,355,Needs Attention
14777.0,3,2,-17.45,5,2,1,521,New Customers
14778.0,126,2,730.86,2,2,3,223,Lost Customers
14779.0,280,3,386.15,1,3,2,132,Needs Attention
14780.0,54,2,447.68,3,2,2,322,New Customers
14782.0,319,1,200.10000000000002,1,1,1,111,Lost Customers
14784.0,25,2,289.99,4,2,2,422,New Customers
14785.0,9,2,77.4,5,2,1,521,New Customers
14788.0,6,2,679.4399999999999,5,2,3,523,New Customers
14789.0,28,1,197.64,4,1,1,411,New Customers
14790.0,16,4,745.06,4,4,3,443,Loyal Customers
14792.0,63,2,0.0,3,2,1,321,New Customers
14793.0,3,2,214.14,5,2,1,521,New Customers
14794.0,2,9,1272.11,5,5,4,554,Champions
14795.0,165,1,131.45000000000002,2,1,1,211,Lost Customers
14796.0,0,27,7837.95,5,5,5,555,Champions
14798.0,52,3,173.74,3,3,1,331,Needs Attention
14799.0,50,1,157.7,3,1,1,311,New Customers
14800.0,47,16,4236.34,3,5,5,355,Needs Attention
14801.0,60,1,193.14,3,1,1,311,New Customers
14803.0,161,3,845.55,2,3,3,233,Needs Attention
14804.0,8,1,353.27,5,1,2,512,New Customers
14805.0,14,4,554.65,4,4,3,443,Loyal Customers
14806.0,74,1,193.39000000000001,2,1,1,211,Lost Customers
14808.0,39,14,2300.37,3,5,5,355,Needs Attention
14810.0,40,11,2087.88,3,5,5,355,Needs Attention
14813.0,369,2,155.43,1,2,1,121,Lost Customers
14815.0,36,2,778.5,3,2,3,323,New Customers
14816.0,196,1,271.85,1,1,2,112,Lost Customers
14817.0,199,2,1110.34,1,2,4,124,High Value At Risk
14818.0,73,3,657.8,2,3,3,233,Needs Attention
14819.0,63,2,272.07,3,2,2,322,New Customers
14820.0,20,4,507.29,4,4,3,443,Loyal Customers
14821.0,366,1,48.800000000000004,1,1,1,111,Lost Customers
14823.0,179,3,321.43,1,3,2,132,Needs Attention
14824.0,9,4,1127.71,5,4,4,544,Champions
14825.0,3,12,2226.91,5,5,5,555,Champions
14828.0,196,3,2139.76,1,3,5,135,High Value At Risk
14829.0,28,6,644.65,4,4,3,443,Loyal Customers
14830.0,52,1,196.28,3,1,1,311,New Customers
14834.0,17,8,1698.35,4,5,4,454,Champions
14836.0,9,3,102.44999999999999,5,3,1,531,Loyal Customers
14837.0,89,5,1641.2,2,4,4,244,At Risk
14840.0,267,1,62.85,1,1,1,111,Lost Customers
14841.0,52,6,3295.76,3,4,5,345,Needs Attention
14842.0,34,8,2456.8,3,5,5,355,Needs Attention
14844.0,63,4,3189.81,3,4,5,345,Needs Attention
14847.0,148,1,309.4,2,1,2,212,Lost Customers
14849.0,21,28,7904.28,4,5,5,455,Champions
14850.0,311,2,278.15,1,2,2,122,Lost Customers
14851.0,22,2,511.35,4,2,3,423,New Customers
14852.0,57,6,2836.69,3,4,5,345,Needs Attention
14853.0,8,3,463.05,5,3,2,532,Loyal Customers
14854.0,77,8,2749.89,2,5,5,255,At Risk
14855.0,118,2,645.65,2,2,3,223,Lost Customers
14856.0,35,3,1311.3799999999999,3,3,4,334,Needs Attention
14857.0,59,3,1165.65,3,3,4,334,Needs Attention
14859.0,12,5,1352.04,4,4,4,444,Champions
14860.0,8,2,168.62,5,2,1,521,New Customers
14861.0,51,1,125.79,3,1,1,311,New Customers
14862.0,25,2,841.1999999999999,4,2,3,423,New Customers
14863.0,28,1,266.76,4,1,2,412,New Customers
14865.0,6,2,52.2,5,2,1,521,New Customers
14866.0,10,12,14160.95,5,5,5,555,Champions
14867.0,185,4,701.33,1,4,3,143,At Risk
14868.0,2,9,2939.64,5,5,5,555,Champions
14869.0,3,3,721.95,5,3,3,533,Loyal Customers
14870.0,261,1,327.25,1,1,2,112,Lost Customers
14871.0,2,4,522.38,5,4,3,543,Loyal Customers
14873.0,209,1,519.68,1,1,3,113,Lost Customers
14875.0,8,4,1457.67,5,4,4,544,Champions
14878.0,12,9,1485.54,4,5,4,454,Champions
14880.0,76,3,706.19,2,3,3,233,Needs Attention
14881.0,19,1,255.4,4,1,2,412,New Customers
14882.0,26,2,589.7,4,2,3,423,New Customers
14883.0,18,7,756.64,4,5,3,453,Loyal Customers
14885.0,131,1,765.3199999999999,2,1,3,213,Lost Customers
14886.0,252,1,364.8,1,1,2,112,Lost Customers
14887.0,78,1,1862.0,2,1,4,214,High Value At Risk
14888.0,206,1,369.2,1,1,2,112,Lost Customers
14889.0,335,1,135.9,1,1,1,111,Lost Customers
14890.0,253,1,125.65,1,1,1,111,Lost Customers
14891.0,147,2,554.38,2,2,3,223,Lost Customers
14893.0,9,2,1237.8500000000001,5,2,4,524,Potential Loyalists
14894.0,84,1,655.75,2,1,3,213,Lost Customers
14895.0,7,24,11020.26,5,5,5,555,Champions
14896.0,204,2,468.77000000000004,1,2,3,123,Lost Customers
14897.0,7,4,1366.38,5,4,4,544,Champions
14898.0,22,8,1228.32,4,5,4,454,Champions
14901.0,10,10,1414.99,5,5,4,554,Champions
14902.0,20,2,314.11,4,2,2,422,New Customers
14903.0,20,10,2744.48,4,5,5,455,Champions
14904.0,1,2,1025.44,5,2,4,524,Potential Loyalists
14905.0,153,3,599.9,2,3,3,233,Needs Attention
14907.0,2,10,3478.85,5,5,5,555,Champions
14908.0,73,1,277.8,2,1,2,212,Lost Customers
14910.0,2,7,389.86,5,5,2,552,Loyal Customers
14911.0,0,243,133007.13,5,5,5,555,Champions
14912.0,16,2,867.85,4,2,3,423,New Customers
14913.0,35,4,1227.43,3,4,4,344,Needs Attention
14915.0,85,3,258.83,2,3,2,232,Needs Attention
14916.0,70,5,1264.84,3,4,4,344,Needs Attention
14918.0,115,2,1610.15,2,2,4,224,High Value At Risk
14920.0,212,2,977.77,1,2,4,124,High Value At Risk
14921.0,29,2,1316.07,4,2,4,424,Potential Loyalists
14923.0,50,1,749.1,3,1,3,313,New Customers
14924.0,245,1,310.05,1,1,2,112,Lost Customers
14929.0,31,1,223.88,4,1,1,411,New Customers
14930.0,108,3,2372.86,2,3,5,235,High Value At Risk
14931.0,4,4,964.6800000000001,5,4,4,544,Champions
14932.0,365,1,363.53,1,1,2,112,Lost Customers
14934.0,72,3,1888.84,2,3,4,234,High Value At Risk
14935.0,296,1,1784.71,1,1,4,114,High Value At Risk
14936.0,8,9,8117.42,5,5,5,555,Champions
14937.0,56,4,1617.63,3,4,4,344,Needs Attention
14944.0,29,14,5842.95,4,5,5,455,Champions
14946.0,13,1,100.9,4,1,1,411,New Customers
14947.0,71,2,290.82,2,2,2,222,Lost Customers
14948.0,22,7,1066.57,4,5,4,454,Champions
14950.0,8,2,361.25,5,2,2,522,New Customers
14951.0,78,1,311.69,2,1,2,212,Lost Customers
14952.0,45,15,7912.79,3,5,5,355,Needs Attention
14953.0,24,1,289.82,4,1,2,412,New Customers
14954.0,11,1,336.17,4,1,2,412,New Customers
14957.0,252,1,58.49,1,1,1,111,Lost Customers
14958.0,146,3,499.68,2,3,3,233,Needs Attention
14959.0,58,5,684.97,3,4,3,343,Needs Attention
14960.0,7,2,221.27,5,2,1,521,New Customers
14961.0,10,12,7006.58,5,5,5,555,Champions
14962.0,270,1,126.7,1,1,1,111,Lost Customers
14963.0,9,5,1487.8,5,4,4,544,Champions
14964.0,246,1,206.21,1,1,1,111,Lost Customers
14965.0,95,2,599.0,2,2,3,223,Lost Customers
14966.0,14,1,191.32,4,1,1,411,New Customers
14967.0,49,1,463.8,3,1,3,313,New Customers
14968.0,29,1,147.59,4,1,1,411,New Customers
14970.0,67,4,1592.06,3,4,4,344,Needs Attention
14971.0,34,3,1116.57,3,3,4,334,Needs Attention
14972.0,127,1,114.77,2,1,1,211,Lost Customers
14973.0,106,3,1314.45,2,3,4,234,High Value At Risk
14974.0,36,1,114.39,3,1,1,311,New Customers
14975.0,56,1,279.94,3,1,2,312,New Customers
14976.0,56,7,749.86,3,5,3,353,Needs Attention
14978.0,71,5,1931.42,2,4,4,244,At Risk
14981.0,245,1,102.12,1,1,1,111,Lost Customers
14984.0,18,2,213.27,4,2,1,421,New Customers
14985.0,197,2,296.75,1,2,2,122,Lost Customers
14987.0,15,2,326.4,4,2,2,422,New Customers
14988.0,211,1,334.54,1,1,2,112,Lost Customers
14995.0,38,2,233.23000000000002,3,2,1,321,New Customers
14997.0,45,4,540.98,3,4,3,343,Needs Attention
14998.0,169,2,429.87,2,2,2,222,Lost Customers
15000.0,47,1,490.52,3,1,3,313,New Customers
15002.0,115,4,1641.76,2,4,4,244,At Risk
15004.0,146,1,1245.93,2,1,4,214,High Value At Risk
15005.0,15,35,6178.79,4,5,5,455,Champions
15006.0,50,1,497.14,3,1,3,313,New Customers
15007.0,158,1,156.91,2,1,1,211,Lost Customers
15009.0,11,3,1261.78,4,3,4,434,Loyal Customers
15010.0,35,1,308.94,3,1,2,312,New Customers
15012.0,53,2,423.04,3,2,2,322,New Customers
15014.0,42,2,260.17,3,2,2,322,New Customers
15016.0,172,1,170.04,2,1,1,211,Lost Customers
15017.0,33,1,125.58,3,1,1,311,New Customers
15018.0,38,4,456.26,3,4,2,342,Needs Attention
15019.0,266,1,266.0,1,1,2,112,Lost Customers
15021.0,8,13,1872.28,5,5,4,554,Champions
15022.0,11,4,905.04,4,4,4,444,Champions
15023.0,2,12,6744.26,5,5,5,555,Champions
15024.0,9,10,1661.33,5,5,4,554,Champions
15025.0,32,1,377.01,3,1,2,312,New Customers
15026.0,79,3,464.2,2,3,3,233,Needs Attention
15027.0,30,6,1051.95,4,4,4,444,Champions
15028.0,7,4,627.13,5,4,3,543,Loyal Customers
15030.0,71,2,518.28,2,2,3,223,Lost Customers
15031.0,3,4,668.14,5,4,3,543,Loyal Customers
15032.0,255,5,4464.1,1,4,5,145,At Risk
15033.0,4,11,2567.72,5,5,5,555,Champions
15034.0,15,11,4277.66,4,5,5,455,Champions
15035.0,89,1,252.73000000000002,2,1,2,212,Lost Customers
15036.0,71,3,465.55,2,3,3,233,Needs Attention
15038.0,42,7,665.59,3,5,3,353,Needs Attention
15039.0,9,52,19786.44,5,5,5,555,Champions
15041.0,169,1,180.35,2,1,1,211,Lost Customers
15042.0,198,1,135.93,1,1,1,111,Lost Customers
15043.0,30,1,537.0,4,1,3,413,New Customers
15044.0,18,22,7629.38,4,5,5,455,Champions
15045.0,151,3,633.66,2,3,3,233,Needs Attention
15046.0,8,16,5045.0599999999995,5,5,5,555,Champions
15047.0,269,1,343.62,1,1,2,112,Lost Customers
15048.0,64,5,380.57,3,4,2,342,Needs Attention
15049.0,273,1,121.17000000000002,1,1,1,111,Lost Customers
15050.0,24,5,1727.17,4,4,4,444,Champions
15051.0,22,3,1391.61,4,3,4,434,Loyal Customers
15052.0,318,1,215.78,1,1,1,111,Lost Customers
15053.0,4,3,697.79,5,3,3,533,Loyal Customers
15054.0,11,2,302.1,4,2,2,422,New Customers
15057.0,274,2,1489.5,1,2,4,124,High Value At Risk
15058.0,24,11,2124.9900000000002,4,5,5,455,Champions
15059.0,40,11,1325.82,3,5,4,354,Needs Attention
15060.0,7,4,301.84,5,4,2,542,Loyal Customers
15061.0,3,54,54250.34,5,5,5,555,Champions
15062.0,70,4,987.86,3,4,4,344,Needs Attention
15063.0,212,1,370.79999999999995,1,1,2,112,Lost Customers
15065.0,37,6,3135.98,3,4,5,345,Needs Attention
15066.0,31,2,760.59,4,2,3,423,New Customers
15067.0,77,3,1744.76,2,3,4,234,High Value At Risk
15068.0,45,2,553.36,3,2,3,323,New Customers
15069.0,178,1,1109.53,2,1,4,214,High Value At Risk
15070.0,372,1,106.2,1,1,1,111,Lost Customers
15071.0,93,2,982.07,2,2,4,224,High Value At Risk
15073.0,9,4,612.43,5,4,3,543,Loyal Customers
15074.0,104,1,748.87,2,1,3,213,Lost Customers
15075.0,77,1,773.03,2,1,3,213,Lost Customers
15076.0,172,1,880.85,2,1,3,213,Lost Customers
15078.0,6,38,9623.35,5,5,5,555,Champions
15079.0,212,5,893.66,1,4,3,143,At Risk
15081.0,21,6,487.35,4,4,3,443,Loyal Customers
15083.0,256,1,88.2,1,1,1,111,Lost Customers
15087.0,281,1,306.94,1,1,2,112,Lost Customers
15088.0,20,3,1140.27,4,3,4,434,Loyal Customers
15089.0,9,6,2420.84,5,4,5,545,Champions
15090.0,307,1,381.32,1,1,2,112,Lost Customers
15091.0,53,2,476.96,3,2,3,323,New Customers
15092.0,214,2,457.81,1,2,2,122,Lost Customers
15093.0,17,9,4410.14,4,5,5,455,Champions
15095.0,103,5,1364.7,2,4,4,244,At Risk
15096.0,42,1,219.39000000000001,3,1,1,311,New Customers
15097.0,3,1,248.08,5,1,2,512,New Customers
15098.0,181,4,39619.5,1,4,5,145,At Risk
15099.0,83,1,410.48,2,1,2,212,Lost Customers
15100.0,329,6,635.1,1,4,3,143,At Risk
15101.0,8,3,310.03,5,3,2,532,Loyal Customers
15103.0,30,2,703.36,4,2,3,423,New Customers
15104.0,166,3,1002.54,2,3,4,234,High Value At Risk
15105.0,17,7,2298.93,4,5,5,455,Champions
15106.0,17,7,1407.73,4,5,4,454,Champions
15107.0,310,8,260.0,1,5,2,152,At Risk
15108.0,141,4,1150.75,2,4,4,244,At Risk
15109.0,240,2,463.75,1,2,3,123,Lost Customers
15110.0,23,7,970.25,4,5,4,454,Champions
15111.0,28,3,1567.48,4,3,4,434,Loyal Customers
15113.0,9,4,3439.02,5,4,5,545,Champions
15114.0,29,10,2760.56,4,5,5,455,Champions
15115.0,17,1,340.11,4,1,2,412,New Customers
15116.0,17,4,1352.75,4,4,4,444,Champions
15117.0,14,6,1550.13,4,4,4,444,Champions
15118.0,133,1,244.8,2,1,2,212,Lost Customers
15119.0,245,1,266.4,1,1,2,112,Lost Customers
15120.0,129,2,343.82,2,2,2,222,Lost Customers
15121.0,49,2,457.72,3,2,2,322,New Customers
15122.0,84,6,1612.13,2,4,4,244,At Risk
15123.0,6,2,2199.31,5,2,5,525,Potential Loyalists
15124.0,22,2,184.19,4,2,1,421,New Customers
15125.0,24,23,11117.05,4,5,5,455,Champions
15127.0,65,1,406.53,3,1,2,312,New Customers
15128.0,59,7,1423.25,3,5,4,354,Needs Attention
15129.0,49,11,3447.4,3,5,5,355,Needs Attention
15130.0,169,1,330.11,2,1,2,212,Lost Customers
15132.0,17,5,977.9300000000001,4,4,4,444,Champions
15133.0,127,3,982.42,2,3,4,234,High Value At Risk
15134.0,14,8,1387.99,4,5,4,454,Champions
15135.0,232,2,127.15,1,2,1,121,Lost Customers
15136.0,2,5,1282.45,5,4,4,544,Champions
15139.0,239,2,178.96,1,2,1,121,Lost Customers
15140.0,51,8,2350.0,3,5,5,355,Needs Attention
15142.0,45,1,498.74,3,1,3,313,New Customers
15143.0,225,1,259.45,1,1,2,112,Lost Customers
15144.0,7,18,6530.04,5,5,5,555,Champions
15145.0,3,4,1194.73,5,4,4,544,Champions
15146.0,164,3,1313.66,2,3,4,234,High Value At Risk
15147.0,218,2,608.65,1,2,3,123,Lost Customers
15148.0,10,1,301.29,5,1,2,512,New Customers
15149.0,133,1,520.8000000000001,2,1,3,213,Lost Customers
15150.0,16,11,5303.97,4,5,5,455,Champions
15152.0,9,16,4684.24,5,5,5,555,Champions
15153.0,30,1,329.25,4,1,2,412,New Customers
15154.0,73,2,240.27,2,2,2,222,Lost Customers
15156.0,0,3,961.49,5,3,4,534,Loyal Customers
15157.0,3,5,1879.84,5,4,4,544,Champions
15158.0,44,1,401.40000000000003,3,1,2,312,New Customers
15159.0,1,34,18573.68,5,5,5,555,Champions
15160.0,356,1,158.16,1,1,1,111,Lost Customers
15163.0,17,2,304.47,4,2,2,422,New Customers
15164.0,68,3,843.05,3,3,3,333,Needs Attention
15165.0,372,1,487.75,1,1,3,113,Lost Customers
15167.0,320,1,163.0,1,1,1,111,Lost Customers
15168.0,25,1,106.56,4,1,1,411,New Customers
15171.0,324,2,1034.5,1,2,4,124,High Value At Risk
15172.0,8,5,1624.05,5,4,4,544,Champions
15174.0,322,1,135.75,1,1,1,111,Lost Customers
15175.0,71,1,224.14,2,1,1,211,Lost Customers
15178.0,259,1,40.5,1,1,1,111,Lost Customers
15179.0,17,7,2186.2,4,5,5,455,Champions
15180.0,366,1,87.5,1,1,1,111,Lost Customers
15181.0,65,4,684.53,3,4,3,343,Needs Attention
15182.0,153,2,622.85,2,2,3,223,Lost Customers
15184.0,28,2,406.76,4,2,2,422,New Customers
15185.0,69,1,310.62,3,1,2,312,New Customers
15186.0,13,2,411.41,4,2,2,422,New Customers
15187.0,1,17,4655.08,5,5,5,555,Champions
15189.0,0,53,15802.14,5,5,5,555,Champions
15192.0,119,3,1044.32,2,3,4,234,High Value At Risk
15193.0,60,1,499.32,3,1,3,313,New Customers
15194.0,2,22,7521.17,5,5,5,555,Champions
15195.0,2,1,3861.0,5,1,5,515,Potential Loyalists
15197.0,8,5,656.44,5,4,3,543,Loyal Customers
15198.0,91,2,193.64,2,2,1,221,Lost Customers
15199.0,58,4,1268.7,3,4,4,344,Needs Attention
15201.0,78,11,927.84,2,5,4,254,At Risk
15203.0,25,6,1827.8,4,4,4,444,Champions
15204.0,356,1,316.58,1,1,2,112,Lost Customers
15205.0,84,2,653.24,2,2,3,223,Lost Customers
15206.0,9,4,420.29999999999995,5,4,2,542,Loyal Customers
15208.0,0,6,867.62,5,4,3,543,Loyal Customers
15210.0,224,1,331.18,1,1,2,112,Lost Customers
15211.0,59,2,894.4100000000001,3,2,3,323,New Customers
15212.0,238,2,88.94999999999999,1,2,1,121,Lost Customers
15213.0,318,3,325.05,1,3,2,132,Needs Attention
15214.0,1,8,1661.44,5,5,4,554,Champions
15215.0,44,6,615.99,3,4,3,343,Needs Attention
15216.0,87,1,96.6,2,1,1,211,Lost Customers
15218.0,10,11,5756.89,5,5,5,555,Champions
15219.0,175,1,305.75,2,1,2,212,Lost Customers
15220.0,51,7,1758.92,3,5,4,354,Needs Attention
15221.0,365,2,114.1,1,2,1,121,Lost Customers
15222.0,318,1,585.0,1,1,3,113,Lost Customers
15223.0,225,3,454.90000000000003,1,3,2,132,Needs Attention
15224.0,357,3,310.48,1,3,2,132,Needs Attention
15225.0,233,1,409.40000000000003,1,1,2,112,Lost Customers
15226.0,310,1,154.41,1,1,1,111,Lost Customers
15227.0,36,5,1219.4,3,4,4,344,Needs Attention
15228.0,65,5,3376.96,3,4,5,345,Needs Attention
15230.0,238,2,429.6,1,2,2,122,Lost Customers
15232.0,112,2,612.06,2,2,3,223,Lost Customers
15234.0,276,1,197.0,1,1,1,111,Lost Customers
15235.0,217,12,2247.51,1,5,5,155,At Risk
15236.0,298,1,321.05,1,1,2,112,Lost Customers
15237.0,1,4,1412.32,5,4,4,544,Champions
15238.0,28,5,1056.54,4,4,4,444,Champions
15239.0,9,3,764.34,5,3,3,533,Loyal Customers
15240.0,44,7,1685.57,3,5,4,354,Needs Attention
15241.0,66,9,1738.59,3,5,4,354,Needs Attention
15243.0,73,1,316.68,2,1,2,212,Lost Customers
15244.0,64,2,631.57,3,2,3,323,New Customers
15245.0,133,3,2515.84,2,3,5,235,High Value At Risk
15246.0,237,2,514.15,1,2,3,123,Lost Customers
15247.0,121,1,356.0,2,1,2,212,Lost Customers
15249.0,31,15,6657.36,4,5,5,455,Champions
15251.0,8,15,10327.11,5,5,5,555,Champions
15252.0,35,2,740.78,3,2,3,323,New Customers
15253.0,15,6,915.3,4,4,4,444,Champions
15254.0,126,1,300.36,2,1,2,212,Lost Customers
15255.0,66,1,890.85,3,1,3,313,New Customers
15256.0,148,1,98.45,2,1,1,211,Lost Customers
15257.0,280,2,232.14999999999998,1,2,1,121,Lost Customers
15258.0,168,2,623.16,2,2,3,223,Lost Customers
15260.0,99,8,1780.77,2,5,4,254,At Risk
15261.0,134,1,254.82,2,1,2,212,Lost Customers
15262.0,323,1,178.95000000000002,1,1,1,111,Lost Customers
15263.0,106,1,156.51,2,1,1,211,Lost Customers
15264.0,63,1,393.74,3,1,2,312,New Customers
15265.0,150,2,1506.1200000000001,2,2,4,224,High Value At Risk
15266.0,337,1,119.3,1,1,1,111,Lost Customers
15267.0,21,5,1717.36,4,4,4,444,Champions
15269.0,23,1,408.8,4,1,2,412,New Customers
15270.0,15,9,2298.2,4,5,5,455,Champions
15271.0,6,16,2485.82,5,5,5,555,Champions
15272.0,56,2,721.94,3,2,3,323,New Customers
15274.0,3,2,716.57,5,2,3,523,New Customers
15275.0,30,2,609.19,4,3,3,433,Loyal Customers
15276.0,65,1,135.31,3,1,1,311,New Customers
15277.0,46,1,255.89999999999998,3,1,2,312,New Customers
15279.0,354,2,277.40999999999997,1,3,2,132,Needs Attention
15280.0,171,1,113.12,2,1,1,211,Lost Customers
15281.0,58,12,2239.9500000000003,3,5,5,355,Needs Attention
15286.0,49,1,240.55,3,1,2,312,New Customers
15287.0,21,3,485.24,4,3,3,433,Loyal Customers
15288.0,42,5,2306.52,3,4,5,345,Needs Attention
15289.0,28,4,935.1,4,4,4,444,Champions
15290.0,4,21,7803.7699999999995,5,5,5,555,Champions
15291.0,25,19,4551.51,4,5,5,455,Champions
15292.0,200,1,180.94,1,1,1,111,Lost Customers
15296.0,43,10,3610.31,3,5,5,355,Needs Attention
15297.0,9,4,635.04,5,4,3,543,Loyal Customers
15298.0,1,14,3774.1,5,5,5,555,Champions
15299.0,66,7,3901.0,3,5,5,355,Needs Attention
15300.0,63,1,496.44,3,1,3,313,New Customers
15301.0,50,14,5028.12,3,5,5,355,Needs Attention
15303.0,289,1,574.02,1,1,3,113,Lost Customers
15304.0,60,10,680.3,3,5,3,353,Needs Attention
15306.0,63,3,1174.35,3,3,4,334,Needs Attention
15307.0,95,1,205.3,2,1,1,211,Lost Customers
15308.0,270,2,302.27,1,3,2,132,Needs Attention
15311.0,0,118,59419.340000000004,5,5,5,555,Champions
15312.0,74,5,921.1,2,4,4,244,At Risk
15313.0,109,1,52.0,2,1,1,211,Lost Customers
15314.0,198,1,327.97,1,1,2,112,Lost Customers
15315.0,63,3,551.54,3,3,3,333,Needs Attention
15316.0,326,1,165.0,1,1,1,111,Lost Customers
15318.0,3,1,312.62,5,1,2,512,New Customers
15319.0,283,1,204.5,1,1,1,111,Lost Customers
15320.0,43,1,267.13,3,1,2,312,New Customers
15321.0,48,4,2650.73,3,4,5,345,Needs Attention
15322.0,63,2,602.97,3,3,3,333,Needs Attention
15325.0,103,1,162.29,2,1,1,211,Lost Customers
15326.0,333,1,311.71,1,1,2,112,Lost Customers
15327.0,52,1,208.75,3,1,1,311,New Customers
15329.0,34,5,1007.5,3,4,4,344,Needs Attention
15330.0,31,2,714.96,4,3,3,433,Loyal Customers
15332.0,365,4,1661.06,1,4,4,144,At Risk
15333.0,207,1,1028.56,1,1,4,114,High Value At Risk
15334.0,156,3,348.72,2,3,2,232,Needs Attention
15335.0,53,1,173.97,3,1,1,311,New Customers
15339.0,65,3,557.57,3,3,3,333,Needs Attention
15341.0,80,1,2020.52,2,1,5,215,High Value At Risk
15342.0,115,2,391.76,2,3,2,232,Needs Attention
15343.0,86,1,364.5,2,1,2,212,Lost Customers
15344.0,0,5,476.58,5,4,3,543,Loyal Customers
15345.0,34,2,367.69,3,3,2,332,Needs Attention
15346.0,332,1,252.42000000000002,1,1,2,112,Lost Customers
15347.0,365,1,201.60000000000002,1,1,1,111,Lost Customers
15348.0,71,1,158.04,2,1,1,211,Lost Customers
15349.0,157,2,473.81,2,3,3,233,Needs Attention
15350.0,372,1,115.65,1,1,1,111,Lost Customers
15351.0,11,10,1862.14,4,5,4,454,Champions
15353.0,254,2,777.02,1,3,3,133,Needs Attention
15355.0,28,2,277.05,4,3,2,432,Loyal Customers
15356.0,30,10,2766.5,4,5,5,455,Champions
15358.0,4,29,8234.8,5,5,5,555,Champions
15360.0,39,1,427.93,3,1,2,312,New Customers
15361.0,361,1,418.92,1,1,2,112,Lost Customers
15363.0,240,2,318.05,1,3,2,132,Needs Attention
15364.0,95,2,913.19,2,3,4,234,High Value At Risk
15365.0,25,8,1549.17,4,5,4,454,Champions
15366.0,74,2,602.51,2,3,3,233,Needs Attention
15367.0,56,5,1867.69,3,4,4,344,Needs Attention
15368.0,20,1,446.94000000000005,4,1,2,412,New Customers
15370.0,40,8,2360.55,3,5,5,355,Needs Attention
15372.0,136,1,2007.3999999999999,2,1,5,215,High Value At Risk
15373.0,7,13,2213.11,5,5,5,555,Champions
15374.0,128,1,168.0,2,1,1,211,Lost Customers
15376.0,39,3,1233.3600000000001,3,3,4,334,Needs Attention
15379.0,168,8,3631.8900000000003,2,5,5,255,At Risk
15380.0,8,6,1682.3600000000001,5,4,4,544,Champions
15381.0,213,2,596.85,1,3,3,133,Needs Attention
15382.0,14,8,5927.86,4,5,5,455,Champions
15384.0,169,3,635.76,2,3,3,233,Needs Attention
15385.0,39,1,316.88,3,1,2,312,New Customers
15386.0,185,1,394.14,1,1,2,112,Lost Customers
15388.0,269,1,140.54,1,1,1,111,Lost Customers
15389.0,171,1,500.0,2,1,3,213,Lost Customers
15392.0,4,5,1515.73,5,4,4,544,Champions
15393.0,15,2,231.86,4,3,1,431,Loyal Customers
15394.0,9,4,2183.54,5,4,5,545,Champions
15395.0,325,1,107.45,1,1,1,111,Lost Customers
15396.0,112,1,288.18,2,1,2,212,Lost Customers
15397.0,289,1,94.0,1,1,1,111,Lost Customers
15398.0,15,3,1339.63,4,3,4,434,Loyal Customers
15399.0,0,3,815.77,5,3,3,533,Loyal Customers
15400.0,91,6,666.7,2,4,3,243,At Risk
15402.0,148,2,626.35,2,3,3,233,Needs Attention
15405.0,188,1,349.1,1,1,2,112,Lost Customers
15406.0,17,4,426.61,4,4,2,442,Loyal Customers
15407.0,33,4,1056.44,3,4,4,344,Needs Attention
15408.0,263,1,267.18,1,1,2,112,Lost Customers
15410.0,83,8,3450.84,2,5,5,255,At Risk
15411.0,25,5,1346.38,4,4,4,444,Champions
15412.0,170,1,190.53,2,1,1,211,Lost Customers
15414.0,9,3,774.9000000000001,5,3,3,533,Loyal Customers
15415.0,312,1,572.8100000000001,1,1,3,113,Lost Customers
15416.0,64,5,3974.37,3,4,5,345,Needs Attention
15417.0,84,1,508.8,2,1,3,213,Lost Customers
15419.0,24,1,135.86,4,1,1,411,New Customers
15421.0,58,4,950.36,3,4,4,344,Needs Attention
15422.0,322,2,97.7,1,3,1,131,Needs Attention
15423.0,37,1,43.5,3,1,1,311,New Customers
15424.0,253,2,383.34,1,3,2,132,Needs Attention
15426.0,18,7,1429.9,4,5,4,454,Champions
15427.0,32,3,1483.14,3,3,4,334,Needs Attention
15428.0,14,1,93.78,4,1,1,411,New Customers
15429.0,26,3,364.90000000000003,4,3,2,432,Loyal Customers
15432.0,22,1,171.19,4,1,1,411,New Customers
15433.0,78,3,417.87,2,3,2,232,Needs Attention
15434.0,7,6,997.48,5,4,4,544,Champions
15435.0,21,1,149.29,4,1,1,411,New Customers
15436.0,11,3,1122.53,4,3,4,434,Loyal Customers
15437.0,261,1,200.16,1,1,1,111,Lost Customers
15438.0,130,1,156.57999999999998,2,1,1,211,Lost Customers
15440.0,54,3,383.68,3,3,2,332,Needs Attention
15442.0,248,1,594.0,1,1,3,113,Lost Customers
15443.0,1,8,3212.16,5,5,5,555,Champions
15444.0,8,2,1418.26,5,3,4,534,Loyal Customers
15445.0,263,1,113.5,1,1,1,111,Lost Customers
15447.0,330,1,155.17,1,1,1,111,Lost Customers
15448.0,312,1,494.64,1,1,3,113,Lost Customers
15449.0,25,5,971.22,4,4,4,444,Champions
15450.0,29,1,429.84,4,1,2,412,New Customers
15452.0,29,3,538.73,4,3,3,433,Loyal Customers
15453.0,1,7,1388.37,5,5,4,554,Champions
15454.0,361,1,179.1,1,1,1,111,Lost Customers
15456.0,282,3,447.22,1,3,2,132,Needs Attention
15457.0,261,1,237.07,1,1,2,112,Lost Customers
15458.0,24,1,161.64,4,1,1,411,New Customers
15460.0,353,1,216.76,1,1,1,111,Lost Customers
15462.0,93,3,234.6,2,3,1,231,Needs Attention
15463.0,28,1,126.14,4,1,1,411,New Customers
15464.0,337,1,1048.85,1,1,4,114,High Value At Risk
15465.0,19,24,6945.0199999999995,4,5,5,455,Champions
15466.0,84,1,334.53,2,1,2,212,Lost Customers
15467.0,8,4,511.88,5,4,3,543,Loyal Customers
15468.0,34,5,438.46,3,4,2,342,Needs Attention
15469.0,42,4,504.5,3,4,3,343,Needs Attention
15471.0,1,1,469.48,5,1,3,513,New Customers
15472.0,112,1,371.56,2,1,2,212,Lost Customers
15473.0,13,10,1465.2,4,5,4,454,Champions
15475.0,76,1,454.10999999999996,2,1,2,212,Lost Customers
15478.0,39,2,1441.42,3,3,4,334,Needs Attention
15480.0,115,1,905.5,2,1,4,214,High Value At Risk
15482.0,15,15,6528.72,4,5,5,455,Champions
15483.0,160,4,233.81,2,4,1,241,At Risk
15484.0,0,5,3563.11,5,4,5,545,Champions
15485.0,29,3,2575.0,4,3,5,435,Loyal Customers
15488.0,92,1,91.32000000000001,2,1,1,211,Lost Customers
15489.0,22,4,1090.03,4,4,4,444,Champions
15491.0,94,7,3090.85,2,5,5,255,At Risk
15492.0,27,2,659.4599999999999,4,3,3,433,Loyal Customers
15493.0,32,7,1967.25,3,5,4,354,Needs Attention
15494.0,20,2,1299.23,4,3,4,434,Loyal Customers
15497.0,17,3,1259.7,4,3,4,434,Loyal Customers
15498.0,2,30,13252.55,5,5,5,555,Champions
15500.0,7,4,1131.56,5,4,4,544,Champions
15502.0,15,19,5548.58,4,5,5,455,Champions
15503.0,362,1,147.09,1,1,1,111,Lost Customers
15504.0,80,1,52.83,2,1,1,211,Lost Customers
15505.0,52,7,3497.14,3,5,5,355,Needs Attention
15506.0,22,3,979.26,4,3,4,434,Loyal Customers
15507.0,171,1,492.36,2,1,3,213,Lost Customers
15508.0,188,6,1000.27,1,4,4,144,At Risk
15510.0,330,1,250.0,1,1,2,112,Lost Customers
15511.0,11,5,909.23,4,4,4,444,Champions
15512.0,155,2,121.0,2,3,1,231,Needs Attention
15513.0,30,22,14520.08,4,5,5,455,Champions
15514.0,11,13,2963.19,4,5,5,455,Champions
15516.0,44,3,62.43,3,3,1,331,Needs Attention
15517.0,232,1,267.03,1,1,2,112,Lost Customers
15518.0,63,12,1918.65,3,5,4,354,Needs Attention
15520.0,1,1,343.5,5,1,2,512,New Customers
15521.0,35,12,2699.65,3,5,5,355,Needs Attention
15522.0,32,2,398.84,3,3,2,332,Needs Attention
15523.0,83,1,412.01000000000005,2,1,2,212,Lost Customers
15524.0,24,1,440.0,4,1,2,412,New Customers
15525.0,1,4,808.52,5,4,3,543,Loyal Customers
15526.0,32,2,148.44,3,3,1,331,Needs Attention
15527.0,18,9,2412.93,4,5,5,455,Champions
15528.0,253,1,229.33,1,1,1,111,Lost Customers
15529.0,22,12,3965.23,4,5,5,455,Champions
15530.0,21,4,1502.35,4,4,4,444,Champions
15531.0,7,2,2007.44,5,3,5,535,Loyal Customers
15532.0,24,6,1507.18,4,4,4,444,Champions
15533.0,18,5,746.92,4,4,3,443,Loyal Customers
15535.0,172,7,459.9,2,5,2,252,At Risk
15537.0,162,1,110.92,2,1,1,211,Lost Customers
15539.0,6,1,538.46,5,1,3,513,New Customers
15540.0,10,1,213.3,5,1,1,511,New Customers
15541.0,113,1,85.13000000000001,2,1,1,211,Lost Customers
15543.0,287,1,127.86,1,1,1,111,Lost Customers
15544.0,8,11,3542.51,5,5,5,555,Champions
15545.0,53,2,292.71999999999997,3,3,2,332,Needs Attention
15547.0,6,14,4954.84,5,5,5,555,Champions
15549.0,76,4,1652.01,2,4,4,244,At Risk
15550.0,3,4,575.63,5,4,3,543,Loyal Customers
15551.0,36,1,436.06,3,1,2,312,New Customers
15552.0,216,1,90.12,1,1,1,111,Lost Customers
15553.0,59,1,437.23,3,1,2,312,New Customers
15554.0,277,1,217.2,1,1,1,111,Lost Customers
15555.0,11,20,4756.06,4,5,5,455,Champions
15556.0,23,1,279.77,4,1,2,412,New Customers
15557.0,28,1,473.65000000000003,4,1,3,413,New Customers
15561.0,11,5,722.74,4,4,3,443,Loyal Customers
15562.0,351,1,134.55,1,1,1,111,Lost Customers
15563.0,8,5,1310.69,5,4,4,544,Champions
15565.0,49,2,173.16,3,3,1,331,Needs Attention
15567.0,18,1,186.01,4,1,1,411,New Customers
15568.0,2,3,758.29,5,3,3,533,Loyal Customers
15569.0,103,5,1375.71,2,4,4,244,At Risk
15570.0,6,13,4109.97,5,5,5,555,Champions
15571.0,11,4,650.4300000000001,4,4,3,443,Loyal Customers
15572.0,4,7,2552.86,5,5,5,555,Champions
15573.0,31,2,599.5,4,3,3,433,Loyal Customers
15574.0,177,4,702.25,2,4,3,243,At Risk
15576.0,37,1,940.6700000000001,3,1,4,314,New Customers
15577.0,150,3,258.88,2,3,2,232,Needs Attention
15578.0,161,1,127.1,2,1,1,211,Lost Customers
15579.0,68,2,348.6,3,3,2,332,Needs Attention
15581.0,155,10,721.63,2,5,3,253,At Risk
15582.0,24,3,682.9100000000001,4,3,3,433,Loyal Customers
15584.0,23,5,722.61,4,4,3,443,Loyal Customers
15585.0,176,1,455.3,2,1,2,212,Lost Customers
15587.0,49,4,913.6800000000001,3,4,4,344,Needs Attention
15589.0,252,4,456.58,1,4,2,142,At Risk
15592.0,46,1,388.58,3,1,2,312,New Customers
15593.0,70,1,199.8,3,1,1,311,New Customers
15594.0,15,6,1767.53,4,4,4,444,Champions
15596.0,100,9,1343.34,2,5,4,254,At Risk
15597.0,29,2,315.71999999999997,4,3,2,432,Loyal Customers
15598.0,34,3,235.68,3,3,1,331,Needs Attention
15599.0,26,2,761.74,4,3,3,433,Loyal Customers
15601.0,10,17,6745.36,5,5,5,555,Champions
15602.0,7,14,1102.3700000000001,5,5,4,554,Champions
15603.0,78,1,48.480000000000004,2,1,1,211,Lost Customers
15604.0,51,1,216.39,3,1,1,311,New Customers
15605.0,35,5,1198.23,3,4,4,344,Needs Attention
15606.0,56,11,2422.64,3,5,5,355,Needs Attention
15607.0,336,1,104.76,1,1,1,111,Lost Customers
15608.0,27,4,1093.68,4,4,4,444,Champions
15609.0,182,2,270.03000000000003,1,3,2,132,Needs Attention
15610.0,51,1,112.46000000000001,3,1,1,311,New Customers
15611.0,9,13,1547.39,5,5,4,554,Champions
15612.0,35,2,195.15,3,3,1,331,Needs Attention
15615.0,9,27,10360.04,5,5,5,555,Champions
15618.0,32,5,747.031,3,4,3,343,Needs Attention
15619.0,10,1,336.40000000000003,5,1,2,512,New Customers
15620.0,49,6,1524.4,3,4,4,344,Needs Attention
15621.0,3,6,1158.77,5,4,4,544,Champions
15622.0,2,16,3224.53,5,5,5,555,Champions
15623.0,140,1,301.03,2,1,2,212,Lost Customers
15624.0,116,4,588.13,2,4,3,243,At Risk
15625.0,99,8,1504.56,2,5,4,254,At Risk
15626.0,74,2,675.8,2,3,3,233,Needs Attention
15628.0,4,10,2865.64,5,5,5,555,Champions
15630.0,44,3,1180.4,3,3,4,334,Needs Attention
15632.0,15,10,3147.31,4,5,5,455,Champions
15634.0,16,1,243.55,4,1,2,412,New Customers
15636.0,89,2,724.76,2,3,3,233,Needs Attention
15637.0,52,1,223.36,3,1,1,311,New Customers
15638.0,300,1,-94.0,1,1,1,111,Lost Customers
15639.0,133,1,425.32,2,1,2,212,Lost Customers
15640.0,3,17,12433.34,5,5,5,555,Champions
15641.0,104,4,1887.2,2,4,4,244,At Risk
15643.0,178,6,647.4,2,4,3,243,At Risk
15644.0,165,4,813.0,2,4,3,243,At Risk
15645.0,18,1,611.59,4,1,3,413,New Customers
15646.0,157,4,425.14000000000004,2,4,2,242,At Risk
15648.0,203,4,602.6,1,4,3,143,At Risk
15649.0,335,2,816.0,1,3,3,133,Needs Attention
15651.0,36,3,646.3,3,3,3,333,Needs Attention
15652.0,90,1,337.74,2,1,2,212,Lost Customers
15653.0,92,2,877.4399999999999,2,3,3,233,Needs Attention
15654.0,8,2,922.53,5,3,4,534,Loyal Customers
15655.0,232,2,511.32,1,3,3,133,Needs Attention
15656.0,44,4,748.5,3,4,3,343,Needs Attention
15657.0,22,1,30.0,4,1,1,411,New Customers
15658.0,189,8,958.9,1,5,4,154,At Risk
15659.0,43,1,306.45,3,1,2,312,New Customers
15660.0,24,12,1552.01,4,5,4,454,Champions
15661.0,316,2,309.8,1,3,2,132,Needs Attention
15663.0,105,1,138.14,2,1,1,211,Lost Customers
15664.0,50,2,358.63,3,3,2,332,Needs Attention
15665.0,167,2,2242.01,2,3,5,235,High Value At Risk
15667.0,39,1,301.32,3,1,2,312,New Customers
15668.0,217,1,76.32000000000001,1,1,1,111,Lost Customers
15669.0,39,5,677.69,3,4,3,343,Needs Attention
15670.0,296,1,173.05,1,1,1,111,Lost Customers
15671.0,18,10,2635.4900000000002,4,5,5,455,Champions
15673.0,87,4,2881.02,2,4,5,245,At Risk
15674.0,72,6,1744.02,2,4,4,244,At Risk
15675.0,80,3,323.69,2,3,2,232,Needs Attention
15676.0,8,5,3324.09,5,4,5,545,Champions
15677.0,48,1,657.23,3,1,3,313,New Customers
15678.0,52,1,352.7,3,1,2,312,New Customers
15679.0,23,4,781.28,4,4,3,443,Loyal Customers
15680.0,8,3,1333.68,5,3,4,534,Loyal Customers
15681.0,17,6,946.36,4,4,4,444,Champions
15683.0,116,1,193.75,2,1,1,211,Lost Customers
15687.0,8,11,2981.5,5,5,5,555,Champions
15689.0,119,2,254.1,2,3,2,232,Needs Attention
15690.0,3,2,239.76,5,3,2,532,Loyal Customers
15691.0,251,1,136.8,1,1,1,111,Lost Customers
15692.0,27,1,191.04,4,1,1,411,New Customers
15694.0,0,14,6408.6,5,5,5,555,Champions
15695.0,266,2,409.98,1,3,2,132,Needs Attention
15696.0,32,12,2644.46,3,5,5,355,Needs Attention
15699.0,17,1,309.65,4,1,2,412,New Customers
15700.0,171,3,664.03,2,3,3,233,Needs Attention
15701.0,1,4,1542.14,5,4,4,544,Champions
15703.0,264,1,211.5,1,1,1,111,Lost Customers
15704.0,139,4,2293.62,2,4,5,245,At Risk
15705.0,200,1,143.1,1,1,1,111,Lost Customers
15706.0,59,7,1001.8100000000001,3,5,4,354,Needs Attention
15707.0,34,4,945.58,3,4,4,344,Needs Attention
15708.0,40,11,3329.7200000000003,3,5,5,355,Needs Attention
15709.0,283,1,133.25,1,1,1,111,Lost Customers
15712.0,8,5,1072.3600000000001,5,4,4,544,Champions
15713.0,142,3,346.75,2,3,2,232,Needs Attention
15714.0,11,2,330.88,4,3,2,432,Loyal Customers
15716.0,145,4,1118.81,2,4,4,244,At Risk
15717.0,233,1,150.3,1,1,1,111,Lost Customers
15719.0,32,14,5042.31,3,5,5,355,Needs Attention
15720.0,23,1,598.73,4,1,3,413,New Customers
15721.0,11,1,507.08,4,1,3,413,New Customers
15722.0,35,6,2181.21,3,4,5,345,Needs Attention
15723.0,364,1,203.1,1,1,1,111,Lost Customers
15724.0,200,3,212.3,1,3,1,131,Needs Attention
15725.0,14,1,415.25,4,1,2,412,New Customers
15727.0,16,7,5178.96,4,5,5,455,Champions
15728.0,48,1,-134.8,3,1,1,311,New Customers
15729.0,197,2,62.0,1,3,1,131,Needs Attention
15730.0,65,4,1108.38,3,4,4,344,Needs Attention
15732.0,211,2,294.12,1,3,2,132,Needs Attention
15733.0,282,1,162.3,1,1,1,111,Lost Customers
15734.0,114,2,1339.45,2,3,4,234,High Value At Risk
15737.0,14,12,1121.21,4,5,4,454,Champions
15738.0,18,19,4788.77,4,5,5,455,Champions
15739.0,65,1,449.12,3,1,2,312,New Customers
15740.0,48,1,154.88,3,1,1,311,New Customers
15743.0,15,4,784.46,4,4,3,443,Loyal Customers
15744.0,77,1,34.8,2,1,1,211,Lost Customers
15745.0,8,6,1071.24,5,4,4,544,Champions
15746.0,133,2,182.96,2,3,1,231,Needs Attention
15747.0,12,3,974.04,4,3,4,434,Loyal Customers
15748.0,39,1,149.31,3,1,1,311,New Customers
15749.0,234,4,21535.9,1,4,5,145,At Risk
15750.0,2,9,2451.23,5,5,5,555,Champions
15752.0,39,8,2628.93,3,5,5,355,Needs Attention
15753.0,304,1,79.2,1,1,1,111,Lost Customers
15754.0,50,4,455.67,3,4,2,342,Needs Attention
15755.0,0,8,2318.88,5,5,5,555,Champions
15756.0,60,4,532.96,3,4,3,343,Needs Attention
15757.0,65,2,714.42,3,3,3,333,Needs Attention
15758.0,24,1,205.25,4,1,1,411,New Customers
15759.0,217,3,253.04,1,3,2,132,Needs Attention
15762.0,64,2,583.75,3,3,3,333,Needs Attention
15763.0,31,3,1048.67,4,3,4,434,Loyal Customers
15764.0,80,10,3245.47,2,5,5,255,At Risk
15766.0,63,1,315.06,3,1,2,312,New Customers
15768.0,115,3,621.8299999999999,2,3,3,233,Needs Attention
15769.0,6,29,51823.72,5,5,5,555,Champions
15773.0,5,1,635.6800000000001,5,1,3,513,New Customers
15774.0,68,1,270.8,3,1,2,312,New Customers
15775.0,244,1,104.9,1,1,1,111,Lost Customers
15776.0,132,1,241.62,2,1,2,212,Lost Customers
15777.0,240,5,1021.61,1,4,4,144,At Risk
15780.0,183,3,475.28000000000003,1,3,3,133,Needs Attention
15781.0,24,4,333.56,4,4,2,442,Loyal Customers
15782.0,9,4,2593.94,5,4,5,545,Champions
15783.0,10,1,246.3,5,1,2,512,New Customers
15785.0,29,8,2303.75,4,5,5,455,Champions
15786.0,43,5,4834.2,3,4,5,345,Needs Attention
15787.0,25,3,948.05,4,3,4,434,Loyal Customers
15789.0,357,1,351.3,1,1,2,112,Lost Customers
15790.0,9,1,220.85,5,1,1,511,New Customers
15791.0,43,3,1604.44,3,3,4,334,Needs Attention
15793.0,8,4,948.96,5,4,4,544,Champions
15795.0,149,1,610.01,2,1,3,213,Lost Customers
15796.0,0,9,2707.61,5,5,5,555,Champions
15797.0,112,3,2192.4,2,3,5,235,High Value At Risk
15799.0,75,3,884.14,2,3,3,233,Needs Attention
15800.0,106,2,699.08,2,3,3,233,Needs Attention
15801.0,45,4,1042.19,3,4,4,344,Needs Attention
15803.0,50,1,415.82000000000005,3,1,2,312,New Customers
15804.0,0,19,3848.55,5,5,5,555,Champions
15805.0,22,20,5452.17,4,5,5,455,Champions
15806.0,45,3,784.58,3,3,3,333,Needs Attention
15807.0,49,3,903.9,3,3,3,333,Needs Attention
15808.0,305,5,3724.77,1,4,5,145,At Risk
15809.0,35,6,399.21,3,4,2,342,Needs Attention
15810.0,78,7,1145.43,2,5,4,254,At Risk
15811.0,16,9,2171.32,4,5,5,455,Champions
15812.0,106,5,1801.14,2,4,4,244,At Risk
15813.0,207,2,1303.9099999999999,1,3,4,134,High Value At Risk
15814.0,2,6,1842.73,5,4,4,544,Champions
15815.0,63,5,2100.6,3,4,5,345,Needs Attention
15819.0,48,4,1905.45,3,4,4,344,Needs Attention
15820.0,319,1,206.98,1,1,1,111,Lost Customers
15821.0,43,2,570.96,3,3,3,333,Needs Attention
15822.0,2,2,885.47,5,3,3,533,Loyal Customers
15823.0,336,2,-796.86,1,3,1,131,Needs Attention
15825.0,171,1,532.94,2,1,3,213,Lost Customers
15826.0,50,4,1649.3600000000001,3,4,4,344,Needs Attention
15827.0,72,20,1648.54,2,5,4,254,At Risk
15829.0,98,2,636.14,2,3,3,233,Needs Attention
15830.0,28,2,547.7,4,3,3,433,Loyal Customers
15831.0,57,4,747.76,3,4,3,343,Needs Attention
15832.0,253,1,836.79,1,1,3,113,Lost Customers
15834.0,69,6,2082.4,3,4,5,345,Needs Attention
15835.0,43,4,954.09,3,4,4,344,Needs Attention
15836.0,44,2,117.47,3,3,1,331,Needs Attention
15837.0,64,1,391.98,3,1,2,312,New Customers
15838.0,10,20,33362.28,5,5,5,555,Champions
15839.0,24,5,1020.74,4,4,4,444,Champions
15840.0,58,3,345.66,3,3,2,332,Needs Attention
15841.0,63,6,1209.1,3,4,4,344,Needs Attention
15843.0,303,1,118.95000000000002,1,1,1,111,Lost Customers
15844.0,45,1,130.73999999999998,3,1,1,311,New Customers
15845.0,17,10,3650.87,4,5,5,455,Champions
15847.0,37,2,389.27,3,3,2,332,Needs Attention
15850.0,18,2,238.85,4,3,2,432,Loyal Customers
15852.0,186,2,160.71,1,3,1,131,Needs Attention
15853.0,51,1,110.8,3,1,1,311,New Customers
15854.0,3,12,2974.65,5,5,5,555,Champions
15855.0,136,5,712.24,2,4,3,243,At Risk
15856.0,3,31,16172.41,5,5,5,555,Champions
15857.0,18,1,297.0,4,1,2,412,New Customers
15858.0,15,5,1438.85,4,4,4,444,Champions
15860.0,40,8,977.21,3,5,4,354,Needs Attention
15861.0,11,9,3000.36,4,5,5,455,Champions
15862.0,7,4,832.88,5,4,3,543,Loyal Customers
15863.0,25,2,68.84,4,3,1,431,Loyal Customers
15864.0,21,8,1769.7800000000002,4,5,4,454,Champions
15865.0,40,3,895.13,3,3,3,333,Needs Attention
15866.0,100,1,230.53,2,1,1,211,Lost Customers
15867.0,4,16,3791.25,5,5,5,555,Champions
15869.0,276,2,149.64,1,3,1,131,Needs Attention
15870.0,32,1,354.09000000000003,3,1,2,312,New Customers
15872.0,14,2,360.93,4,3,2,432,Loyal Customers
15874.0,62,9,4330.67,3,5,5,355,Needs Attention
15877.0,1,3,440.78,5,3,2,532,Loyal Customers
15880.0,368,2,313.28000000000003,1,3,2,132,Needs Attention
15881.0,311,8,438.24,1,5,2,152,At Risk
15882.0,198,5,493.08000000000004,1,4,3,143,At Risk
15883.0,1,2,396.48,5,3,2,532,Loyal Customers
15885.0,92,1,349.35,2,1,2,212,Lost Customers
15886.0,59,1,181.09,3,1,1,311,New Customers
15888.0,79,2,135.6,2,3,1,231,Needs Attention
15889.0,156,2,427.57,2,3,2,232,Needs Attention
15891.0,226,1,521.97,1,1,3,113,Lost Customers
15894.0,252,2,262.9,1,3,2,132,Needs Attention
15895.0,149,1,179.17,2,1,1,211,Lost Customers
15897.0,193,2,222.05,1,3,1,131,Needs Attention
15898.0,0,6,1384.68,5,4,4,544,Champions
15899.0,368,1,56.25,1,1,1,111,Lost Customers
15900.0,23,1,351.11,4,1,2,412,New Customers
15901.0,16,3,361.9,4,3,2,432,Loyal Customers
15903.0,9,8,5126.34,5,5,5,555,Champions
15904.0,7,1,164.68,5,1,1,511,New Customers
15906.0,19,8,1521.79,4,5,4,454,Champions
15907.0,3,3,966.6,5,3,4,534,Loyal Customers
15909.0,173,1,191.94,2,1,1,211,Lost Customers
15910.0,0,8,1232.18,5,5,4,554,Champions
15912.0,177,2,264.62,2,3,2,232,Needs Attention
15916.0,15,10,1491.24,4,5,4,454,Champions
15917.0,247,1,123.1,1,1,1,111,Lost Customers
15918.0,190,2,334.23,1,3,2,132,Needs Attention
15919.0,19,2,639.89,4,3,3,433,Loyal Customers
15920.0,153,3,163.55,2,3,1,231,Needs Attention
15921.0,172,1,336.03000000000003,2,1,2,212,Lost Customers
15922.0,371,2,363.6,1,3,2,132,Needs Attention
15923.0,372,1,127.08,1,1,1,111,Lost Customers
15925.0,193,1,207.15,1,1,1,111,Lost Customers
15930.0,66,1,426.63,3,1,2,312,New Customers
15932.0,3,11,2461.85,5,5,5,555,Champions
15933.0,20,3,1107.46,4,3,4,434,Loyal Customers
15935.0,238,1,108.03999999999999,1,1,1,111,Lost Customers
15937.0,63,1,145.35,3,1,1,311,New Customers
15938.0,111,5,404.58,2,4,2,242,At Risk
15939.0,89,16,6102.26,2,5,5,255,At Risk
15940.0,310,1,35.8,1,1,1,111,Lost Customers
15942.0,133,1,337.44,2,1,2,212,Lost Customers
15944.0,276,1,325.1,1,1,2,112,Lost Customers
15945.0,364,1,181.0,1,1,1,111,Lost Customers
15947.0,82,1,1708.24,2,1,4,214,High Value At Risk
15948.0,7,2,955.24,5,3,4,534,Loyal Customers
15949.0,16,2,364.72,4,3,2,432,Loyal Customers
15950.0,1,5,1705.26,5,4,4,544,Champions
15951.0,0,3,669.57,5,3,3,533,Loyal Customers
15952.0,33,4,806.57,3,4,3,343,Needs Attention
15953.0,14,10,1634.53,4,5,4,454,Champions
15955.0,23,16,4389.81,4,5,5,455,Champions
15957.0,31,1,428.89,4,1,2,412,New Customers
15958.0,73,1,104.35,2,1,1,211,Lost Customers
15963.0,19,2,470.76,4,3,3,433,Loyal Customers
15965.0,16,4,845.64,4,4,3,443,Loyal Customers
15967.0,22,2,418.83,4,3,2,432,Loyal Customers
15969.0,2,4,582.9,5,4,3,543,Loyal Customers
15970.0,303,1,314.1,1,1,2,112,Lost Customers
15971.0,17,12,4194.9,4,5,5,455,Champions
15973.0,235,3,99.77000000000002,1,3,1,131,Needs Attention
15974.0,38,8,3429.55,3,5,5,355,Needs Attention
15975.0,83,1,371.01,2,1,2,212,Lost Customers
15976.0,164,2,430.94,2,3,2,232,Needs Attention
15977.0,16,2,1054.73,4,3,4,434,Loyal Customers
15978.0,76,1,1098.78,2,1,4,214,High Value At Risk
15980.0,88,3,2398.86,2,3,5,235,High Value At Risk
15981.0,24,8,3408.48,4,5,5,455,Champions
15983.0,21,4,1475.02,4,4,4,444,Champions
15984.0,2,11,2816.97,5,5,5,555,Champions
15985.0,122,3,1037.42,2,3,4,234,High Value At Risk
15986.0,29,1,168.12,4,1,1,411,New Customers
15987.0,11,7,1451.28,4,5,4,454,Champions
15988.0,18,1,158.03,4,1,1,411,New Customers
15990.0,43,2,792.11,3,3,3,333,Needs Attention
15992.0,3,1,41.989999999999995,5,1,1,511,New Customers
15993.0,8,10,2748.12,5,5,5,555,Champions
15994.0,54,1,427.07,3,1,2,312,New Customers
15996.0,87,7,1044.78,2,5,4,254,At Risk
15998.0,36,6,3084.17,3,4,5,345,Needs Attention
16000.0,2,3,12393.7,5,3,5,535,Loyal Customers
16003.0,29,5,2735.37,4,4,5,445,Champions
16005.0,11,4,615.39,4,4,3,443,Loyal Customers
16006.0,210,1,101.4,1,1,1,111,Lost Customers
16007.0,47,4,1701.94,3,4,4,344,Needs Attention
16008.0,23,3,478.78,4,3,3,433,Loyal Customers
16009.0,21,4,992.71,4,4,4,444,Champions
16010.0,245,3,407.5,1,3,2,132,Needs Attention
16011.0,7,16,3362.71,5,5,5,555,Champions
16012.0,34,3,1415.29,3,3,4,334,Needs Attention
16013.0,3,52,33453.45,5,5,5,555,Champions
16014.0,35,4,653.13,3,4,3,343,Needs Attention
16015.0,3,4,690.25,5,4,3,543,Loyal Customers
16016.0,2,10,1483.31,5,5,4,554,Champions
16017.0,46,1,211.88,3,1,1,311,New Customers
16018.0,38,2,408.90000000000003,3,3,2,332,Needs Attention
16019.0,1,10,3450.2400000000002,5,5,5,555,Champions
16020.0,16,3,851.01,4,3,3,433,Loyal Customers
16022.0,259,1,628.28,1,1,3,113,Lost Customers
16023.0,45,3,719.81,3,3,3,333,Needs Attention
16024.0,11,1,245.96,4,1,2,412,New Customers
16025.0,29,1,439.65999999999997,4,1,2,412,New Customers
16026.0,42,1,236.09,3,1,1,311,New Customers
16027.0,91,6,934.62,2,4,4,244,At Risk
16029.0,38,66,58193.85,3,5,5,355,Needs Attention
16030.0,309,1,331.24,1,1,2,112,Lost Customers
16031.0,91,2,548.94,2,3,3,233,Needs Attention
16033.0,5,27,8727.61,5,5,5,555,Champions
16034.0,195,3,437.7,1,3,2,132,Needs Attention
16036.0,86,2,758.92,2,3,3,233,Needs Attention
16037.0,269,3,855.02,1,3,3,133,Needs Attention
16038.0,7,4,454.33000000000004,5,4,2,542,Loyal Customers
16040.0,64,3,1313.55,3,3,4,334,Needs Attention
16041.0,30,3,3166.4,4,3,5,435,Loyal Customers
16042.0,21,7,1147.37,4,5,4,454,Champions
16043.0,37,4,773.99,3,4,3,343,Needs Attention
16045.0,119,4,1340.7,2,4,4,244,At Risk
16048.0,85,3,243.69000000000003,2,3,2,232,Needs Attention
16049.0,39,3,1111.79,3,3,4,334,Needs Attention
16050.0,173,1,137.9,2,1,1,211,Lost Customers
16052.0,53,1,362.06,3,1,2,312,New Customers
16053.0,32,2,1511.95,3,3,4,334,Needs Attention
16054.0,144,1,783.9,2,1,3,213,Lost Customers
16055.0,220,1,134.8,1,1,1,111,Lost Customers
16056.0,44,1,664.85,3,1,3,313,New Customers
16057.0,3,10,2140.2200000000003,5,5,5,555,Champions
16059.0,65,6,1459.8600000000001,3,4,4,344,Needs Attention
16061.0,268,1,-29.95,1,1,1,111,Lost Customers
16062.0,9,4,1153.62,5,4,4,544,Champions
16063.0,259,1,335.32,1,1,2,112,Lost Customers
16065.0,364,1,372.09,1,1,2,112,Lost Customers
16066.0,16,5,1521.87,4,4,4,444,Champions
16070.0,21,2,852.15,4,3,3,433,Loyal Customers
16071.0,44,1,326.24,3,1,2,312,New Customers
16072.0,287,1,584.3199999999999,1,1,3,113,Lost Customers
16073.0,291,2,94.35,1,3,1,131,Needs Attention
16076.0,2,11,2173.53,5,5,5,555,Champions
16078.0,283,1,79.2,1,1,1,111,Lost Customers
16079.0,16,3,1352.0,4,3,4,434,Loyal Customers
16080.0,81,3,176.6,2,3,1,231,Needs Attention
16081.0,55,5,2806.9,3,4,5,345,Needs Attention
16083.0,100,2,1317.62,2,3,4,234,High Value At Risk
16084.0,298,1,436.18,1,1,2,112,Lost Customers
16085.0,22,5,981.51,4,4,4,444,Champions
16086.0,58,6,1119.31,3,4,4,344,Needs Attention
16091.0,154,2,315.06,2,3,2,232,Needs Attention
16092.0,98,5,779.36,2,4,3,243,At Risk
16093.0,106,1,17.0,2,1,1,211,Lost Customers
16094.0,11,6,1041.83,4,4,4,444,Champions
16096.0,263,1,320.62,1,1,2,112,Lost Customers
16097.0,239,1,185.04999999999998,1,1,1,111,Lost Customers
16098.0,87,7,2005.63,2,5,5,255,At Risk
16099.0,49,3,731.9,3,3,3,333,Needs Attention
16101.0,8,3,1245.96,5,3,4,534,Loyal Customers
16102.0,41,3,1842.14,3,3,4,334,Needs Attention
16103.0,6,6,1429.64,5,4,4,544,Champions
16104.0,61,1,302.36,3,1,2,312,New Customers
16105.0,248,1,336.96,1,1,2,112,Lost Customers
16106.0,65,1,108.38,3,1,1,311,New Customers
16107.0,17,7,3204.1600000000003,4,5,5,455,Champions
16108.0,84,2,816.1,2,3,3,233,Needs Attention
16109.0,218,2,611.88,1,3,3,133,Needs Attention
16110.0,44,3,1337.48,3,3,4,334,Needs Attention
16112.0,142,4,195.73999999999998,2,4,1,241,At Risk
16113.0,182,1,161.38,1,1,1,111,Lost Customers
16114.0,170,1,135.75000000000003,2,1,1,211,Lost Customers
16115.0,9,8,1667.97,5,5,4,554,Champions
16116.0,205,2,592.88,1,3,3,133,Needs Attention
16117.0,189,1,232.21,1,1,1,111,Lost Customers
16119.0,7,2,423.36,5,3,2,532,Loyal Customers
16120.0,58,5,1294.14,3,4,4,344,Needs Attention
16121.0,56,2,867.11,3,3,3,333,Needs Attention
16122.0,72,4,684.4200000000001,2,4,3,243,At Risk
16123.0,51,1,307.78,3,1,2,312,New Customers
16124.0,315,2,187.15,1,3,1,131,Needs Attention
16125.0,366,1,289.35,1,1,2,112,Lost Customers
16126.0,28,4,6287.77,4,4,5,445,Champions
16127.0,38,1,656.25,3,1,3,313,New Customers
16128.0,17,5,1880.22,4,4,4,444,Champions
16131.0,51,6,3506.54,3,4,5,345,Needs Attention
16133.0,3,46,14305.66,5,5,5,555,Champions
16134.0,21,3,603.69,4,3,3,433,Loyal Customers
16135.0,262,1,517.55,1,1,3,113,Lost Customers
16136.0,59,3,709.38,3,3,3,333,Needs Attention
16138.0,367,1,-7.95,1,1,1,111,Lost Customers
16139.0,18,3,635.41,4,3,3,433,Loyal Customers
16140.0,52,3,708.18,3,3,3,333,Needs Attention
16141.0,87,1,620.4,2,1,3,213,Lost Customers
16142.0,249,1,535.34,1,1,3,113,Lost Customers
16143.0,2,7,2419.84,5,5,5,555,Champions
16144.0,246,1,175.2,1,1,1,111,Lost Customers
16145.0,8,18,3741.98,5,5,5,555,Champions
16146.0,156,3,734.13,2,3,3,233,Needs Attention
16147.0,133,1,375.0,2,1,2,212,Lost Customers
16148.0,295,1,76.32000000000001,1,1,1,111,Lost Customers
16149.0,4,2,280.52,5,3,2,532,Loyal Customers
16150.0,38,10,1906.07,3,5,4,354,Needs Attention
16152.0,268,1,1829.04,1,1,4,114,High Value At Risk
16153.0,49,5,1824.23,3,4,4,344,Needs Attention
16156.0,8,13,3032.2400000000002,5,5,5,555,Champions
16157.0,15,4,644.24,4,4,3,443,Loyal Customers
16159.0,281,1,348.2,1,1,2,112,Lost Customers
16160.0,63,4,1009.4499999999999,3,4,4,344,Needs Attention
16161.0,1,25,5396.72,5,5,5,555,Champions
16162.0,251,1,37.4,1,1,1,111,Lost Customers
16163.0,224,3,441.59999999999997,1,3,2,132,Needs Attention
16164.0,16,4,802.53,4,4,3,443,Loyal Customers
16168.0,10,28,3770.6,5,5,5,555,Champions
16169.0,7,4,1822.97,5,4,4,544,Champions
16170.0,50,7,1880.4199999999998,3,5,4,354,Needs Attention
16171.0,58,1,73.2,3,1,1,311,New Customers
16172.0,94,5,1140.21,2,4,4,244,At Risk
16173.0,15,7,1406.57,4,5,4,454,Champions
16174.0,125,3,1009.5500000000001,2,3,4,234,High Value At Risk
16175.0,93,4,1037.59,2,4,4,244,At Risk
16177.0,49,1,331.95,3,1,2,312,New Customers
16178.0,137,1,197.9,2,1,1,211,Lost Customers
16179.0,60,1,215.83,3,1,1,311,New Customers
16180.0,99,10,10217.48,2,5,5,255,At Risk
16181.0,72,1,305.54,2,1,2,212,Lost Customers
16182.0,71,4,6617.65,2,4,5,245,At Risk
16183.0,66,1,338.71000000000004,3,1,2,312,New Customers
16184.0,63,7,1155.54,3,5,4,354,Needs Attention
16185.0,16,2,529.41,4,3,3,433,Loyal Customers
16186.0,22,13,3991.94,4,5,5,455,Champions
16187.0,31,17,6841.24,4,5,5,455,Champions
16188.0,44,4,981.86,3,4,4,344,Needs Attention
16189.0,15,2,215.48,4,3,1,431,Loyal Customers
16190.0,39,1,215.08,3,1,1,311,New Customers
16191.0,2,24,4916.57,5,5,5,555,Champions
16193.0,236,1,314.45,1,1,2,112,Lost Customers
16198.0,74,1,400.68100000000004,2,1,2,212,Lost Customers
16200.0,3,2,1080.6200000000001,5,3,4,534,Loyal Customers
16201.0,2,5,1821.52,5,4,4,544,Champions
16202.0,360,1,365.27,1,1,2,112,Lost Customers
16203.0,58,5,589.15,3,4,3,343,Needs Attention
16204.0,22,1,405.71,4,1,2,412,New Customers
16205.0,30,4,754.78,4,4,3,443,Loyal Customers
16206.0,54,4,537.0600000000001,3,4,3,343,Needs Attention
16207.0,24,1,394.38,4,1,2,412,New Customers
16208.0,44,2,664.26,3,3,3,333,Needs Attention
16209.0,88,5,2262.62,2,4,5,245,At Risk
16210.0,1,17,21076.3,5,5,5,555,Champions
16211.0,80,2,542.77,2,3,3,233,Needs Attention
16212.0,18,3,681.19,4,3,3,433,Loyal Customers
16213.0,78,1,159.0,2,1,1,211,Lost Customers
16214.0,170,3,1062.75,2,3,4,234,High Value At Risk
16215.0,80,1,242.35,2,1,2,212,Lost Customers
16216.0,266,1,914.9300000000001,1,1,4,114,High Value At Risk
16217.0,234,3,266.45000000000005,1,3,2,132,Needs Attention
16218.0,29,8,3054.87,4,5,5,455,Champions
16221.0,36,3,864.86,3,3,3,333,Needs Attention
16222.0,317,1,846.72,1,1,3,113,Lost Customers
16224.0,56,4,1295.3,3,4,4,344,Needs Attention
16225.0,44,5,1096.32,3,4,4,344,Needs Attention
16226.0,202,3,255.12,1,3,2,132,Needs Attention
16227.0,218,2,308.32000000000005,1,3,2,132,Needs Attention
16229.0,86,2,1010.6,2,3,4,234,High Value At Risk
16230.0,189,2,542.03,1,3,3,133,Needs Attention
16232.0,32,5,983.23,3,4,4,344,Needs Attention
16233.0,70,5,422.13,3,4,2,342,Needs Attention
16235.0,40,5,848.41,3,4,3,343,Needs Attention
16236.0,77,1,432.2,2,1,2,212,Lost Customers
16239.0,56,3,372.9,3,3,2,332,Needs Attention
16240.0,7,5,3693.81,5,4,5,545,Champions
16241.0,9,13,2607.87,5,5,5,555,Champions
16242.0,7,8,3598.26,5,5,5,555,Champions
16243.0,33,2,409.1,3,3,2,332,Needs Attention
16244.0,211,2,1522.75,1,3,4,134,High Value At Risk
16245.0,23,5,1352.3600000000001,4,4,4,444,Champions
16247.0,169,1,114.56,2,1,1,211,Lost Customers
16248.0,61,1,152.94,3,1,1,311,New Customers
16249.0,52,5,1800.07,3,4,4,344,Needs Attention
16250.0,260,2,389.44,1,3,2,132,Needs Attention
16252.0,365,1,-295.09,1,1,1,111,Lost Customers
16253.0,66,2,3683.86,3,3,5,335,Needs Attention
16255.0,16,10,2609.3,4,5,5,455,Champions
16256.0,257,2,732.63,1,3,3,133,Needs Attention
16257.0,176,1,46.95,2,1,1,211,Lost Customers
16258.0,44,5,5203.51,3,4,5,345,Needs Attention
16260.0,50,1,1035.45,3,1,4,314,New Customers
16261.0,16,4,746.83,4,4,3,443,Loyal Customers
16262.0,360,1,-31.65,1,2,1,121,Lost Customers
16265.0,8,11,5423.15,5,5,5,555,Champions
16266.0,73,7,861.89,2,5,3,253,At Risk
16268.0,70,2,667.65,3,3,3,333,Needs Attention
16270.0,352,1,1141.24,1,2,4,124,High Value At Risk
16271.0,2,6,1423.29,5,4,4,544,Champions
16272.0,116,1,411.7,2,2,2,222,Lost Customers
16274.0,372,1,337.75,1,2,2,122,Lost Customers
16275.0,196,1,559.87,1,2,3,123,Lost Customers
16276.0,176,1,810.6000000000001,2,2,3,223,Lost Customers
16278.0,22,3,537.83,4,3,3,433,Loyal Customers
16279.0,20,4,1496.68,4,4,4,444,Champions
16281.0,71,1,2062.06,2,2,5,225,High Value At Risk
16282.0,339,1,168.3,1,2,1,121,Lost Customers
16283.0,5,7,1529.81,5,5,4,554,Champions
16284.0,30,2,823.97,4,3,3,433,Loyal Customers
16287.0,169,1,142.5,2,2,1,221,Lost Customers
16292.0,116,2,280.9,2,3,2,232,Needs Attention
16293.0,8,12,2236.7400000000002,5,5,5,555,Champions
16295.0,9,4,1328.55,5,4,4,544,Champions
16297.0,249,3,278.55,1,3,2,132,Needs Attention
16298.0,22,3,598.2,4,3,3,433,Loyal Customers
16302.0,107,2,212.82,2,3,1,231,Needs Attention
16303.0,25,4,5305.83,4,4,5,445,Champions
16305.0,138,1,361.21999999999997,2,2,2,222,Lost Customers
16306.0,213,9,602.27,1,5,3,153,At Risk
16308.0,37,4,2560.0,3,4,5,345,Needs Attention
16309.0,91,3,686.67,2,3,3,233,Needs Attention
16311.0,17,2,616.26,4,3,3,433,Loyal Customers
16313.0,2,2,274.15000000000003,5,3,2,532,Loyal Customers
16315.0,330,1,226.37,1,2,1,121,Lost Customers
16316.0,63,12,2755.56,3,5,5,355,Needs Attention
16317.0,119,3,1341.65,2,3,4,234,High Value At Risk
16318.0,34,1,328.15,3,2,2,322,New Customers
16319.0,217,1,404.40000000000003,1,2,2,122,Lost Customers
16320.0,171,2,1038.46,2,3,4,234,High Value At Risk
16321.0,71,7,230.70000000000002,2,5,1,251,At Risk
16322.0,0,2,326.75,5,3,2,532,Loyal Customers
16323.0,195,1,207.50000000000003,1,2,1,121,Lost Customers
16324.0,127,3,428.68,2,3,2,232,Needs Attention
16325.0,43,5,510.54,3,4,3,343,Needs Attention
16326.0,5,15,3085.96,5,5,5,555,Champions
16327.0,13,6,3813.62,4,4,5,445,Champions
16330.0,17,4,242.21,4,4,2,442,Loyal Customers
16332.0,27,8,1583.2,4,5,4,454,Champions
16333.0,7,22,26626.8,5,5,5,555,Champions
16337.0,36,1,151.05,3,2,1,321,New Customers
16338.0,156,1,214.79999999999998,2,2,1,221,Lost Customers
16339.0,283,1,109.95,1,2,1,121,Lost Customers
16340.0,106,1,549.07,2,2,3,223,Lost Customers
16341.0,24,6,1959.38,4,4,4,444,Champions
16342.0,74,4,322.41,2,4,2,242,At Risk
16343.0,15,2,370.47999999999996,4,3,2,432,Loyal Customers
16344.0,157,1,101.10000000000001,2,2,1,221,Lost Customers
16345.0,43,1,575.41,3,2,3,323,New Customers
16347.0,10,2,887.65,5,3,3,533,Loyal Customers
16348.0,31,7,1467.11,4,5,4,454,Champions
16349.0,290,1,53.5,1,2,1,121,Lost Customers
16350.0,20,5,1100.47,4,4,4,444,Champions
16351.0,332,1,153.9,1,2,1,121,Lost Customers
16352.0,17,2,494.44,4,3,3,433,Loyal Customers
16353.0,3,23,6675.71,5,5,5,555,Champions
16354.0,62,2,395.8,3,3,2,332,Needs Attention
16356.0,197,4,210.32000000000002,1,4,1,141,At Risk
16357.0,32,3,658.88,3,3,3,333,Needs Attention
16358.0,0,5,2024.95,5,4,5,545,Champions
16359.0,6,12,1460.3700000000001,5,5,4,554,Champions
16360.0,4,8,3411.69,5,5,5,555,Champions
16361.0,9,4,896.66,5,4,3,543,Loyal Customers
16362.0,31,9,652.07,4,5,3,453,Loyal Customers
16363.0,52,1,109.36000000000001,3,2,1,321,New Customers
16364.0,11,2,707.04,4,3,3,433,Loyal Customers
16365.0,17,9,1540.42,4,5,4,454,Champions
16366.0,18,1,327.3,4,2,2,422,New Customers
16367.0,36,2,804.49,3,3,3,333,Needs Attention
16368.0,1,2,497.43,5,3,3,533,Loyal Customers
16369.0,17,3,1551.58,4,3,4,434,Loyal Customers
16370.0,81,4,1320.56,2,4,4,244,At Risk
16372.0,32,2,367.93,3,3,2,332,Needs Attention
16374.0,65,2,465.08,3,3,3,333,Needs Attention
16376.0,8,3,977.52,5,3,4,534,Loyal Customers
16377.0,266,1,676.2,1,2,3,123,Lost Customers
16378.0,246,3,362.95,1,3,2,132,Needs Attention
16379.0,3,5,2131.9,5,4,5,545,Champions
16380.0,60,1,1780.59,3,2,4,324,New Customers
16383.0,74,2,668.36,2,3,3,233,Needs Attention
16384.0,89,2,584.5,2,3,3,233,Needs Attention
16385.0,59,3,555.89,3,3,3,333,Needs Attention
16386.0,28,2,317.2,4,3,2,432,Loyal Customers
16387.0,322,1,94.36,1,2,1,121,Lost Customers
16389.0,52,5,1362.27,3,4,4,344,Needs Attention
16392.0,269,1,221.19,1,2,1,121,Lost Customers
16393.0,1,20,2941.05,5,5,5,555,Champions
16394.0,49,9,1412.06,3,5,4,354,Needs Attention
16395.0,60,5,1486.9,3,4,4,344,Needs Attention
16398.0,144,4,1631.15,2,4,4,244,At Risk
16399.0,18,2,406.77,4,3,2,432,Loyal Customers
16400.0,94,1,303.93,2,2,2,222,Lost Customers
16401.0,0,19,4063.19,5,5,5,555,Champions
16402.0,264,2,299.6,1,3,2,132,Needs Attention
16403.0,301,2,161.04999999999998,1,3,1,131,Needs Attention
16404.0,69,1,443.05,3,2,2,322,New Customers
16405.0,301,2,167.25,1,3,1,131,Needs Attention
16406.0,18,1,163.07,4,2,1,421,New Customers
16407.0,12,10,2126.93,4,5,5,455,Champions
16409.0,35,5,2028.88,3,4,5,345,Needs Attention
16411.0,18,2,214.65,4,3,1,431,Loyal Customers
16412.0,53,1,151.83,3,2,1,321,New Customers
16413.0,56,1,262.2,3,2,2,322,New Customers
16414.0,21,2,126.25,4,3,1,431,Loyal Customers
16415.0,43,1,210.35,3,2,1,321,New Customers
16416.0,26,4,1031.4,4,4,4,444,Champions
16418.0,44,3,675.27,3,3,3,333,Needs Attention
16419.0,112,7,959.48,2,5,4,254,At Risk
16422.0,16,60,34311.0,4,5,5,455,Champions
16423.0,24,1,346.12,4,2,2,422,New Customers
16424.0,190,2,82.56,1,3,1,131,Needs Attention
16425.0,301,1,302.7,1,2,2,122,Lost Customers
16426.0,1,10,1908.25,5,5,4,554,Champions
16427.0,262,2,241.06,1,3,2,132,Needs Attention
16428.0,80,1,-2.95,2,2,1,221,Lost Customers
16429.0,105,1,284.55,2,2,2,222,Lost Customers
16430.0,56,1,300.85,3,2,2,322,New Customers
16431.0,212,3,642.81,1,3,3,133,Needs Attention
16432.0,63,1,287.4,3,2,2,322,New Customers
16433.0,27,1,184.26,4,2,1,421,New Customers
16434.0,28,7,1522.25,4,5,4,454,Champions
16438.0,5,5,798.35,5,4,3,543,Loyal Customers
16440.0,7,5,3640.67,5,4,5,545,Champions
16441.0,66,2,381.2,3,3,2,332,Needs Attention
16442.0,1,3,616.79,5,3,3,533,Loyal Customers
16444.0,45,5,645.72,3,4,3,343,Needs Attention
16445.0,33,1,230.51,3,2,1,321,New Customers
16446.0,0,3,2.8999999999941792,5,3,1,531,Loyal Customers
16447.0,135,1,259.01,2,2,2,222,Lost Customers
16448.0,197,1,188.89000000000001,1,2,1,121,Lost Customers
16449.0,190,3,674.69,1,3,3,133,Needs Attention
16450.0,149,1,311.92,2,2,2,222,Lost Customers
16451.0,87,1,266.97,2,2,2,222,Lost Customers
16454.0,63,1,5.9,3,2,1,321,New Customers
16455.0,63,7,1841.18,3,5,4,354,Needs Attention
16456.0,98,5,2158.37,2,4,5,245,At Risk
16457.0,217,1,208.36,1,2,1,121,Lost Customers
16458.0,2,18,3482.7400000000002,5,5,5,555,Champions
16460.0,27,3,814.72,4,3,3,433,Loyal Customers
16461.0,177,1,151.42,2,2,1,221,Lost Customers
16462.0,63,4,102.0,3,4,1,341,Needs Attention
16463.0,20,7,1383.7,4,5,4,454,Champions
16464.0,19,3,1314.68,4,3,4,434,Loyal Customers
16466.0,33,7,1603.46,3,5,4,354,Needs Attention
16468.0,73,1,74.9,2,2,1,221,Lost Customers
16469.0,23,4,650.43,4,4,3,443,Loyal Customers
16470.0,51,5,757.44,3,4,3,343,Needs Attention
16471.0,274,1,223.95000000000002,1,2,1,121,Lost Customers
16473.0,164,4,314.86,2,4,2,242,At Risk
16474.0,6,11,1811.31,5,5,4,554,Champions
16475.0,87,4,544.3,2,4,3,243,At Risk
16477.0,63,7,2494.46,3,5,5,355,Needs Attention
16478.0,24,3,331.0,4,3,2,432,Loyal Customers
16479.0,9,2,300.83,5,3,2,532,Loyal Customers
16480.0,75,1,769.29,2,2,3,223,Lost Customers
16482.0,15,1,220.62,4,2,1,421,New Customers
16483.0,191,1,139.35,1,2,1,121,Lost Customers
16484.0,173,3,379.4,2,3,2,232,Needs Attention
16485.0,76,1,363.65,2,2,2,222,Lost Customers
16488.0,32,4,492.2,3,4,3,343,Needs Attention
16491.0,46,1,731.5,3,2,3,323,New Customers
16493.0,72,6,1329.66,2,4,4,244,At Risk
16494.0,296,1,826.53,1,2,3,123,Lost Customers
16495.0,2,3,684.41,5,3,3,533,Loyal Customers
16496.0,8,4,1562.22,5,4,4,544,Champions
16497.0,49,6,2965.69,3,4,5,345,Needs Attention
16498.0,160,3,86.12,2,3,1,231,Needs Attention
16499.0,359,5,319.1,1,4,2,142,At Risk
16500.0,4,6,400.86,5,4,2,542,Loyal Customers
16503.0,106,5,1421.43,2,4,4,244,At Risk
16504.0,24,1,484.38,4,2,3,423,New Customers
16505.0,31,1,777.6,4,2,3,423,New Customers
16506.0,19,2,90.30000000000001,4,3,1,431,Loyal Customers
16509.0,296,1,363.7,1,2,2,122,Lost Customers
16510.0,371,1,248.1,1,2,2,122,Lost Customers
16511.0,21,3,948.26,4,3,4,434,Loyal Customers
16513.0,4,4,874.59,5,4,3,543,Loyal Customers
16515.0,51,5,1627.13,3,4,4,344,Needs Attention
16516.0,29,1,101.69999999999999,4,2,1,421,New Customers
16517.0,276,1,162.7,1,2,1,121,Lost Customers
16518.0,60,3,480.92,3,3,3,333,Needs Attention
16519.0,24,2,212.98,4,3,1,431,Loyal Customers
16520.0,185,4,1036.6200000000001,1,4,4,144,At Risk
16523.0,1,28,9295.67,5,5,5,555,Champions
16525.0,1,29,11895.57,5,5,5,555,Champions
16526.0,171,1,290.36,2,2,2,222,Lost Customers
16527.0,80,1,228.06,2,2,1,221,Lost Customers
16528.0,3,1,244.41,5,2,2,522,New Customers
16529.0,189,1,455.25,1,2,2,122,Lost Customers
16531.0,21,7,1244.59,4,5,4,454,Champions
16532.0,17,3,6748.8,4,3,5,435,Loyal Customers
16533.0,18,5,1026.94,4,4,4,444,Champions
16535.0,4,1,593.75,5,2,3,523,New Customers
16536.0,106,2,539.02,2,3,3,233,Needs Attention
16539.0,2,4,1388.81,5,4,4,544,Champions
16542.0,53,1,119.62,3,2,1,321,New Customers
16545.0,164,1,339.3,2,2,2,222,Lost Customers
16546.0,290,3,-95.93,1,3,1,131,Needs Attention
16549.0,9,10,4154.64,5,5,5,555,Champions
16550.0,108,9,2266.25,2,5,5,255,At Risk
16551.0,95,3,922.12,2,3,4,234,High Value At Risk
16552.0,242,2,379.73,1,3,2,132,Needs Attention
16553.0,162,14,5664.57,2,5,5,255,At Risk
16554.0,2,7,641.55,5,5,3,553,Loyal Customers
16555.0,34,2,285.89,3,3,2,332,Needs Attention
16556.0,66,7,3313.79,3,5,5,355,Needs Attention
16557.0,23,2,281.85,4,3,2,432,Loyal Customers
16558.0,0,24,8257.04,5,5,5,555,Champions
16560.0,20,3,816.51,4,3,3,433,Loyal Customers
16561.0,5,2,511.12,5,3,3,533,Loyal Customers
16563.0,53,1,1077.74,3,2,4,324,New Customers
16565.0,363,1,173.7,1,2,1,121,Lost Customers
16566.0,14,6,614.01,4,4,3,443,Loyal Customers
16567.0,193,2,865.6,1,3,3,133,Needs Attention
16569.0,2,1,124.2,5,2,1,521,New Customers
16570.0,8,15,3622.95,5,5,5,555,Champions
16571.0,2,5,1285.22,5,4,4,544,Champions
16572.0,126,4,999.7,2,4,4,244,At Risk
16573.0,73,4,648.41,2,4,3,243,At Risk
16574.0,70,1,451.44,3,2,2,322,New Customers
16579.0,364,1,-30.599999999999998,1,2,1,121,Lost Customers
16581.0,154,2,70.44,2,3,1,231,Needs Attention
16582.0,112,1,313.62,2,2,2,222,Lost Customers
16583.0,373,1,233.45,1,2,1,121,Lost Customers
16584.0,79,3,908.03,2,3,4,234,High Value At Risk
16586.0,248,1,463.95,1,2,3,123,Lost Customers
16587.0,231,1,225.15,1,2,1,121,Lost Customers
16589.0,70,3,459.24,3,3,2,332,Needs Attention
16591.0,68,1,213.5,3,2,1,321,New Customers
16592.0,3,19,4073.28,5,5,5,555,Champions
16593.0,50,3,330.03,3,3,2,332,Needs Attention
16594.0,74,1,181.09,2,2,1,221,Lost Customers
16595.0,60,1,360.16,3,2,2,322,New Customers
16596.0,15,2,250.15,4,3,2,432,Loyal Customers
16597.0,3,1,90.04,5,2,1,521,New Customers
16598.0,276,2,140.7,1,3,1,131,Needs Attention
16600.0,3,6,813.52,5,4,3,543,Loyal Customers
16601.0,40,1,243.63,3,2,2,322,New Customers
16602.0,30,2,494.72999999999996,4,3,3,433,Loyal Customers
16603.0,74,2,482.47,2,3,3,233,Needs Attention
16607.0,17,16,3038.67,4,5,5,455,Champions
16609.0,14,9,5450.96,4,5,5,455,Champions
16610.0,218,1,75.66,1,2,1,121,Lost Customers
16611.0,185,2,120.99000000000001,1,3,1,131,Needs Attention
16612.0,32,4,1187.66,3,4,4,344,Needs Attention
16613.0,69,1,618.59,3,2,3,323,New Customers
16614.0,182,1,506.19,1,2,3,123,Lost Customers
16616.0,14,2,500.42,4,3,3,433,Loyal Customers
16617.0,235,1,151.85,1,2,1,121,Lost Customers
16618.0,30,6,2630.64,4,4,5,445,Champions
16619.0,253,2,204.41,1,3,1,131,Needs Attention
16620.0,3,2,178.96,5,3,1,531,Loyal Customers
16621.0,51,4,813.48,3,4,3,343,Needs Attention
16623.0,245,1,129.45,1,2,1,121,Lost Customers
16624.0,80,2,810.5699999999999,2,3,3,233,Needs Attention
16625.0,274,1,333.08,1,2,2,122,Lost Customers
16626.0,0,20,4379.65,5,5,5,555,Champions
16627.0,78,1,322.8,2,2,2,222,Lost Customers
16628.0,29,6,2183.04,4,4,5,445,Champions
16629.0,73,2,417.73,2,3,2,232,Needs Attention
16633.0,16,7,2878.15,4,5,5,455,Champions
16634.0,222,2,217.9,1,3,1,131,Needs Attention
16637.0,31,5,1124.59,4,4,4,444,Champions
16638.0,22,11,1676.47,4,5,4,454,Champions
16639.0,24,4,1169.38,4,4,4,444,Champions
16641.0,105,1,231.10000000000002,2,2,1,221,Lost Customers
16642.0,4,3,679.83,5,3,3,533,Loyal Customers
16643.0,245,1,487.51,1,2,3,123,Lost Customers
16644.0,177,2,833.78,2,3,3,233,Needs Attention
16647.0,169,2,214.06,2,3,1,231,Needs Attention
16648.0,38,2,270.85999999999996,3,3,2,332,Needs Attention
16650.0,71,1,518.42,2,2,3,223,Lost Customers
16652.0,53,11,6654.26,3,5,5,355,Needs Attention
16653.0,15,3,1166.92,4,3,4,434,Loyal Customers
16654.0,140,5,594.97,2,4,3,243,At Risk
16655.0,17,6,3794.52,4,4,5,445,Champions
16656.0,21,21,8568.24,4,5,5,455,Champions
16657.0,9,4,933.62,5,4,4,544,Champions
16658.0,367,1,123.24,1,2,1,121,Lost Customers
16659.0,188,1,39.12,1,2,1,121,Lost Customers
16660.0,15,5,810.4499999999999,4,4,3,443,Loyal Customers
16665.0,361,1,135.39999999999998,1,2,1,121,Lost Customers
16666.0,18,1,118.98,4,2,1,421,New Customers
16667.0,67,2,570.13,3,3,3,333,Needs Attention
16668.0,14,6,306.71999999999997,4,4,2,442,Loyal Customers
16669.0,23,2,1370.47,4,3,4,434,Loyal Customers
16670.0,16,17,4022.46,4,5,5,455,Champions
16671.0,27,3,1692.27,4,3,4,434,Loyal Customers
16672.0,1,22,8119.6900000000005,5,5,5,555,Champions
16674.0,54,2,319.61,3,3,2,332,Needs Attention
16676.0,33,5,1558.72,3,4,4,344,Needs Attention
16678.0,2,15,3025.24,5,5,5,555,Champions
16679.0,365,1,129.75,1,2,1,121,Lost Customers
16680.0,42,1,183.7,3,2,1,321,New Customers
16681.0,72,6,1770.34,2,4,4,244,At Risk
16682.0,4,5,1028.0,5,4,4,544,Champions
16684.0,3,30,65920.12,5,5,5,555,Champions
16685.0,60,2,324.24,3,3,2,332,Needs Attention
16686.0,46,9,3043.48,3,5,5,355,Needs Attention
16688.0,0,4,1260.86,5,4,4,544,Champions
16689.0,75,3,355.09999999999997,2,3,2,232,Needs Attention
16690.0,43,3,208.63,3,3,1,331,Needs Attention
16692.0,255,2,1126.0,1,3,4,134,High Value At Risk
16693.0,68,2,482.01,3,3,3,333,Needs Attention
16696.0,134,4,657.9000000000001,2,4,3,243,At Risk
16697.0,240,1,112.75,1,2,1,121,Lost Customers
16698.0,226,2,1998.0,1,3,5,135,High Value At Risk
16700.0,8,17,5040.0,5,5,5,555,Champions
16701.0,8,18,5150.2699999999995,5,5,5,555,Champions
16705.0,0,29,13946.130000000001,5,5,5,555,Champions
16706.0,36,3,531.35,3,3,3,333,Needs Attention
16708.0,45,1,656.63,3,2,3,323,New Customers
16709.0,84,5,3029.87,2,4,5,245,At Risk
16710.0,18,10,2483.04,4,5,5,455,Champions
16711.0,2,5,1651.03,5,4,4,544,Champions
16712.0,8,11,3637.78,5,5,5,555,Champions
16713.0,18,21,6840.2300000000005,4,5,5,455,Champions
16714.0,218,4,911.53,1,4,4,144,At Risk
16715.0,77,1,301.71999999999997,2,2,2,222,Lost Customers
16716.0,266,3,319.8000000000001,1,3,2,132,Needs Attention
16717.0,8,9,3278.36,5,5,5,555,Champions
16718.0,368,1,623.75,1,2,3,123,Lost Customers
16719.0,14,8,1773.92,4,5,4,454,Champions
16720.0,25,1,155.24,4,2,1,421,New Customers
16721.0,261,1,292.47,1,2,2,122,Lost Customers
16722.0,16,16,4711.21,4,5,5,455,Champions
16723.0,90,2,589.15,2,3,3,233,Needs Attention
16725.0,301,7,773.62,1,5,3,153,At Risk
16726.0,25,5,1382.02,4,4,4,444,Champions
16727.0,363,1,272.82,1,2,2,122,Lost Customers
16728.0,45,4,1054.67,3,4,4,344,Needs Attention
16729.0,35,26,7080.0,3,5,5,355,Needs Attention
16730.0,51,4,702.79,3,4,3,343,Needs Attention
16732.0,31,1,603.75,4,2,3,423,New Customers
16734.0,51,3,650.51,3,3,3,333,Needs Attention
16735.0,78,7,2269.21,2,5,5,255,At Risk
16737.0,52,1,417.59999999999997,3,2,2,322,New Customers
16738.0,297,1,3.75,1,2,1,121,Lost Customers
16739.0,171,2,312.55,2,3,2,232,Needs Attention
16742.0,46,1,-464.9,3,2,1,321,New Customers
16743.0,28,8,2191.84,4,5,5,455,Champions
16744.0,10,7,1304.76,5,5,4,554,Champions
16745.0,86,18,7170.7,2,5,5,255,At Risk
16746.0,4,19,6694.31,5,5,5,555,Champions
16747.0,24,4,826.96,4,4,3,443,Loyal Customers
16748.0,17,5,1515.9,4,4,4,444,Champions
16750.0,44,5,623.93,3,4,3,343,Needs Attention
16751.0,30,1,1764.72,4,2,4,424,Potential Loyalists
16752.0,372,1,207.5,1,2,1,121,Lost Customers
16753.0,57,1,223.92000000000002,3,2,1,321,New Customers
16754.0,371,1,2002.4,1,2,5,125,High Value At Risk
16755.0,113,5,1484.63,2,4,4,244,At Risk
16756.0,214,1,239.4,1,2,2,122,Lost Customers
16757.0,318,1,106.83000000000001,1,2,1,121,Lost Customers
16758.0,64,1,369.34000000000003,3,2,2,322,New Customers
16759.0,7,4,772.84,5,4,3,543,Loyal Customers
16761.0,96,1,316.62,2,2,2,222,Lost Customers
16762.0,19,3,1501.38,4,3,4,434,Loyal Customers
16763.0,184,2,594.9,1,3,3,133,Needs Attention
16764.0,3,18,2758.25,5,5,5,555,Champions
16765.0,293,1,34.0,1,2,1,121,Lost Customers
16766.0,272,2,1145.6,1,3,4,134,High Value At Risk
16767.0,30,11,5580.6,4,5,5,455,Champions
16768.0,47,5,458.04,3,4,2,342,Needs Attention
16769.0,259,1,380.39,1,2,2,122,Lost Customers
16770.0,57,6,744.9,3,4,3,343,Needs Attention
16771.0,32,5,2234.81,3,4,5,345,Needs Attention
16773.0,56,1,171.59,3,2,1,321,New Customers
16774.0,67,5,654.92,3,4,3,343,Needs Attention
16775.0,9,11,1695.66,5,5,4,554,Champions
16776.0,59,1,388.28,3,2,2,322,New Customers
16777.0,79,2,226.35,2,3,1,231,Needs Attention
16778.0,73,2,245.94,2,3,2,232,Needs Attention
16779.0,1,28,10454.05,5,5,5,555,Champions
16780.0,99,2,425.19,2,3,2,232,Needs Attention
16781.0,364,2,294.65,1,3,2,132,Needs Attention
16782.0,9,19,2242.25,5,5,5,555,Champions
16784.0,19,1,107.6,4,2,1,421,New Customers
16788.0,122,2,595.83,2,3,3,233,Needs Attention
16789.0,7,1,80.8,5,2,1,521,New Customers
16790.0,3,8,1520.1200000000001,5,5,4,554,Champions
16791.0,28,8,1693.53,4,5,4,454,Champions
16792.0,281,2,110.38000000000001,1,3,1,131,Needs Attention
16793.0,56,1,243.84,3,2,2,322,New Customers
16794.0,0,12,1199.49,5,5,4,554,Champions
16795.0,364,1,414.88,1,2,2,122,Lost Customers
16796.0,88,1,305.62,2,2,2,222,Lost Customers
16800.0,10,1,1201.49,5,2,4,524,Potential Loyalists
16801.0,162,5,867.83,2,4,3,243,At Risk
16803.0,64,1,332.3,3,2,2,322,New Customers
16804.0,22,3,536.99,4,3,3,433,Loyal Customers
16805.0,173,2,460.59,2,3,2,232,Needs Attention
16806.0,102,4,775.54,2,4,3,243,At Risk
16807.0,142,3,1121.59,2,3,4,234,High Value At Risk
16808.0,98,2,288.42,2,3,2,232,Needs Attention
16809.0,22,6,912.74,4,4,4,444,Champions
16810.0,191,2,275.64,1,3,2,132,Needs Attention
16811.0,4,2,547.07,5,3,3,533,Loyal Customers
16812.0,360,1,479.35,1,2,3,123,Lost Customers
16813.0,7,10,1692.98,5,5,4,554,Champions
16814.0,13,22,6490.7,4,5,5,455,Champions
16816.0,102,4,417.06,2,4,2,242,At Risk
16817.0,2,13,1446.95,5,5,4,554,Champions
16818.0,10,13,3317.97,5,5,5,555,Champions
16820.0,95,1,497.61,2,2,3,223,Lost Customers
16823.0,226,1,358.38,1,2,2,122,Lost Customers
16824.0,15,2,460.64,4,3,2,432,Loyal Customers
16825.0,38,2,775.1800000000001,3,3,3,333,Needs Attention
16826.0,50,1,341.7,3,2,2,322,New Customers
16828.0,111,1,113.5,2,2,1,221,Lost Customers
16829.0,156,1,197.22,2,2,1,221,Lost Customers
16830.0,38,1,325.91,3,2,2,322,New Customers
16832.0,183,3,199.15,1,3,1,131,Needs Attention
16833.0,0,4,1106.53,5,4,4,544,Champions
16834.0,227,1,413.46,1,2,2,122,Lost Customers
16835.0,127,2,180.85,2,3,1,231,Needs Attention
16836.0,39,2,251.87,3,3,2,332,Needs Attention
16837.0,30,12,3167.73,4,5,5,455,Champions
16838.0,196,3,582.9,1,3,3,133,Needs Attention
16839.0,8,39,15362.28,5,5,5,555,Champions
16841.0,36,7,1774.62,3,5,4,354,Needs Attention
16842.0,63,4,1260.44,3,4,4,344,Needs Attention
16843.0,42,17,10183.82,3,5,5,355,Needs Attention
16846.0,49,1,214.32,3,2,1,321,New Customers
16847.0,42,1,193.44,3,2,1,321,New Customers
16848.0,52,1,281.42,3,2,2,322,New Customers
16849.0,186,1,124.57,1,2,1,121,Lost Customers
16850.0,333,1,332.41,1,2,2,122,Lost Customers
16851.0,3,3,342.45,5,3,2,532,Loyal Customers
16852.0,9,2,144.91000000000003,5,3,1,531,Loyal Customers
16855.0,23,2,328.4,4,3,2,432,Loyal Customers
16856.0,14,1,35.400000000000006,4,2,1,421,New Customers
16858.0,365,2,345.89000000000004,1,3,2,132,Needs Attention
16859.0,105,5,473.14,2,4,3,243,At Risk
16861.0,59,3,156.06,3,3,1,331,Needs Attention
16863.0,28,4,481.35,4,4,3,443,Loyal Customers
16866.0,140,3,207.73999999999998,2,3,1,231,Needs Attention
16869.0,22,5,805.62,4,4,3,443,Loyal Customers
16871.0,21,7,2761.4900000000002,4,5,5,455,Champions
16872.0,76,3,680.02,2,3,3,233,Needs Attention
16873.0,4,10,7066.31,5,5,5,555,Champions
16875.0,63,9,2023.47,3,5,5,355,Needs Attention
16877.0,11,6,853.72,4,4,3,443,Loyal Customers
16878.0,24,2,0.0,4,3,1,431,Loyal Customers
16880.0,30,7,1519.08,4,5,4,454,Champions
16881.0,66,1,432.0,3,2,2,322,New Customers
16882.0,66,3,705.12,3,3,3,333,Needs Attention
16883.0,186,2,276.73,1,3,2,132,Needs Attention
16884.0,37,2,429.84000000000003,3,3,2,332,Needs Attention
16885.0,14,3,471.51,4,3,3,433,Loyal Customers
16887.0,34,1,194.88,3,2,1,321,New Customers
16889.0,194,3,1578.67,1,3,4,134,High Value At Risk
16891.0,1,5,809.7,5,4,3,543,Loyal Customers
16892.0,0,7,496.84000000000003,5,5,3,553,Loyal Customers
16893.0,366,1,145.93,1,2,1,121,Lost Customers
16895.0,64,1,219.14,3,2,1,321,New Customers
16897.0,298,3,213.03,1,3,1,131,Needs Attention
16898.0,25,4,444.46,4,4,2,442,Loyal Customers
16899.0,7,6,1281.56,5,4,4,544,Champions
16900.0,11,4,869.2,4,4,3,443,Loyal Customers
16902.0,115,1,1706.88,2,2,4,224,High Value At Risk
16903.0,28,1,373.24,4,2,2,422,New Customers
16904.0,3,16,3750.4700000000003,5,5,5,555,Champions
16905.0,4,8,3085.48,5,5,5,555,Champions
16906.0,81,4,579.77,2,4,3,243,At Risk
16907.0,28,5,981.65,4,4,4,444,Champions
16909.0,63,2,364.14,3,3,2,332,Needs Attention
16910.0,3,8,1510.06,5,5,4,554,Champions
16912.0,22,14,2535.73,4,5,5,455,Champions
16913.0,289,1,113.44,1,2,1,121,Lost Customers
16914.0,35,1,208.46,3,2,1,321,New Customers
16915.0,8,6,621.6800000000001,5,4,3,543,Loyal Customers
16916.0,23,2,576.26,4,3,3,433,Loyal Customers
16917.0,276,1,391.52,1,2,2,122,Lost Customers
16918.0,49,7,1043.34,3,5,4,354,Needs Attention
16919.0,155,11,2596.45,2,5,5,255,At Risk
16921.0,60,1,169.79,3,2,1,321,New Customers
16923.0,11,26,6666.83,4,5,5,455,Champions
16924.0,20,4,739.5,4,4,3,443,Loyal Customers
16926.0,370,1,230.25,1,2,1,121,Lost Customers
16927.0,115,3,543.05,2,3,3,233,Needs Attention
16928.0,79,19,2773.55,2,5,5,255,At Risk
16929.0,3,7,1295.39,5,5,4,554,Champions
16930.0,25,3,380.55,4,3,2,432,Loyal Customers
16931.0,4,21,4604.22,5,5,5,555,Champions
16932.0,52,1,161.94,3,2,1,321,New Customers
16933.0,0,5,530.08,5,4,3,543,Loyal Customers
16934.0,54,2,950.9300000000001,3,3,4,334,Needs Attention
16936.0,25,1,262.68,4,2,2,422,New Customers
16938.0,8,5,1903.13,5,4,4,544,Champions
16940.0,51,3,3049.88,3,3,5,335,Needs Attention
16942.0,12,10,1894.11,4,5,4,454,Champions
16943.0,211,3,816.73,1,3,3,133,Needs Attention
16945.0,21,19,4345.5,4,5,5,455,Champions
16947.0,235,1,406.48,1,2,2,122,Lost Customers
16948.0,138,3,435.02,2,3,2,232,Needs Attention
16949.0,3,7,1161.27,5,5,4,554,Champions
16950.0,56,3,1178.56,3,3,4,334,Needs Attention
16951.0,122,4,1262.75,2,4,4,244,At Risk
16952.0,108,2,167.61,2,3,1,231,Needs Attention
16953.0,29,1,20.8,4,2,1,421,New Customers
16954.0,0,9,2085.08,5,5,5,555,Champions
16955.0,184,5,493.67,1,4,3,143,At Risk
16956.0,8,2,292.34,5,3,2,532,Loyal Customers
16957.0,238,2,416.64,1,3,2,132,Needs Attention
16959.0,86,1,117.35000000000001,2,2,1,221,Lost Customers
16960.0,38,3,505.1,3,3,3,333,Needs Attention
16961.0,115,1,234.17,2,2,1,221,Lost Customers
16963.0,186,1,110.55000000000001,1,2,1,121,Lost Customers
16965.0,226,1,192.07,1,2,1,121,Lost Customers
16966.0,7,9,2148.97,5,5,5,555,Champions
16967.0,188,1,319.02,1,2,2,122,Lost Customers
16968.0,3,2,439.43,5,3,2,532,Loyal Customers
16969.0,38,3,650.41,3,3,3,333,Needs Attention
16971.0,37,1,357.21,3,2,2,322,New Customers
16976.0,266,1,251.51999999999998,1,2,2,122,Lost Customers
16978.0,77,1,344.33,2,2,2,222,Lost Customers
16979.0,3,8,1809.05,5,5,4,554,Champions
16980.0,254,2,1078.96,1,3,4,134,High Value At Risk
16982.0,60,1,384.06,3,2,2,322,New Customers
16983.0,12,8,1920.2,4,5,4,454,Champions
16984.0,77,5,4392.42,2,4,5,245,At Risk
16985.0,16,11,5461.62,4,5,5,455,Champions
16986.0,29,2,1873.2,4,3,4,434,Loyal Customers
16987.0,2,7,1625.05,5,5,4,554,Champions
16988.0,4,1,126.12,5,2,1,521,New Customers
16989.0,6,6,1133.25,5,4,4,544,Champions
16990.0,218,1,179.0,1,2,1,121,Lost Customers
16992.0,10,6,1601.8600000000001,5,4,4,544,Champions
16995.0,371,1,-1.25,1,2,1,121,Lost Customers
16996.0,29,9,1427.46,4,5,4,454,Champions
16997.0,287,3,702.0,1,3,3,133,Needs Attention
16998.0,149,5,287.5,2,4,2,242,At Risk
16999.0,22,2,484.82,4,3,3,433,Loyal Customers
17001.0,0,11,3989.57,5,5,5,555,Champions
17002.0,72,4,1487.78,2,4,4,244,At Risk
17004.0,45,2,1412.94,3,3,4,334,Needs Attention
17006.0,4,4,781.78,5,4,3,543,Loyal Customers
17007.0,50,7,877.4300000000001,3,5,3,353,Needs Attention
17010.0,16,2,185.46,4,3,1,431,Loyal Customers
17011.0,29,1,270.9,4,2,2,422,New Customers
17014.0,7,4,565.58,5,4,3,543,Loyal Customers
17015.0,28,3,1842.56,4,3,4,434,Loyal Customers
17017.0,2,27,8574.11,5,5,5,555,Champions
17018.0,40,2,920.1,3,3,4,334,Needs Attention
17019.0,10,4,1272.61,5,4,4,544,Champions
17022.0,30,1,71.0,4,2,1,421,New Customers
17024.0,44,3,95.85,3,3,1,331,Needs Attention
17025.0,60,3,357.77,3,3,2,332,Needs Attention
17026.0,184,2,154.82999999999998,1,3,1,131,Needs Attention
17027.0,78,7,848.59,2,5,3,253,At Risk
17029.0,110,2,716.0,2,3,3,233,Needs Attention
17030.0,63,1,146.87,3,2,1,321,New Customers
17031.0,11,2,380.35,4,3,2,432,Loyal Customers
17033.0,85,3,1030.14,2,3,4,234,High Value At Risk
17034.0,15,4,734.5699999999999,4,4,3,443,Loyal Customers
17035.0,245,3,388.33,1,3,2,132,Needs Attention
17037.0,77,2,1253.22,2,3,4,234,High Value At Risk
17038.0,29,1,112.4,4,2,1,421,New Customers
17040.0,137,1,449.73,2,2,2,222,Lost Customers
17041.0,26,4,1065.77,4,4,4,444,Champions
17042.0,2,5,1044.3799999999999,5,4,4,544,Champions
17043.0,31,4,1735.18,4,4,4,444,Champions
17044.0,8,3,897.4300000000001,5,3,3,533,Loyal Customers
17045.0,112,3,339.44,2,3,2,232,Needs Attention
17046.0,156,1,642.02,2,2,3,223,Lost Customers
17047.0,84,3,1100.9,2,3,4,234,High Value At Risk
17048.0,114,6,864.32,2,4,3,243,At Risk
17049.0,2,11,5594.78,5,5,5,555,Champions
17050.0,95,6,3228.84,2,4,5,245,At Risk
17051.0,193,1,247.14000000000001,1,2,2,122,Lost Customers
17052.0,27,1,413.75,4,2,2,422,New Customers
17053.0,128,2,496.38,2,3,3,233,Needs Attention
17054.0,27,6,1353.83,4,4,4,444,Champions
17058.0,81,3,1179.89,2,3,4,234,High Value At Risk
17059.0,29,5,3095.04,4,4,5,445,Champions
17060.0,265,1,234.24,1,2,1,121,Lost Customers
17061.0,73,12,5116.13,2,5,5,255,At Risk
17062.0,313,5,529.4300000000001,1,4,3,143,At Risk
17063.0,8,11,1421.59,5,5,4,554,Champions
17064.0,58,3,859.35,3,3,3,333,Needs Attention
17068.0,11,22,4525.09,4,5,5,455,Champions
17069.0,27,13,2655.2200000000003,4,5,5,455,Champions
17070.0,113,1,312.14,2,2,2,222,Lost Customers
17071.0,8,14,2385.48,5,5,5,555,Champions
17073.0,17,4,1444.84,4,4,4,444,Champions
17075.0,17,5,813.77,4,4,3,443,Loyal Customers
17076.0,35,3,841.0799999999999,3,3,3,333,Needs Attention
17078.0,35,2,375.86,3,3,2,332,Needs Attention
17079.0,77,1,118.80000000000001,2,2,1,221,Lost Customers
17080.0,21,3,285.5,4,3,2,432,Loyal Customers
17081.0,24,2,290.16,4,3,2,432,Loyal Customers
17082.0,32,2,2003.85,3,3,5,335,Needs Attention
17083.0,108,3,1405.78,2,3,4,234,High Value At Risk
17084.0,34,2,2949.75,3,3,5,335,Needs Attention
17085.0,122,6,1555.05,2,4,4,244,At Risk
17086.0,6,6,2050.08,5,4,5,545,Champions
17088.0,27,4,1991.01,4,4,4,444,Champions
17090.0,3,8,2041.8500000000001,5,5,5,555,Champions
17091.0,2,10,3802.81,5,5,5,555,Champions
17092.0,49,4,1777.78,3,4,4,344,Needs Attention
17094.0,317,2,270.20000000000005,1,3,2,132,Needs Attention
17095.0,21,5,1296.36,4,4,4,444,Champions
17096.0,8,7,992.6800000000001,5,5,4,554,Champions
17097.0,1,9,937.92,5,5,4,554,Champions
17100.0,17,2,971.74,4,3,4,434,Loyal Customers
17101.0,9,4,1621.73,5,4,4,544,Champions
17102.0,261,1,25.5,1,2,1,121,Lost Customers
17105.0,158,2,665.78,2,3,3,233,Needs Attention
17107.0,32,7,10380.43,3,5,5,355,Needs Attention
17109.0,28,8,869.6800000000001,4,5,3,453,Loyal Customers
17110.0,164,1,163.29999999999998,2,2,1,221,Lost Customers
17111.0,46,1,248.61,3,2,2,322,New Customers
17114.0,5,10,747.22,5,5,3,553,Loyal Customers
17115.0,7,5,806.9000000000001,5,4,3,543,Loyal Customers
17117.0,287,1,116.19999999999999,1,2,1,121,Lost Customers
17118.0,317,1,157.02,1,2,1,121,Lost Customers
17119.0,2,3,593.61,5,3,3,533,Loyal Customers
17120.0,232,1,307.46,1,2,2,122,Lost Customers
17122.0,118,1,138.32,2,2,1,221,Lost Customers
17123.0,161,1,345.29999999999995,2,2,2,222,Lost Customers
17124.0,184,1,298.89,1,2,2,122,Lost Customers
17125.0,49,1,259.35,3,2,2,322,New Customers
17126.0,151,7,991.85,2,5,4,254,At Risk
17128.0,334,1,157.09,1,2,1,121,Lost Customers
17131.0,4,5,2463.17,5,4,5,545,Champions
17133.0,15,7,4892.240000000001,4,5,5,455,Champions
17134.0,106,2,425.0,2,3,2,232,Needs Attention
17135.0,15,7,1139.73,4,5,4,454,Champions
17138.0,275,1,380.5,1,2,2,122,Lost Customers
17139.0,15,15,10585.57,4,5,5,455,Champions
17140.0,246,1,465.32,1,2,3,123,Lost Customers
17142.0,238,1,579.0,1,2,3,123,Lost Customers
17144.0,0,2,984.57,5,3,4,534,Loyal Customers
17146.0,105,3,749.78,2,3,3,233,Needs Attention
17147.0,22,6,1679.64,4,4,4,444,Champions
17148.0,51,1,124.88,3,2,1,321,New Customers
17152.0,194,4,1503.5,1,4,4,144,At Risk
17153.0,23,1,213.78,4,2,1,421,New Customers
17154.0,74,1,329.34,2,2,2,222,Lost Customers
17155.0,17,2,251.70000000000002,4,3,2,432,Loyal Customers
17157.0,7,3,306.55,5,3,2,532,Loyal Customers
17158.0,31,3,1266.97,4,3,4,434,Loyal Customers
17159.0,21,4,1534.73,4,4,4,444,Champions
17160.0,30,6,3518.03,4,4,5,445,Champions
17162.0,28,11,1707.21,4,5,4,454,Champions
17163.0,21,2,293.1,4,3,2,432,Loyal Customers
17164.0,32,8,2466.4,3,5,5,355,Needs Attention
17165.0,283,1,158.68,1,2,1,121,Lost Customers
17166.0,38,3,189.49,3,3,1,331,Needs Attention
17169.0,49,4,816.88,3,4,3,343,Needs Attention
17171.0,288,1,224.91,1,2,1,121,Lost Customers
17172.0,78,1,317.76,2,2,2,222,Lost Customers
17173.0,4,9,3755.65,5,5,5,555,Champions
17174.0,217,1,59.9,1,2,1,121,Lost Customers
17175.0,43,5,1430.94,3,4,4,344,Needs Attention
17176.0,201,1,306.13,1,2,2,122,Lost Customers
17179.0,177,3,711.79,2,3,3,233,Needs Attention
17180.0,55,6,780.38,3,4,3,343,Needs Attention
17181.0,56,2,239.92000000000002,3,3,2,332,Needs Attention
17183.0,7,8,3286.9100000000003,5,5,5,555,Champions
17186.0,46,2,144.0,3,3,1,331,Needs Attention
17187.0,226,1,203.95,1,2,1,121,Lost Customers
17188.0,10,9,2275.58,5,5,5,555,Champions
17189.0,105,2,384.40000000000003,2,3,2,232,Needs Attention
17190.0,58,3,249.74,3,3,2,332,Needs Attention
17191.0,27,7,2095.13,4,5,5,455,Champions
17193.0,35,9,1674.46,3,5,4,354,Needs Attention
17194.0,360,1,226.78,1,2,1,121,Lost Customers
17197.0,29,1,1013.01,4,2,4,424,Potential Loyalists
17198.0,23,3,692.22,4,3,3,433,Loyal Customers
17201.0,53,1,342.63,3,2,2,322,New Customers
17203.0,35,6,3563.85,3,4,5,345,Needs Attention
17204.0,168,9,1352.91,2,5,4,254,At Risk
17205.0,53,1,384.08,3,2,2,322,New Customers
17206.0,52,1,204.24,3,2,1,321,New Customers
17211.0,26,9,2299.67,4,5,5,455,Champions
17212.0,252,1,226.85,1,2,1,121,Lost Customers
17213.0,39,11,2741.08,3,5,5,355,Needs Attention
17214.0,59,7,984.12,3,5,4,354,Needs Attention
17217.0,233,1,113.5,1,2,1,121,Lost Customers
17218.0,3,10,1960.72,5,5,4,554,Champions
17219.0,31,1,114.23,4,2,1,421,New Customers
17220.0,23,14,3198.25,4,5,5,455,Champions
17221.0,6,2,335.13,5,3,2,532,Loyal Customers
17222.0,64,1,354.15,3,2,2,322,New Customers
17223.0,309,2,391.79,1,3,2,132,Needs Attention
17226.0,308,1,393.49,1,2,2,122,Lost Customers
17227.0,18,6,939.32,4,4,4,444,Champions
17228.0,15,8,1906.09,4,5,4,454,Champions
17229.0,95,2,318.76,2,3,2,232,Needs Attention
17230.0,263,11,3466.67,1,5,5,155,At Risk
17231.0,11,14,3127.82,4,5,5,455,Champions
17232.0,2,2,421.52,5,3,2,532,Loyal Customers
17233.0,34,1,190.88,3,2,1,321,New Customers
17234.0,182,1,149.89000000000001,1,2,1,121,Lost Customers
17235.0,24,2,550.06,4,3,3,433,Loyal Customers
17236.0,12,6,916.13,4,4,4,444,Champions
17237.0,10,2,314.69,5,3,2,532,Loyal Customers
17238.0,2,17,3744.65,5,5,5,555,Champions
17239.0,312,2,379.95,1,3,2,132,Needs Attention
17242.0,107,2,1135.04,2,3,4,234,High Value At Risk
17243.0,0,30,8620.15,5,5,5,555,Champions
17244.0,52,1,954.9,3,2,4,324,New Customers
17245.0,204,1,171.45,1,2,1,121,Lost Customers
17247.0,14,1,282.19,4,2,2,422,New Customers
17248.0,119,1,318.65,2,2,2,222,Lost Customers
17250.0,3,2,384.52,5,3,2,532,Loyal Customers
17251.0,362,1,283.28000000000003,1,2,2,122,Lost Customers
17252.0,116,2,353.86,2,3,2,232,Needs Attention
17253.0,17,1,178.26,4,2,1,421,New Customers
17254.0,4,2,272.44,5,3,2,532,Loyal Customers
17255.0,40,2,298.41,3,3,2,332,Needs Attention
17256.0,106,2,240.0,2,3,2,232,Needs Attention
17259.0,147,2,603.37,2,3,3,233,Needs Attention
17262.0,51,5,1253.3600000000001,3,4,4,344,Needs Attention
17263.0,207,1,63.440000000000005,1,2,1,121,Lost Customers
17265.0,138,2,562.9,2,3,3,233,Needs Attention
17266.0,1,3,310.64,5,3,2,532,Loyal Customers
17267.0,126,2,317.62,2,3,2,232,Needs Attention
17268.0,107,4,763.64,2,4,3,243,At Risk
17272.0,41,5,2144.53,3,4,5,345,Needs Attention
17274.0,34,1,111.97999999999999,3,2,1,321,New Customers
17277.0,227,2,1065.3500000000001,1,3,4,134,High Value At Risk
17278.0,240,1,246.04,1,2,2,122,Lost Customers
17279.0,57,1,187.82999999999998,3,2,1,321,New Customers
17282.0,129,3,1703.41,2,3,4,234,High Value At Risk
17284.0,59,7,1641.68,3,5,4,354,Needs Attention
17286.0,21,1,153.92,4,2,1,421,New Customers
17287.0,25,7,1064.11,4,5,4,454,Champions
17288.0,8,7,1419.73,5,5,4,554,Champions
17289.0,31,4,936.16,4,4,4,444,Champions
17290.0,3,2,525.24,5,3,3,533,Loyal Customers
17291.0,307,1,550.8000000000001,1,2,3,123,Lost Customers
17293.0,7,9,1875.1100000000001,5,5,4,554,Champions
17295.0,28,3,556.95,4,3,3,433,Loyal Customers
17297.0,16,1,131.78,4,2,1,421,New Customers
17298.0,100,2,498.42,2,3,3,233,Needs Attention
17299.0,11,4,669.11,4,4,3,443,Loyal Customers
17301.0,20,1,197.63,4,2,1,421,New Customers
17302.0,14,6,1119.93,4,4,4,444,Champions
17303.0,360,1,250.04,1,2,2,122,Lost Customers
17306.0,10,21,8600.73,5,5,5,555,Champions
17307.0,364,1,-152.64000000000001,1,2,1,121,Lost Customers
17309.0,94,1,82.75,2,2,1,221,Lost Customers
17311.0,77,2,1384.85,2,3,4,234,High Value At Risk
17312.0,138,3,644.3,2,3,3,233,Needs Attention
17313.0,17,2,2288.13,4,3,5,435,Loyal Customers
17314.0,24,11,2514.76,4,5,5,455,Champions
17315.0,0,41,6164.38,5,5,5,555,Champions
17317.0,45,5,2524.02,3,4,5,345,Needs Attention
17320.0,99,3,1200.6200000000001,2,3,4,234,High Value At Risk
17321.0,7,2,700.86,5,3,3,533,Loyal Customers
17323.0,14,9,905.59,4,5,4,454,Champions
17324.0,17,4,990.23,4,4,4,444,Champions
17325.0,279,1,96.8,1,2,1,121,Lost Customers
17329.0,13,2,523.11,4,3,3,433,Loyal Customers
17330.0,22,2,363.9,4,3,2,432,Loyal Customers
17331.0,123,1,175.2,2,2,1,221,Lost Customers
17333.0,85,1,494.25,2,2,3,223,Lost Customers
17334.0,300,3,306.6,1,3,2,132,Needs Attention
17337.0,150,7,1942.87,2,5,4,254,At Risk
17338.0,16,10,6606.34,4,5,5,455,Champions
17339.0,93,2,243.36,2,3,2,232,Needs Attention
17340.0,8,15,12158.300000000001,5,5,5,555,Champions
17341.0,156,3,781.36,2,3,3,233,Needs Attention
17343.0,354,1,193.64,1,2,1,121,Lost Customers
17344.0,45,1,160.57,3,2,1,321,New Customers
17345.0,14,4,537.74,4,4,3,443,Loyal Customers
17346.0,3,16,2611.58,5,5,5,555,Champions
17347.0,85,1,228.96,2,2,1,221,Lost Customers
17348.0,14,5,1159.52,4,4,4,444,Champions
17349.0,178,1,110.75,2,2,1,221,Lost Customers
17350.0,7,5,1256.19,5,4,4,544,Champions
17351.0,35,3,587.15,3,3,3,333,Needs Attention
17353.0,128,2,1740.0,2,3,4,234,High Value At Risk
17354.0,50,1,1393.06,3,2,4,324,New Customers
17356.0,311,1,178.22,1,2,1,121,Lost Customers
17357.0,23,2,388.14,4,3,2,432,Loyal Customers
17358.0,302,2,365.85,1,3,2,132,Needs Attention
17359.0,10,1,127.86,5,2,1,521,New Customers
17360.0,16,3,585.79,4,3,3,433,Loyal Customers
17361.0,48,3,488.2,3,3,3,333,Needs Attention
17362.0,238,2,312.23,1,3,2,132,Needs Attention
17364.0,0,12,4455.73,5,5,5,555,Champions
17365.0,12,8,4796.52,4,5,5,455,Champions
17367.0,237,1,168.4,1,2,1,121,Lost Customers
17368.0,22,9,1349.52,4,5,4,454,Champions
17370.0,72,4,446.18,2,4,2,242,At Risk
17371.0,16,3,423.89,4,3,2,432,Loyal Customers
17372.0,40,8,1342.68,3,5,4,354,Needs Attention
17373.0,39,4,646.92,3,4,3,343,Needs Attention
17374.0,218,2,495.77,1,3,3,133,Needs Attention
17375.0,189,4,372.5,1,4,2,142,At Risk
17376.0,70,2,203.2,3,3,1,331,Needs Attention
17377.0,23,21,3925.92,4,5,5,455,Champions
17379.0,10,1,404.66,5,2,2,522,New Customers
17381.0,8,30,20272.43,5,5,5,555,Champions
17382.0,64,1,65.4,3,2,1,321,New Customers
17383.0,3,1,199.29,5,2,1,521,New Customers
17384.0,18,2,336.4,4,3,2,432,Loyal Customers
17385.0,14,1,261.11,4,2,2,422,New Customers
17386.0,7,6,2686.42,5,4,5,545,Champions
17387.0,19,2,784.11,4,3,3,433,Loyal Customers
17388.0,77,4,1259.56,2,4,4,244,At Risk
17389.0,0,42,31317.48,5,5,5,555,Champions
17391.0,163,2,508.8,2,3,3,233,Needs Attention
17392.0,306,2,451.91,1,3,2,132,Needs Attention
17394.0,218,1,203.86999999999998,1,2,1,121,Lost Customers
17396.0,38,7,7312.8,3,5,5,355,Needs Attention
17397.0,21,2,696.41,4,3,3,433,Loyal Customers
17398.0,114,3,653.38,2,3,3,233,Needs Attention
17400.0,125,5,2129.96,2,4,5,245,At Risk
17402.0,4,12,2598.85,5,5,5,555,Champions
17403.0,35,1,281.62,3,2,2,322,New Customers
17404.0,3,16,30175.82,5,5,5,555,Champions
17405.0,0,5,967.22,5,4,4,544,Champions
17406.0,329,5,1928.72,1,4,4,144,At Risk
17408.0,162,1,32.65,2,2,1,221,Lost Customers
17409.0,184,2,771.85,1,3,3,133,Needs Attention
17410.0,15,5,1214.72,4,4,4,444,Champions
17411.0,11,4,748.94,4,4,3,443,Loyal Customers
17412.0,2,7,1258.06,5,5,4,554,Champions
17414.0,43,2,778.0,3,3,3,333,Needs Attention
17415.0,79,1,507.84,2,2,3,223,Lost Customers
17416.0,29,9,6838.34,4,5,5,455,Champions
17418.0,41,2,463.46000000000004,3,3,3,333,Needs Attention
17419.0,10,14,4200.97,5,5,5,555,Champions
17420.0,49,3,598.83,3,3,3,333,Needs Attention
17422.0,15,10,1853.1299999999999,4,5,4,454,Champions
17423.0,44,4,663.63,3,4,3,343,Needs Attention
17425.0,18,2,759.17,4,3,3,433,Loyal Customers
17426.0,3,7,5022.26,5,5,5,555,Champions
17427.0,71,1,100.8,2,2,1,221,Lost Customers
17428.0,0,33,17078.45,5,5,5,555,Champions
17429.0,120,4,512.12,2,4,3,243,At Risk
17430.0,32,2,265.76,3,3,2,332,Needs Attention
17431.0,312,1,403.3,1,2,2,122,Lost Customers
17432.0,17,2,365.76,4,3,2,432,Loyal Customers
17433.0,87,1,303.15999999999997,2,2,2,222,Lost Customers
17434.0,1,9,2333.42,5,5,5,555,Champions
17436.0,1,2,216.29999999999998,5,3,1,531,Loyal Customers
17438.0,246,2,378.3,1,3,2,132,Needs Attention
17440.0,147,5,177.1,2,4,1,241,At Risk
17442.0,28,10,2210.2599999999998,4,5,5,455,Champions
17443.0,219,1,534.24,1,2,3,123,Lost Customers
17444.0,151,2,2389.1,2,3,5,235,High Value At Risk
17446.0,176,2,120.9,2,3,1,231,Needs Attention
17447.0,39,2,541.53,3,3,3,333,Needs Attention
17449.0,1,8,2501.86,5,5,5,555,Champions
17450.0,7,49,189735.53,5,5,5,555,Champions
17451.0,0,10,1648.95,5,5,4,554,Champions
17453.0,17,2,486.71999999999997,4,3,3,433,Loyal Customers
17454.0,191,4,517.53,1,4,3,143,At Risk
17455.0,203,1,131.7,1,2,1,121,Lost Customers
17456.0,364,1,249.86,1,2,2,122,Lost Customers
17457.0,126,5,1737.7,2,4,4,244,At Risk
17458.0,14,1,316.5,4,2,2,422,New Customers
17459.0,42,2,657.3,3,3,3,333,Needs Attention
17460.0,78,8,452.63,2,5,2,252,At Risk
17461.0,22,3,757.46,4,3,3,433,Loyal Customers
17462.0,50,3,662.94,3,3,3,333,Needs Attention
17463.0,15,6,1881.36,4,4,4,444,Champions
17464.0,157,1,289.96000000000004,2,2,2,222,Lost Customers
17466.0,9,2,763.28,5,3,3,533,Loyal Customers
17468.0,9,2,137.0,5,3,1,531,Loyal Customers
17469.0,15,6,1843.06,4,4,4,444,Champions
17470.0,44,5,1125.07,3,4,4,344,Needs Attention
17472.0,190,3,710.29,1,3,3,133,Needs Attention
17475.0,78,1,194.37,2,2,1,221,Lost Customers
17480.0,73,2,506.51,2,3,3,233,Needs Attention
17481.0,3,5,1249.34,5,4,4,544,Champions
17483.0,64,3,414.04,3,3,2,332,Needs Attention
17486.0,260,1,396.87,1,2,2,122,Lost Customers
17489.0,58,2,376.64,3,3,2,332,Needs Attention
17490.0,0,11,1936.83,5,5,4,554,Champions
17491.0,0,11,3541.92,5,5,5,555,Champions
17492.0,247,1,374.57,1,2,2,122,Lost Customers
17495.0,7,2,497.56,5,3,3,533,Loyal Customers
17496.0,358,1,271.05,1,2,2,122,Lost Customers
17498.0,75,1,272.22,2,2,2,222,Lost Customers
17499.0,289,1,622.88,1,2,3,123,Lost Customers
17500.0,16,3,1138.0,4,3,4,434,Loyal Customers
17501.0,220,2,288.6,1,3,2,132,Needs Attention
17502.0,8,4,689.1,5,4,3,543,Loyal Customers
17503.0,2,2,558.96,5,3,3,533,Loyal Customers
17504.0,205,10,2745.2799999999997,1,5,5,155,At Risk
17505.0,161,2,1145.84,2,3,4,234,High Value At Risk
17506.0,69,2,294.29,3,3,2,332,Needs Attention
17507.0,261,2,605.58,1,3,3,133,Needs Attention
17508.0,280,1,387.31,1,2,2,122,Lost Customers
17509.0,57,11,6100.74,3,5,5,355,Needs Attention
17510.0,24,1,308.48,4,2,2,422,New Customers
17511.0,2,45,88138.2,5,5,5,555,Champions
17512.0,28,11,2920.04,4,5,5,455,Champions
17513.0,71,1,513.2,2,2,3,223,Lost Customers
17514.0,127,1,208.65,2,2,1,221,Lost Customers
17515.0,30,4,639.02,4,4,3,443,Loyal Customers
17516.0,14,5,768.08,4,4,3,443,Loyal Customers
17517.0,308,1,153.94,1,2,1,121,Lost Customers
17519.0,16,7,1839.07,4,5,4,454,Champions
17520.0,53,1,546.81,3,2,3,323,New Customers
17521.0,23,4,721.9599999999999,4,4,3,443,Loyal Customers
17522.0,1,5,1066.15,5,4,4,544,Champions
17523.0,10,4,652.74,5,4,3,543,Loyal Customers
17524.0,360,1,145.0,1,2,1,121,Lost Customers
17525.0,359,1,422.70000000000005,1,2,2,122,Lost Customers
17526.0,0,8,706.7,5,5,3,553,Loyal Customers
17527.0,53,6,888.86,3,4,3,343,Needs Attention
17528.0,0,11,3540.1,5,5,5,555,Champions
17530.0,0,10,2380.41,5,5,5,555,Champions
17531.0,189,1,296.7,1,2,2,122,Lost Customers
17534.0,53,1,223.36,3,2,1,321,New Customers
17535.0,279,1,164.4,1,2,1,121,Lost Customers
17536.0,176,1,76.5,2,2,1,221,Lost Customers
17537.0,29,2,897.62,4,3,3,433,Loyal Customers
17538.0,25,1,98.42,4,2,1,421,New Customers
17540.0,8,3,570.4,5,3,3,533,Loyal Customers
17542.0,269,1,170.75,1,2,1,121,Lost Customers
17545.0,42,3,645.96,3,3,3,333,Needs Attention
17547.0,371,1,-11.8,1,2,1,121,Lost Customers
17548.0,217,3,-141.48,1,3,1,131,Needs Attention
17549.0,23,2,148.86,4,3,1,431,Loyal Customers
17550.0,196,3,267.16,1,3,2,132,Needs Attention
17551.0,358,1,306.84,1,2,2,122,Lost Customers
17552.0,59,5,913.91,3,4,4,344,Needs Attention
17553.0,129,1,1487.6,2,2,4,224,High Value At Risk
17554.0,0,5,1952.45,5,4,4,544,Champions
17555.0,19,2,483.26,4,3,3,433,Loyal Customers
17556.0,205,1,157.9,1,2,1,121,Lost Customers
17557.0,13,3,541.46,4,3,3,433,Loyal Customers
17560.0,94,4,854.95,2,4,3,243,At Risk
17561.0,18,1,167.62,4,2,1,421,New Customers
17562.0,13,8,1107.38,4,5,4,454,Champions
17564.0,23,3,454.01,4,3,2,432,Loyal Customers
17566.0,7,2,901.21,5,3,3,533,Loyal Customers
17567.0,6,10,4012.56,5,5,5,555,Champions
17569.0,331,1,344.14,1,2,2,122,Lost Customers
17571.0,49,4,1497.26,3,4,4,344,Needs Attention
17572.0,70,4,226.75000000000003,3,4,1,341,Needs Attention
17573.0,28,4,362.9,4,4,2,442,Loyal Customers
17574.0,242,1,185.65,1,2,1,121,Lost Customers
17576.0,7,22,3457.78,5,5,5,555,Champions
17578.0,190,2,124.74,1,3,1,131,Needs Attention
17579.0,4,4,440.2,5,4,2,542,Loyal Customers
17580.0,252,3,212.77,1,3,1,131,Needs Attention
17581.0,0,31,10736.11,5,5,5,555,Champions
17582.0,235,1,175.27,1,2,1,121,Lost Customers
17584.0,6,3,1227.3,5,3,4,534,Loyal Customers
17585.0,108,4,1133.07,2,4,4,244,At Risk
17588.0,99,3,1240.2,2,3,4,234,High Value At Risk
17589.0,59,4,2402.92,3,4,5,345,Needs Attention
17590.0,1,3,1477.97,5,3,4,534,Loyal Customers
17591.0,72,8,2215.02,2,5,5,255,At Risk
17593.0,3,6,3911.56,5,4,5,545,Champions
17594.0,84,2,993.18,2,3,4,234,High Value At Risk
17595.0,11,2,388.79,4,3,2,432,Loyal Customers
17596.0,22,7,2827.93,4,5,5,455,Champions
17597.0,213,1,2044.3700000000001,1,2,5,125,High Value At Risk
17600.0,17,1,161.67000000000002,4,2,1,421,New Customers
17601.0,238,1,116.00999999999999,1,2,1,121,Lost Customers
17602.0,1,8,5050.77,5,5,5,555,Champions
17603.0,49,2,390.97,3,3,2,332,Needs Attention
17604.0,216,2,309.36,1,3,2,132,Needs Attention
17608.0,32,2,193.42,3,3,1,331,Needs Attention
17609.0,40,6,1096.42,3,4,4,344,Needs Attention
17611.0,3,19,3947.87,5,5,5,555,Champions
17612.0,52,9,2000.32,3,5,5,355,Needs Attention
17613.0,22,17,4509.37,4,5,5,455,Champions
17614.0,56,1,390.07,3,2,2,322,New Customers
17615.0,129,3,329.6,2,3,2,232,Needs Attention
17616.0,173,3,571.1999999999999,2,3,3,233,Needs Attention
17618.0,5,3,971.58,5,3,4,534,Loyal Customers
17619.0,311,1,218.52,1,2,1,121,Lost Customers
17620.0,59,1,81.44,3,2,1,321,New Customers
17621.0,20,4,1336.1,4,4,4,444,Champions
17623.0,32,1,527.0500000000001,3,2,3,323,New Customers
17624.0,14,2,843.48,4,3,3,433,Loyal Customers
17625.0,17,4,2047.0,4,4,5,445,Champions
17628.0,80,1,75.75,2,2,1,221,Lost Customers
17629.0,5,9,1784.12,5,5,4,554,Champions
17630.0,169,2,503.59999999999997,2,3,3,233,Needs Attention
17631.0,1,3,528.33,5,3,3,533,Loyal Customers
17633.0,30,6,1242.34,4,4,4,444,Champions
17634.0,35,9,2361.9700000000003,3,5,5,355,Needs Attention
17636.0,8,2,265.93,5,3,2,532,Loyal Customers
17637.0,30,2,547.0600000000001,4,3,3,433,Loyal Customers
17639.0,275,1,108.5,1,2,1,121,Lost Customers
17640.0,86,1,621.66,2,2,3,223,Lost Customers
17642.0,119,2,712.29,2,3,3,233,Needs Attention
17643.0,372,1,101.55,1,2,1,121,Lost Customers
17644.0,0,17,2768.98,5,5,5,555,Champions
17646.0,218,4,995.6600000000001,1,4,4,144,At Risk
17647.0,64,1,133.06,3,2,1,321,New Customers
17648.0,60,5,1789.55,3,4,4,344,Needs Attention
17649.0,134,2,861.74,2,3,3,233,Needs Attention
17650.0,20,1,166.08,4,2,1,421,New Customers
17651.0,11,14,3886.67,4,5,5,455,Champions
17652.0,24,18,4737.13,4,5,5,455,Champions
17653.0,28,5,1175.88,4,4,4,444,Champions
17654.0,276,1,117.55,1,2,1,121,Lost Customers
17655.0,10,8,2571.7400000000002,5,5,5,555,Champions
17656.0,72,5,1674.69,2,4,4,244,At Risk
17658.0,10,3,485.88,5,3,3,533,Loyal Customers
17659.0,3,14,2954.75,5,5,5,555,Champions
17660.0,140,1,196.0,2,2,1,221,Lost Customers
17663.0,25,9,1788.27,4,5,4,454,Champions
17664.0,18,2,604.64,4,3,3,433,Loyal Customers
17666.0,3,2,728.16,5,3,3,533,Loyal Customers
17667.0,65,5,2055.51,3,4,5,345,Needs Attention
17668.0,0,2,347.75,5,3,2,532,Loyal Customers
17669.0,42,7,3406.7200000000003,3,5,5,355,Needs Attention
17670.0,227,1,205.7,1,2,1,121,Lost Customers
17671.0,15,6,1284.08,4,4,4,444,Champions
17672.0,43,4,3106.62,3,4,5,345,Needs Attention
17673.0,0,7,1622.22,5,5,4,554,Champions
17674.0,73,2,551.04,2,3,3,233,Needs Attention
17675.0,0,41,20098.1,5,5,5,555,Champions
17676.0,3,6,1387.68,5,4,4,544,Champions
17677.0,1,43,16219.22,5,5,5,555,Champions
17678.0,263,1,298.11,1,2,2,122,Lost Customers
17679.0,52,2,1992.1100000000001,3,3,4,334,Needs Attention
17680.0,23,1,184.4,4,2,1,421,New Customers
17682.0,9,7,2459.33,5,5,5,555,Champions
17684.0,43,1,239.41,3,2,2,322,New Customers
17685.0,16,7,3191.53,4,5,5,455,Champions
17686.0,6,7,5739.46,5,5,5,555,Champions
17690.0,29,16,4748.45,4,5,5,455,Champions
17691.0,357,2,290.40000000000003,1,3,2,132,Needs Attention
17692.0,126,5,718.0799999999999,2,4,3,243,At Risk
17693.0,135,3,187.02,2,3,1,231,Needs Attention
17694.0,141,1,283.12,2,2,2,222,Lost Customers
17695.0,131,2,765.34,2,3,3,233,Needs Attention
17696.0,37,14,2201.05,3,5,5,355,Needs Attention
17697.0,235,1,338.95,1,2,2,122,Lost Customers
17698.0,260,1,154.95,1,2,1,121,Lost Customers
17700.0,16,6,2508.89,4,4,5,445,Champions
17701.0,252,1,417.95,1,2,2,122,Lost Customers
17702.0,29,6,1719.72,4,4,4,444,Champions
17703.0,34,3,798.74,3,3,3,333,Needs Attention
17704.0,168,2,885.19,2,3,3,233,Needs Attention
17705.0,2,10,1781.12,5,5,4,554,Champions
17706.0,3,22,10097.37,5,5,5,555,Champions
17707.0,184,2,152.4,1,3,1,131,Needs Attention
17708.0,187,2,267.08,1,3,2,132,Needs Attention
17709.0,169,1,137.45,2,2,1,221,Lost Customers
17711.0,10,2,385.1,5,3,2,532,Loyal Customers
17712.0,44,1,522.91,3,2,3,323,New Customers
17714.0,320,1,153.0,1,2,1,121,Lost Customers
17715.0,200,1,326.4,1,2,2,122,Lost Customers
17716.0,22,12,5505.79,4,5,5,455,Champions
17718.0,231,1,139.35,1,2,1,121,Lost Customers
17719.0,37,18,5367.8,3,5,5,355,Needs Attention
17720.0,25,4,1195.94,4,4,4,444,Champions
17722.0,95,6,2380.64,2,4,5,245,At Risk
17723.0,126,6,3276.4000000000005,2,4,5,245,At Risk
17724.0,57,4,995.6500000000001,3,4,4,344,Needs Attention
17725.0,15,14,3371.13,4,5,5,455,Champions
17727.0,8,2,1042.55,5,3,4,534,Loyal Customers
17728.0,3,4,2860.71,5,4,5,545,Champions
17730.0,2,15,5288.83,5,5,5,555,Champions
17731.0,78,5,878.2,2,4,3,243,At Risk
17732.0,372,1,303.97,1,2,2,122,Lost Customers
17733.0,38,2,692.19,3,3,3,333,Needs Attention
17734.0,53,3,700.63,3,3,3,333,Needs Attention
17735.0,1,19,13110.02,5,5,5,555,Champions
17736.0,8,4,337.49,5,4,2,542,Loyal Customers
17737.0,8,2,168.24,5,3,1,531,Loyal Customers
17738.0,18,5,1863.35,4,4,4,444,Champions
17739.0,11,8,2786.05,4,5,5,455,Champions
17742.0,112,2,355.11,2,3,2,232,Needs Attention
17744.0,3,6,2322.4,5,4,5,545,Champions
17746.0,234,2,98.8,1,3,1,131,Needs Attention
17747.0,99,2,64.65,2,3,1,231,Needs Attention
17749.0,177,2,674.52,2,3,3,233,Needs Attention
17750.0,4,9,1781.28,5,5,4,554,Champions
17752.0,358,1,80.64,1,2,1,121,Lost Customers
17754.0,0,6,1739.92,5,4,4,544,Champions
17757.0,0,31,5581.54,5,5,5,555,Champions
17758.0,18,8,3456.7000000000003,4,5,5,455,Champions
17759.0,16,3,833.74,4,3,3,433,Loyal Customers
17760.0,21,2,287.59,4,3,2,432,Loyal Customers
17761.0,32,1,712.78,3,2,3,323,New Customers
17763.0,262,1,15.0,1,2,1,121,Lost Customers
17764.0,50,2,818.8199999999999,3,3,3,333,Needs Attention
17765.0,158,3,371.88,2,3,2,232,Needs Attention
17767.0,14,1,271.2,4,2,2,422,New Customers
17768.0,7,3,2273.1800000000003,5,3,5,535,Loyal Customers
17769.0,12,12,3960.63,4,5,5,455,Champions
17770.0,198,5,1143.27,1,4,4,144,At Risk
17771.0,56,2,245.33,3,3,2,332,Needs Attention
17772.0,10,2,182.77,5,3,1,531,Loyal Customers
17774.0,96,5,1215.46,2,4,4,244,At Risk
17775.0,254,1,56.4,1,2,1,121,Lost Customers
17777.0,24,3,665.86,4,3,3,433,Loyal Customers
17779.0,20,5,642.17,4,4,3,443,Loyal Customers
17781.0,158,2,188.02,2,3,1,231,Needs Attention
17783.0,71,2,283.47,2,3,2,232,Needs Attention
17785.0,52,1,131.94,3,2,1,321,New Customers
17786.0,84,2,278.74,2,3,2,232,Needs Attention
17787.0,152,4,1865.19,2,4,4,244,At Risk
17788.0,73,2,1112.95,2,3,4,234,High Value At Risk
17789.0,280,1,225.9,1,2,1,121,Lost Customers
17790.0,26,14,1965.55,4,5,4,454,Champions
17791.0,29,1,106.1,4,2,1,421,New Customers
17793.0,24,1,323.04,4,2,2,422,New Customers
17795.0,179,2,350.39,1,3,2,132,Needs Attention
17796.0,39,4,697.9,3,4,3,343,Needs Attention
17797.0,21,3,780.43,4,3,3,433,Loyal Customers
17799.0,21,11,3026.08,4,5,5,455,Champions
17800.0,36,9,1198.01,3,5,4,354,Needs Attention
17802.0,81,4,1251.84,2,4,4,244,At Risk
17805.0,73,1,512.31,2,2,3,223,Lost Customers
17806.0,10,1,546.04,5,2,3,523,New Customers
17809.0,15,14,5344.85,4,5,5,455,Champions
17811.0,3,51,7671.01,5,5,5,555,Champions
17812.0,12,4,732.16,4,4,3,443,Loyal Customers
17813.0,13,7,1714.6,4,5,4,454,Champions
17816.0,36,4,36.56,3,4,1,341,Needs Attention
17817.0,3,3,387.68,5,3,2,532,Loyal Customers
17819.0,71,8,3661.0699999999997,2,5,5,255,At Risk
17820.0,190,2,-24.05,1,3,1,131,Needs Attention
17824.0,50,1,298.4,3,2,2,322,New Customers
17827.0,4,5,1995.46,5,4,5,545,Champions
17828.0,8,8,1074.97,5,5,4,554,Champions
17829.0,298,1,889.24,1,2,3,123,Lost Customers
17830.0,1,3,398.7,5,3,2,532,Loyal Customers
17831.0,32,1,35.400000000000006,3,2,1,321,New Customers
17832.0,49,1,155.37,3,2,1,321,New Customers
17835.0,2,3,350.64,5,3,2,532,Loyal Customers
17836.0,46,1,109.83,3,2,1,321,New Customers
17837.0,41,10,1554.63,3,5,4,354,Needs Attention
17838.0,26,6,2312.7,4,4,5,445,Champions
17839.0,41,1,338.8,3,2,2,322,New Customers
17841.0,1,169,40333.22,5,5,5,555,Champions
17843.0,302,1,197.73,1,2,1,121,Lost Customers
17844.0,106,1,51.559999999999995,2,2,1,221,Lost Customers
17848.0,80,9,901.1999999999999,2,5,3,253,At Risk
17849.0,217,4,605.8000000000001,1,4,3,143,At Risk
17850.0,301,35,5288.63,1,5,5,155,At Risk
17852.0,11,2,114.34,4,3,1,431,Loyal Customers
17854.0,184,2,311.26,1,3,2,132,Needs Attention
17855.0,372,1,208.97,1,2,1,121,Lost Customers
17856.0,1,6,1393.79,5,4,4,544,Champions
17857.0,2,24,25185.84,5,5,5,555,Champions
17858.0,5,12,5155.66,5,5,5,555,Champions
17859.0,304,1,148.21,1,2,1,121,Lost Customers
17860.0,368,1,252.8,1,2,2,122,Lost Customers
17861.0,2,9,2059.2,5,5,5,555,Champions
17862.0,323,1,330.9,1,2,2,122,Lost Customers
17863.0,58,6,3160.0,3,4,5,345,Needs Attention
17864.0,12,3,597.5,4,3,3,433,Loyal Customers
17865.0,30,27,10156.44,4,5,5,455,Champions
17866.0,142,2,325.7,2,3,2,232,Needs Attention
17867.0,29,8,622.75,4,5,3,453,Loyal Customers
17869.0,106,5,428.18,2,4,2,242,At Risk
17870.0,1,13,1889.4,5,5,4,554,Champions
17871.0,204,1,155.9,1,2,1,121,Lost Customers
17873.0,79,6,1634.98,2,4,4,244,At Risk
17874.0,184,7,658.26,1,5,3,153,At Risk
17877.0,169,1,237.61,2,2,2,222,Lost Customers
17878.0,43,1,379.45,3,2,2,322,New Customers
17879.0,173,1,178.51999999999998,2,2,1,221,Lost Customers
17880.0,364,1,458.92,1,2,2,122,Lost Customers
17881.0,303,1,133.35000000000002,1,2,1,121,Lost Customers
17883.0,2,4,671.77,5,4,3,543,Loyal Customers
17884.0,3,4,717.45,5,4,3,543,Loyal Customers
17885.0,11,1,190.19,4,2,1,421,New Customers
17886.0,31,3,899.61,4,3,3,433,Loyal Customers
17887.0,128,1,111.35,2,2,1,221,Lost Customers
17888.0,18,10,525.78,4,5,3,453,Loyal Customers
17889.0,211,2,203.87,1,3,1,131,Needs Attention
17890.0,322,2,602.09,1,3,3,133,Needs Attention
17891.0,161,1,203.85999999999999,2,2,1,221,Lost Customers
17892.0,55,3,244.1,3,3,2,332,Needs Attention
17893.0,224,1,112.25,1,2,1,121,Lost Customers
17894.0,71,8,1119.39,2,5,4,254,At Risk
17895.0,43,1,98.0,3,2,1,321,New Customers
17896.0,22,1,256.32,4,2,2,422,New Customers
17897.0,172,4,541.1,2,4,3,243,At Risk
17898.0,84,2,152.06,2,3,1,231,Needs Attention
17899.0,158,1,155.8,2,2,1,221,Lost Customers
17900.0,164,4,15.0,2,4,1,241,At Risk
17901.0,28,1,110.38,4,2,1,421,New Customers
17904.0,20,2,178.92,4,3,1,431,Loyal Customers
17905.0,70,4,800.24,3,4,3,343,Needs Attention
17906.0,246,1,72.9,1,2,1,121,Lost Customers
17908.0,373,1,243.28,1,2,2,122,Lost Customers
17911.0,8,1,366.23,5,2,2,522,New Customers
17912.0,309,6,295.61,1,4,2,142,At Risk
17913.0,58,2,411.6,3,3,2,332,Needs Attention
17914.0,3,1,336.43,5,2,2,522,New Customers
17917.0,44,3,341.28,3,3,2,332,Needs Attention
17919.0,87,1,1304.04,2,2,4,224,High Value At Risk
17920.0,3,17,4192.2,5,5,5,555,Champions
17921.0,63,4,826.52,3,4,3,343,Needs Attention
17923.0,281,1,207.50000000000003,1,2,1,121,Lost Customers
17924.0,0,13,2894.33,5,5,5,555,Champions
17925.0,372,1,244.08,1,2,2,122,Lost Customers
17926.0,132,2,397.29,2,3,2,232,Needs Attention
17928.0,44,2,184.46,3,3,1,331,Needs Attention
17929.0,10,5,834.5,5,4,3,543,Loyal Customers
17930.0,35,5,1740.48,3,4,4,344,Needs Attention
17931.0,133,2,408.36,2,3,2,232,Needs Attention
17932.0,28,3,1331.57,4,3,4,434,Loyal Customers
17934.0,51,2,704.25,3,3,3,333,Needs Attention
17935.0,137,2,142.89,2,3,1,231,Needs Attention
17936.0,4,1,389.84,5,2,2,522,New Customers
17937.0,8,7,4301.22,5,5,5,555,Champions
17939.0,159,1,99.14,2,2,1,221,Lost Customers
17940.0,48,9,2238.58,3,5,5,355,Needs Attention
17941.0,130,1,304.56,2,2,2,222,Lost Customers
17942.0,7,1,77.50000000000001,5,2,1,521,New Customers
17946.0,232,2,149.57999999999998,1,3,1,131,Needs Attention
17947.0,36,1,176.68,3,2,1,321,New Customers
17948.0,146,1,358.56000000000006,2,2,2,222,Lost Customers
17949.0,0,49,53215.74,5,5,5,555,Champions
17950.0,71,4,472.12,2,4,3,243,At Risk
17951.0,39,4,990.8400000000001,3,4,4,344,Needs Attention
17954.0,4,16,2295.37,5,5,5,555,Champions
17955.0,198,4,557.3,1,4,3,143,At Risk
17956.0,248,1,12.75,1,2,1,121,Lost Customers
17957.0,65,1,110.72,3,2,1,321,New Customers
17958.0,116,1,508.4599999999999,2,2,3,223,Lost Customers
17960.0,170,1,73.78,2,2,1,221,Lost Customers
17961.0,20,39,1296.44,4,5,4,454,Champions
17962.0,141,1,102.83,2,2,1,221,Lost Customers
17964.0,31,2,471.7,4,3,3,433,Loyal Customers
17965.0,37,14,2622.57,3,5,5,355,Needs Attention
17966.0,37,5,1098.43,3,4,4,344,Needs Attention
17967.0,371,1,123.07,1,2,1,121,Lost Customers
17968.0,373,1,277.35,1,2,2,122,Lost Customers
17969.0,165,2,228.2,2,3,1,231,Needs Attention
17970.0,210,1,582.59,1,2,3,123,Lost Customers
17972.0,241,1,136.04,1,2,1,121,Lost Customers
17973.0,51,1,337.04,3,2,2,322,New Customers
17974.0,24,3,740.79,4,3,3,433,Loyal Customers
17975.0,14,14,4390.31,4,5,5,455,Champions
17976.0,371,1,353.19,1,2,2,122,Lost Customers
17977.0,28,1,288.14,4,2,2,422,New Customers
17978.0,364,1,300.91999999999996,1,2,2,122,Lost Customers
17979.0,35,5,734.41,3,4,3,343,Needs Attention
17980.0,165,3,811.45,2,3,3,233,Needs Attention
17984.0,144,1,152.68,2,2,1,221,Lost Customers
17985.0,21,1,634.95,4,2,3,423,New Customers
17986.0,55,1,20.8,3,2,1,321,New Customers
17987.0,184,1,198.57,1,2,1,121,Lost Customers
17988.0,11,8,191.17000000000002,4,5,1,451,Loyal Customers
17990.0,236,3,630.84,1,3,3,133,Needs Attention
17991.0,224,2,93.35,1,3,1,131,Needs Attention
17994.0,121,6,629.6899999999999,2,4,3,243,At Risk
17995.0,281,1,76.1,1,2,1,121,Lost Customers
17997.0,73,12,1528.68,2,5,4,254,At Risk
17999.0,36,2,382.06,3,3,2,332,Needs Attention
18001.0,11,2,417.23,4,3,2,432,Loyal Customers
18004.0,361,1,169.47,1,2,1,121,Lost Customers
18005.0,3,2,249.72,5,3,2,532,Loyal Customers
18006.0,22,1,444.68,4,2,2,422,New Customers
18008.0,69,9,2116.19,3,5,5,355,Needs Attention
18009.0,234,2,252.24,1,3,2,132,Needs Attention
18010.0,256,1,174.8,1,2,1,121,Lost Customers
18011.0,372,1,102.78999999999999,1,2,1,121,Lost Customers
18013.0,154,2,187.29,2,3,1,231,Needs Attention
18014.0,27,1,158.47,4,2,1,421,New Customers
18015.0,3,1,120.03,5,2,1,521,New Customers
18016.0,31,5,1483.56,4,4,4,444,Champions
18017.0,80,3,523.0,2,3,3,233,Needs Attention
18018.0,107,2,122.14,2,3,1,231,Needs Attention
18019.0,51,1,38.45,3,2,1,321,New Customers
18022.0,35,1,668.11,3,2,3,323,New Customers
18024.0,152,3,236.77999999999997,2,3,2,232,Needs Attention
18027.0,98,1,115.31,2,2,1,221,Lost Customers
18030.0,3,3,220.7,5,3,1,531,Loyal Customers
18032.0,333,1,73.5,1,2,1,121,Lost Customers
18033.0,64,1,97.97,3,2,1,321,New Customers
18034.0,21,2,422.88,4,3,2,432,Loyal Customers
18035.0,35,3,730.4,3,3,3,333,Needs Attention
18036.0,31,3,405.62,4,3,2,432,Loyal Customers
18037.0,153,6,70.02,2,4,1,241,At Risk
18040.0,18,2,357.20000000000005,4,3,2,432,Loyal Customers
18041.0,11,22,4161.14,4,5,5,455,Champions
18042.0,53,1,165.04999999999998,3,2,1,321,New Customers
18043.0,24,3,559.51,4,3,3,433,Loyal Customers
18044.0,3,11,2085.65,5,5,5,555,Champions
18045.0,44,1,189.4,3,2,1,321,New Customers
18048.0,202,2,172.29000000000002,1,3,1,131,Needs Attention
18050.0,358,1,74.4,1,2,1,121,Lost Customers
18053.0,65,2,297.07,3,3,2,332,Needs Attention
18055.0,6,11,6752.14,5,5,5,555,Champions
18056.0,287,1,363.65,1,2,2,122,Lost Customers
18058.0,9,1,170.16,5,2,1,521,New Customers
18059.0,8,4,296.71,5,4,2,542,Loyal Customers
18061.0,21,10,2119.41,4,5,5,455,Champions
18062.0,172,3,720.52,2,3,3,233,Needs Attention
18064.0,132,2,814.0,2,3,3,233,Needs Attention
18065.0,5,15,2380.08,5,5,5,555,Champions
18066.0,74,1,318.0,2,2,2,222,Lost Customers
18067.0,39,1,396.33,3,2,2,322,New Customers
18068.0,288,1,101.69999999999999,1,2,1,121,Lost Customers
18069.0,25,7,2021.82,4,5,5,455,Champions
18071.0,257,2,453.0,1,3,2,132,Needs Attention
18072.0,154,2,12.239999999999997,2,3,1,231,Needs Attention
18073.0,113,13,3864.44,2,5,5,255,At Risk
18074.0,373,1,489.6,1,2,3,123,Lost Customers
18075.0,22,14,2538.7200000000003,4,5,5,455,Champions
18077.0,7,11,2633.0099999999998,5,5,5,555,Champions
18078.0,216,2,336.13,1,3,2,132,Needs Attention
18079.0,44,4,3651.97,3,4,5,345,Needs Attention
18080.0,18,2,1231.5,4,3,4,434,Loyal Customers
18081.0,35,3,343.45,3,3,2,332,Needs Attention
18082.0,25,1,703.37,4,2,3,423,New Customers
18084.0,15,2,87.52999999999999,4,3,1,431,Loyal Customers
18085.0,329,2,689.95,1,3,3,133,Needs Attention
18086.0,273,1,101.34,1,2,1,121,Lost Customers
18087.0,143,3,2917.3199999999993,2,3,5,235,High Value At Risk
18088.0,60,1,167.67000000000002,3,2,1,321,New Customers
18092.0,1,12,9065.76,5,5,5,555,Champions
18093.0,92,5,2083.42,2,4,5,245,At Risk
18094.0,81,7,3017.3,2,5,5,255,At Risk
18095.0,312,2,580.0500000000001,1,3,3,133,Needs Attention
18096.0,11,3,911.15,4,3,4,434,Loyal Customers
18097.0,7,7,2692.85,5,5,5,555,Champions
18099.0,126,1,168.31,2,2,1,221,Lost Customers
18101.0,10,2,223.65,5,3,1,531,Loyal Customers
18102.0,0,60,259657.3,5,5,5,555,Champions
18104.0,36,1,754.64,3,2,3,323,New Customers
18105.0,37,1,113.48000000000002,3,2,1,321,New Customers
18106.0,329,1,430.7,1,2,2,122,Lost Customers
18108.0,248,2,264.65,1,3,2,132,Needs Attention
18109.0,1,31,7925.32,5,5,5,555,Champions
18110.0,18,2,206.05,4,3,1,431,Loyal Customers
18112.0,11,2,352.69,4,3,2,432,Loyal Customers
18113.0,368,1,76.32000000000001,1,2,1,121,Lost Customers
18114.0,289,1,220.1,1,2,1,121,Lost Customers
18116.0,67,8,1414.43,3,5,4,354,Needs Attention
18117.0,25,1,319.47,4,2,2,422,New Customers
18118.0,10,31,5593.37,5,5,5,555,Champions
18119.0,367,1,181.12,1,2,1,121,Lost Customers
18120.0,213,1,111.15,1,2,1,121,Lost Customers
18121.0,148,2,673.1,2,3,3,233,Needs Attention
18122.0,7,6,1824.99,5,4,4,544,Champions
18123.0,23,2,589.4399999999999,4,3,3,433,Loyal Customers
18125.0,29,5,1141.34,4,4,4,444,Champions
18126.0,60,1,204.49,3,2,1,321,New Customers
18127.0,18,3,348.73,4,3,2,432,Loyal Customers
18129.0,242,1,112.55000000000001,1,2,1,121,Lost Customers
18130.0,8,4,1045.74,5,4,4,544,Champions
18133.0,211,1,931.4999999999999,1,2,4,124,High Value At Risk
18135.0,28,5,681.9100000000001,4,4,3,443,Loyal Customers
18136.0,62,4,761.83,3,4,3,343,Needs Attention
18138.0,294,1,152.65,1,2,1,121,Lost Customers
18139.0,17,6,8438.34,4,4,5,445,Champions
18141.0,360,1,-35.400000000000006,1,2,1,121,Lost Customers
18142.0,150,4,1014.9,2,4,4,244,At Risk
18143.0,116,2,1000.16,2,3,4,234,High Value At Risk
18144.0,7,12,2888.75,5,5,5,555,Champions
18145.0,12,4,2861.55,4,4,5,445,Champions
18146.0,140,2,160.35000000000002,2,3,1,231,Needs Attention
18147.0,45,2,179.33999999999997,3,3,1,331,Needs Attention
18149.0,50,3,612.0799999999999,3,3,3,333,Needs Attention
18150.0,31,3,566.58,4,3,3,433,Loyal Customers
18151.0,134,2,653.35,2,3,3,233,Needs Attention
18154.0,2,2,399.19,5,3,2,532,Loyal Customers
18155.0,74,4,347.82,2,4,2,242,At Risk
18156.0,12,2,734.94,4,3,3,433,Loyal Customers
18158.0,8,3,451.75,5,3,2,532,Loyal Customers
18159.0,300,1,530.15,1,2,3,123,Lost Customers
18160.0,56,2,638.0600000000001,3,3,3,333,Needs Attention
18161.0,9,6,1612.79,5,4,4,544,Champions
18164.0,30,2,394.7,4,3,2,432,Loyal Customers
18165.0,176,1,302.46000000000004,2,2,2,222,Lost Customers
18167.0,3,5,1361.51,5,4,4,544,Champions
18168.0,175,9,1133.64,2,5,4,254,At Risk
18169.0,60,1,202.65,3,2,1,321,New Customers
18170.0,32,3,980.31,3,4,4,344,Needs Attention
18171.0,58,7,1208.51,3,5,4,354,Needs Attention
18172.0,14,25,7490.17,4,5,5,455,Champions
18173.0,86,4,2106.84,2,4,5,245,At Risk
18174.0,6,1,104.0,5,2,1,521,New Customers
18176.0,353,2,448.65,1,3,2,132,Needs Attention
18177.0,30,7,1314.17,4,5,4,454,Champions
18178.0,113,6,1573.41,2,4,4,244,At Risk
18179.0,8,6,1793.17,5,4,4,544,Champions
18180.0,4,6,1843.75,5,4,4,544,Champions
18181.0,23,1,382.8,4,2,2,422,New Customers
18183.0,217,6,600.52,1,4,3,143,At Risk
18184.0,14,1,49.8,4,2,1,421,New Customers
18185.0,248,1,304.25,1,2,2,122,Lost Customers
18188.0,14,4,1998.49,4,4,5,445,Champions
18189.0,77,3,1084.34,2,4,4,244,At Risk
18190.0,191,3,274.51,1,4,2,142,At Risk
18191.0,261,1,207.79999999999998,1,2,1,121,Lost Customers
18192.0,71,1,957.97,2,2,4,224,High Value At Risk
18193.0,150,3,212.96,2,4,1,241,At Risk
18194.0,63,2,896.0,3,3,3,333,Needs Attention
18196.0,94,2,689.13,2,3,3,233,Needs Attention
18198.0,3,21,5083.06,5,5,5,555,Champions
18200.0,105,1,163.8,2,2,1,221,Lost Customers
18202.0,199,3,1396.99,1,4,4,144,At Risk
18203.0,156,1,160.42000000000002,2,2,1,221,Lost Customers
18204.0,70,4,1979.3,3,4,4,344,Needs Attention
18205.0,35,2,517.36,3,3,3,333,Needs Attention
18209.0,28,1,139.10000000000002,4,2,1,421,New Customers
18210.0,1,6,2621.38,5,4,5,545,Champions
18211.0,25,5,600.07,4,4,3,443,Loyal Customers
18212.0,325,1,248.42,1,2,2,122,Lost Customers
18213.0,236,1,232.48000000000002,1,2,1,121,Lost Customers
18215.0,88,1,299.34000000000003,2,2,2,222,Lost Customers
18216.0,30,1,481.75,4,2,3,423,New Customers
18217.0,28,2,621.75,4,3,3,433,Loyal Customers
18218.0,205,4,626.38,1,4,3,143,At Risk
18219.0,2,11,2019.77,5,5,5,555,Champions
18220.0,219,2,297.78000000000003,1,3,2,132,Needs Attention
18221.0,21,6,1033.31,4,4,4,444,Champions
18222.0,92,1,443.0,2,2,2,222,Lost Customers
18223.0,1,26,6318.07,5,5,5,555,Champions
18224.0,263,1,158.95000000000002,1,2,1,121,Lost Customers
18225.0,2,17,5361.02,5,5,5,555,Champions
18226.0,38,14,5192.1,3,5,5,355,Needs Attention
18227.0,217,1,93.75,1,2,1,121,Lost Customers
18228.0,49,3,769.2,3,4,3,343,Needs Attention
18229.0,11,20,7276.900000000001,4,5,5,455,Champions
18230.0,8,10,2716.6000000000004,5,5,5,555,Champions
18231.0,191,6,2066.17,1,4,5,145,At Risk
18232.0,81,5,582.47,2,4,3,243,At Risk
18233.0,325,1,440.0,1,2,2,122,Lost Customers
18235.0,71,3,1796.48,2,4,4,244,At Risk
18236.0,29,6,882.24,4,4,3,443,Loyal Customers
18237.0,2,5,987.1,5,4,4,544,Champions
18239.0,218,5,1561.6100000000001,1,4,4,144,At Risk
18240.0,45,1,422.58,3,2,2,322,New Customers
18241.0,9,18,2058.09,5,5,5,555,Champions
18242.0,71,4,2232.4900000000002,2,4,5,245,At Risk
18245.0,6,8,2507.56,5,5,5,555,Champions
18246.0,23,2,596.1,4,3,3,433,Loyal Customers
18248.0,113,4,783.02,2,4,3,243,At Risk
18249.0,16,1,95.34,4,2,1,421,New Customers
18250.0,300,2,342.92,1,3,2,132,Needs Attention
18251.0,86,1,4314.72,2,2,5,225,High Value At Risk
18252.0,50,2,526.67,3,3,3,333,Needs Attention
18255.0,88,1,103.3,2,2,1,221,Lost Customers
18256.0,354,1,-50.1,1,2,1,121,Lost Customers
18257.0,38,11,2274.03,3,5,5,355,Needs Attention
18259.0,24,3,2338.6000000000004,4,4,5,445,Champions
18260.0,172,8,2595.0,2,5,5,255,At Risk
18261.0,42,2,324.24,3,3,2,332,Needs Attention
18262.0,139,1,149.48,2,2,1,221,Lost Customers
18263.0,22,4,1211.08,4,4,4,444,Champions
18265.0,71,2,801.51,2,3,3,233,Needs Attention
18268.0,133,2,0.0,2,3,1,231,Needs Attention
18269.0,357,2,138.9,1,3,1,131,Needs Attention
18270.0,37,3,244.9,3,4,2,342,Needs Attention
18272.0,2,7,3064.78,5,5,5,555,Champions
18273.0,1,3,204.0,5,4,1,541,Loyal Customers
18274.0,17,2,1.7763568394002505e-15,4,3,1,431,Loyal Customers
18276.0,20,3,323.36,4,4,2,442,Loyal Customers
18277.0,57,2,97.63,3,3,1,331,Needs Attention
18278.0,73,1,173.9,2,2,1,221,Lost Customers
18280.0,277,1,180.60000000000002,1,2,1,121,Lost Customers
18281.0,180,1,80.82,1,2,1,121,Lost Customers
18282.0,7,3,176.6,5,4,1,541,Loyal Customers
18283.0,3,16,2088.93,5,5,5,555,Champions
18287.0,42,3,1837.28,3,4,4,344,Needs Attention
