StockCode,Description,Revenue,Quantity,Orders,Revenue_per_Unit
22423,REGENCY CAKESTAND 3 TIER,174484.74,13879,1988,12.571852438936522
23843,"PAPER CRAFT , LITTLE BIRDIE",168469.6,80995,1,2.08
85123A,WHITE HANGING HEART T-LIGHT HOLDER,104340.29000000001,37599,2189,2.775081518125482
47566,PARTY BUNTING,99504.33,18295,1685,5.438881115058759
85099B,JUMBO BAG RED RETROSPOT,94340.05,48474,2089,1.9461989932747452
23166,MEDIUM CERAMIC TOP STORAGE JAR,81700.92000000001,78033,247,1.047004728768598
23084,RABBIT NIGHT LIGHT,66964.99,30788,994,2.175035403403924
22086,PAPER CHAIN KIT 50'S CHRISTMAS ,64952.29,19355,1160,3.355840351330406
84879,ASSORTED COLOUR BIRD ORNAMENT,59094.93,36461,1455,1.6207709607525849
79321,CHILLI LIGHTS,54117.76,10306,661,5.251092567436445
23298,SPOTTY BUNTING,42548.130000000005,8327,1140,5.109658940795005
22386,JUMBO BAG PINK POLKADOT,42436.24,21465,1218,1.9769969718145817
21137,BLACK RECORD COVER FRAME,40652.13,11656,375,3.4876570006863417
22502,PICNIC BASKET WICKER 60 PIECES,39619.5,61,2,649.5
23284,DOORMAT KEEP CALM AND COME IN,38166.64,5491,728,6.950763066836641
22720,SET OF 3 CAKE TINS PANTRY DESIGN ,38158.39,7493,1385,5.092538369144535
22960,JAM MAKING SET WITH JARS,37128.88,8706,1132,4.2647461520790255
82484,WOOD BLACK BOARD ANT WHITE FINISH,36030.22,6020,685,5.985086378737542
20725,LUNCH BAG RED RETROSPOT,35752.01,19353,1564,1.8473626827881984
22197,POPCORN HOLDER,34298.87,36761,803,0.9330233127499252
22178,VICTORIAN GLASS HANGING T-LIGHT,33187.97,24304,1037,1.3655353028308097
22114,HOT WATER BOTTLE TEA AND SYMPATHY,33002.590000000004,5747,643,5.742576996693928
22910,PAPER CHAIN KIT VINTAGE CHRISTMAS,32873.340000000004,10604,820,3.1000886457940404
22112,CHOCOLATE HOT WATER BOTTLE,32866.18,6025,858,5.454967634854772
85099F,JUMBO BAG STRAWBERRY,32570.47,17273,812,1.885629016383952
22469,HEART OF WICKER SMALL,32107.8,17971,1201,1.7866451505202827
23245,SET OF 3 REGENCY CAKE TINS,31177.95,6357,873,4.9045068428504015
21931,JUMBO STORAGE BAG SUKI,30770.12,13654,1184,2.25356086128607
22727,ALARM CLOCK BAKELIKE RED ,30701.12,7815,1051,3.928486244401791
23199,JUMBO BAG APPLES,30475.65,14920,978,2.042603887399464
22470,HEART OF WICKER LARGE,30139.41,9901,925,3.044077365922634
22355,CHARLOTTE BAG SUKI DESIGN,29277.95,18152,882,1.6129324592331424
22699,ROSES REGENCY TEACUP AND SAUCER ,29095.27,9877,1065,2.9457598461071175
23355,HOT WATER BOTTLE KEEP CALM,28842.550000000003,5841,782,4.937947269303202
22411,JUMBO SHOPPER VINTAGE RED PAISLEY,28634.95,12602,1175,2.2722544040628474
22457,NATURAL SLATE HEART CHALKBOARD ,28147.960000000003,9172,1249,3.0689010030527695
85099C,JUMBO  BAG BAROQUE BLACK WHITE,28092.2,13922,933,2.0178278982904754
20685,DOORMAT RED RETROSPOT,28082.54,4092,696,6.862790811339199
23201,JUMBO BAG ALPHABET,27890.170000000002,13379,906,2.08462291651095
22726,ALARM CLOCK BAKELIKE GREEN,27196.53,6430,980,4.229631415241057
84347,ROTATING SILVER ANGELS T-LIGHT HLDR,26463.829999999998,9476,449,2.792721612494723
21915,RED  HARMONICA IN BOX ,26331.58,21933,661,1.20054620890895
22666,RECIPE BOX PANTRY YELLOW DESIGN,26240.600000000002,8276,1111,3.1706863218946353
21175,GIN + TONIC DIET METAL SIGN,25836.57,11727,759,2.2031696085955486
22629,SPACEBOY LUNCH BOX ,25740.469999999998,14260,900,1.8050820476858342
22961,JAM MAKING SET PRINTED,25660.98,16412,1162,1.563549841579332
48138,DOORMAT UNION FLAG,25609.6,3762,616,6.807442849548113
21181,PLEASE ONE PERSON METAL SIGN,25290.58,12305,845,2.055309223892727
23173,REGENCY TEAPOT ROSES ,24918.93,2770,416,8.996003610108303
21621,VINTAGE UNION JACK BUNTING,24542.83,2789,475,8.79986733596271
23203,JUMBO BAG VINTAGE DOILY ,24522.36,11464,711,2.139075366364271
22111,SCOTTIE DOG HOT WATER BOTTLE,24509.84,4666,771,5.252858979854265
22722,SET OF 6 SPICE TINS PANTRY DESIGN,24483.66,5978,834,4.095627300100368
22326,ROUND SNACK BOXES SET OF4 WOODLAND ,24438.620000000003,8560,732,2.854978971962617
48187,DOORMAT NEW ENGLAND,24292.84,3830,600,6.342778067885117
22138,BAKING SET 9 PIECE RETROSPOT ,24239.72,4948,934,4.898892481810833
21731,RED TOADSTOOL LED NIGHT LIGHT,23932.98,14009,849,1.7084003140838033
48185,DOORMAT FAIRY CAKE,23888.81,3617,365,6.60459220348355
23344,JUMBO BAG 50'S CHRISTMAS ,23815.75,10306,716,2.31086260430817
23243,SET OF TEA COFFEE SUGAR TINS PANTRY,23514.170000000002,4805,470,4.893687825182102
22189,CREAM HEART CARD HOLDER,23463.47,8291,524,2.8299927632372452
21733,RED HANGING HEART T-LIGHT HOLDER,23228.74,7882,741,2.9470616594772903
21929,JUMBO BAG PINK VINTAGE PAISLEY,23181.14,11007,865,2.106036158808031
82482,WOODEN PICTURE FRAME WHITE FINISH,23113.260000000002,9006,1100,2.566429047301799
20713,JUMBO BAG OWLS,23030.96,11444,657,2.012492135616917
21623,VINTAGE UNION JACK MEMOBOARD,23010.09,3272,221,7.032423594132029
22139,RETROSPOT TEA SET CERAMIC 11 PC ,22912.81,4527,962,5.061367351446875
22697,GREEN REGENCY TEACUP AND SAUCER,22826.3,7302,1013,3.1260339632977265
22090,PAPER BUNTING RETROSPOT,22790.960000000003,7564,798,3.013083024854575
85066,CREAM SWEETHEART MINI CHEST,22708.95,1793,519,12.665337423312884
20727,LUNCH BAG  BLACK SKULL.,22421.21,12240,1273,1.831798202614379
15056N,EDWARDIAN PARASOL NATURAL,22176.49,3954,456,5.608621648963076
84029E,RED WOOLLY HOTTIE WHITE HEART.,22144.98,4765,429,4.647424973767051
48194,DOORMAT HEARTS,22138.57,3419,592,6.475159403334308
20712,JUMBO BAG WOODLAND ANIMALS,22092.42,9773,863,2.260556635628773
23202,JUMBO BAG VINTAGE LEAF,21852.81,10962,879,1.9935057471264368
20724,RED RETROSPOT CHARLOTTE BAG,21776.79,17765,1032,1.2258254995778215
20728,LUNCH BAG CARS BLUE,21750.63,11817,1150,1.8406219852754506
22630,DOLLY GIRL LUNCH BOX,21635.14,11793,850,1.8345747477317051
21523,DOORMAT FANCY FONT HOME SWEET HOME,21601.69,3246,502,6.654864448552064
21843,RED RETROSPOT CAKE STAND,21365.25,2013,539,10.613636363636363
21212,PACK OF 72 RETROSPOT CAKE CASES,21259.100000000002,36419,1320,0.5837365111617563
21166,COOK WITH WINE METAL SIGN ,20957.64,10364,723,2.022157468159012
23206,LUNCH BAG APPLE DESIGN,20911.98,12183,1036,1.7164885496183206
22659,LUNCH BOX I LOVE LONDON,20818.7,11523,707,1.8067083224854639
22728,ALARM CLOCK BAKELIKE PINK,20702.15,5364,783,3.859461222967935
21479,WHITE SKULL HOT WATER BOTTLE ,20594.45,3918,499,5.256368044920878
82494L,WOODEN FRAME ANTIQUE WHITE ,19640.79,6749,910,2.910177804119129
84946,ANTIQUE SILVER T-LIGHT GLASS,19411.62,14688,689,1.321597222222222
22501,PICNIC BASKET WICKER LARGE,19322.16,1604,445,12.046234413965086
22328,ROUND SNACK BOXES SET OF 4 FRUITS ,19130.37,6847,581,2.7939783846940265
22467,GUMBALL COAT RACK,18890.47,7962,681,2.372578497864858
22969,HOMEMADE JAM SCENTED CANDLES,18788.55,12532,646,1.4992459304181296
22383,LUNCH BAG SUKI DESIGN ,18750.579999999998,10332,1084,1.8148064266356947
15036,ASSORTED COLOURS SILK FAN,18569.84,23826,518,0.7793939393939394
20726,LUNCH BAG WOODLAND,18323.38,9933,1017,1.8446974730695662
22382,LUNCH BAG SPACEBOY DESIGN ,18092.36,10464,1157,1.7290099388379205
21108,FAIRY CAKE FLANNEL ASSORTED COLOUR,18069.280000000002,10253,262,1.7623407783087879
22835,HOT WATER BOTTLE I AM SO POORLY,18055.11,3474,657,5.197210708117444
22693,GROW A FLYTRAP OR SUNFLOWER IN TIN,17927.45,16244,305,1.103635188377247
22865,HAND WARMER OWL DESIGN,17910.030000000002,8498,654,2.107558248999765
21485,RETROSPOT HEART HOT WATER BOTTLE,17708.53,3533,623,5.012320973676761
20914,SET/5 RED RETROSPOT LID GLASS BOWLS,17655.8,6084,879,2.9020052596975674
22698,PINK REGENCY TEACUP AND SAUCER,17551.760000000002,5824,765,3.0136950549450554
22384,LUNCH BAG PINK POLKADOT,17435.19,10515,1090,1.6581255349500712
23203,JUMBO BAG DOILEY PATTERNS,17272.85,8895,514,1.9418605958403596
21928,JUMBO BAG SCANDINAVIAN BLUE PAISLEY,17245.93,8414,662,2.0496707867839317
22077,6 RIBBONS RUSTIC CHARM,17205.37,9183,955,1.8736110203637155
22385,JUMBO BAG SPACEBOY DESIGN,17081.86,8671,686,1.969998846730481
71477,COLOUR GLASS. STAR T-LIGHT HOLDER,17073.65,5737,264,2.976058915809657
22197,SMALL POPCORN HOLDER,17055.149999999998,20160,589,0.8459895833333332
21754,HOME BUILDING BLOCK WORD,17049.920000000002,2780,777,6.1330647482014395
82583,HOT BATHS METAL SIGN,17047.06,7306,609,2.33329592116069
22492,MINI PAINT SET VINTAGE ,16937.82,26633,380,0.6359711635940375
20719,WOODLAND CHARLOTTE BAG,16759.75,13308,833,1.2593740607153592
22624,IVORY KITCHEN SCALES,16528.31,1901,711,8.69453445554971
22993,SET OF 4 PANTRY JELLY MOULDS,16507.23,12672,1073,1.3026538825757576
84978,HANGING HEART JAR T-LIGHT HOLDER,16477.53,12512,728,1.3169381393861892
84078A,SET/4 WHITE RETRO STORAGE CUBES ,16363.300000000001,415,155,39.42963855421687
23301,GARDENERS KNEELING PAD KEEP CALM ,16357.05,8825,913,1.8534900849858356
84029G,KNITTED UNION FLAG HOT WATER BOTTLE,16164.04,3323,459,4.864291303039423
85152,HAND OVER THE CHOCOLATE   SIGN ,15983.330000000002,8272,677,1.9322207446808513
23313,VINTAGE CHRISTMAS BUNTING,15833.310000000001,2997,401,5.283053053053053
15056BL,EDWARDIAN PARASOL BLACK,15828.84,2844,321,5.565696202531646
22379,RECYCLING BAG RETROSPOT ,15636.99,6910,748,2.2629507959479014
82483,WOOD 2 DRAWER CABINET WHITE FINISH,15240.07,2403,543,6.342101539741989
22084,PAPER CHAIN KIT EMPIRE,15122.970000000001,5189,436,2.9144285989593373
84997D,CHILDRENS CUTLERY POLKADOT PINK,14501.94,3668,358,3.953636859323882
22752,SET 7 BABUSHKA NESTING BOXES,14453.470000000001,1790,380,8.074564245810057
22866,HAND WARMER SCOTTY DOG DESIGN,14410.62,6632,548,2.172892038600724
22847,BREAD BIN DINER STYLE IVORY,14329.539999999999,901,375,15.904039955604883
48184,DOORMAT ENGLISH ROSE ,14324.0,2038,407,7.028459273797841
23200,JUMBO BAG PEARS,14197.28,7071,595,2.007817847546316
22507,MEMO BOARD RETROSPOT  DESIGN,14193.35,2960,459,4.795050675675676
22083,PAPER CHAIN KIT RETROSPOT,14159.54,4658,610,3.0398325461571494
22625,RED KITCHEN SCALES,14141.7,1627,546,8.691886908420406
21232,STRAWBERRY CERAMIC TRINKET BOX,14130.08,10483,706,1.3479042258895355
22867,HAND WARMER BIRD DESIGN,14078.69,6441,554,2.185792578792113
21930,JUMBO STORAGE BAG SKULLS,14031.16,6450,705,2.1753736434108526
23343,JUMBO BAG VINTAGE CHRISTMAS ,13978.95,6081,476,2.298791317217563
22622,BOX OF VINTAGE ALPHABET BLOCKS,13931.31,1342,267,10.381005961251862
84077,WORLD WAR 2 GLIDERS ASSTD DESIGNS,13841.849999999999,55047,535,0.25145512017003646
20971,PINK BLUE FELT CRAFT TRINKET BOX,13838.1,11001,522,1.2578947368421054
22941,CHRISTMAS LIGHTS 10 REINDEER,13812.92,1672,311,8.261315789473684
22171,3 HOOK PHOTO SHELF ANTIQUE WHITE,13746.11,1811,382,7.590342352291552
23077,DOUGHNUT LIP GLOSS ,13720.77,10415,344,1.3174047047527604
22551,PLASTERS IN TIN SPACEBOY,13615.31,8082,673,1.6846461271962385
21524,DOORMAT SPOTTY HOME SWEET HOME,13612.41,1757,480,7.747529880478088
23356,LOVE HOT WATER BOTTLE,13494.970000000001,2386,476,5.655896898575022
23207,LUNCH BAG ALPHABET DESIGN,13360.2,7851,740,1.7017195261750095
22558,CLOTHES PEGS RETROSPOT PACK 24 ,13346.039999999999,8689,772,1.5359696167568189
22554,PLASTERS IN TIN WOODLAND ANIMALS,13344.769999999999,7813,704,1.708021246640215
23108,SET OF 10 LED DOLLY LIGHTS,13303.019999999999,2221,372,5.989653309320126
23328,SET 6 SCHOOL MILK BOTTLES IN CRATE,13284.49,2845,405,4.669416520210897
22113,GREY HEART HOT WATER BOTTLE,12805.33,3231,561,3.9632714329928813
22499,WOODEN UNION JACK BUNTING,12792.25,2091,407,6.117766618842659
22427,ENAMEL FLOWER JUG CREAM,12671.060000000001,2110,506,6.005241706161138
20750,RED RETROSPOT MINI CASES,12642.93,1748,385,7.232797482837529
20749,ASSORTED COLOUR MINI CASES,12614.17,1770,383,7.126649717514124
21755,LOVE BUILDING BLOCK WORD,12572.710000000001,2034,629,6.181273352999018
22607,WOODEN ROUNDERS GARDEN SET ,12571.369999999999,1331,358,9.445056348610066
20723,STRAWBERRY CHARLOTTE BAG,12552.4,9798,722,1.2811185956317614
21790,VINTAGE SNAP CARDS,12515.96,14528,926,0.8615060572687224
22188,BLACK HEART CARD HOLDER,12487.17,4871,189,2.5635742147403
22568,FELTCRAFT CUSHION OWL,12440.14,3380,470,3.680514792899408
22424,ENAMEL BREAD BIN CREAM,12383.83,875,454,14.15294857142857
22149,FELTCRAFT 6 FLOWER FRIENDS,12373.880000000001,6078,547,2.0358473181967756
23174,REGENCY SUGAR BOWL GREEN,12350.73,3057,322,4.040147203140333
21977,PACK OF 60 PINK PAISLEY CAKE CASES,12245.02,24854,869,0.4926780397521526
48188,DOORMAT WELCOME PUPPIES,12114.97,2065,287,5.866813559322034
47590B,PINK HAPPY BIRTHDAY BUNTING,12071.92,2327,393,5.187761065749893
22273,FELTCRAFT DOLL MOLLY,12016.34,4514,331,2.662015950376606
22191,IVORY DINER WALL CLOCK,11971.15,1452,415,8.244593663911845
22158,3 HEARTS HANGING DECORATION RUSTIC,11944.880000000001,3463,303,3.449286745596304
82486,WOOD S/3 CABINET ANT WHITE FINISH,11937.68,1408,403,8.47846590909091
21430,SET/3 RED GINGHAM ROSE STORAGE BOX,11928.45,3040,477,3.9238322368421055
22087,PAPER BUNTING WHITE LACE,11893.230000000001,4089,326,2.9085913426265595
22193,RED DINER WALL CLOCK,11882.57,1403,460,8.469401282965075
23300,GARDENERS KNEELING PAD CUP OF TEA ,11815.689999999999,6827,758,1.7307294565695033
22502,PICNIC BASKET WICKER SMALL,11807.12,1879,461,6.2837253858435345
21936,RED RETROSPOT PICNIC BAG,11671.09,3987,531,2.927286180085277
23581,JUMBO BAG PAISLEY PARK,11613.03,5035,338,2.3064607745779546
22692,DOORMAT WELCOME TO OUR HOME,11555.56,1524,443,7.5823884514435695
21217,RED RETROSPOT ROUND CAKE TINS,11532.39,1089,344,10.589889807162534
22730,ALARM CLOCK BAKELIKE IVORY,11479.65,2892,570,3.9694502074688796
21481,FAWN BLUE HOT WATER BOTTLE,11466.37,3313,490,3.461023241774827
22356,CHARLOTTE BAG PINK POLKADOT,11420.289999999999,9719,742,1.1750478444284391
21216,"SET 3 RETROSPOT TEA,COFFEE,SUGAR",11407.56,2133,430,5.3481293952180025
22041,"RECORD FRAME 7"" SINGLE SIZE ",11354.56,4374,361,2.5959213534522174
21340,CLASSIC METAL BIRDCAGE PLANT HOLDER,11338.27,978,290,11.593323108384459
21080,SET/20 RED RETROSPOT PAPER NAPKINS ,11319.36,13210,986,0.8568781226343679
47566B,TEA TIME PARTY BUNTING,11290.12,2382,365,4.739764903442485
22605,WOODEN CROQUET GARDEN SET,11276.21,782,299,14.41970588235294
22570,FELTCRAFT CUSHION RABBIT,11227.47,3092,386,3.6311351875808535
23170,REGENCY TEA PLATE ROSES ,11117.05,6869,445,1.6184379094482457
22413,METAL SIGN TAKE IT OR LEAVE IT ,11104.79,3777,412,2.9401085517606567
22662,LUNCH BAG DOLLY GIRL DESIGN,11090.58,6724,682,1.6494021415823914
20711,JUMBO BAG TOYS ,11014.62,5007,522,2.199844218094668
85014B,RED RETROSPOT UMBRELLA,10981.95,1915,350,5.7346997389033945
22988,SOLDIERS EGG CUP ,10938.31,9137,418,1.1971445769946372
85048,15CM CHRISTMAS GLASS BALL 20 LIGHTS,10910.61,1359,261,8.028410596026491
23209,LUNCH BAG VINTAGE DOILY ,10820.1,6562,601,1.648902773544651
22617,BAKING SET SPACEBOY DESIGN,10745.050000000001,2209,464,4.864214576731554
22846,BREAD BIN DINER STYLE RED ,10676.619999999999,665,278,16.05506766917293
22734,SET OF 6 RIBBONS VINTAGE CHRISTMAS,10621.6,3265,422,3.2531699846860644
21791,VINTAGE HEADS AND TAILS CARD GAME ,10535.65,7889,607,1.335486119913804
21891,TRADITIONAL WOODEN SKIPPING ROPE,10526.0,8145,425,1.2923265807243707
84755,COLOUR GLASS T-LIGHT HOLDER HANGING,10518.25,16449,621,0.6394461669402395
23209,LUNCH BAG DOILEY PATTERN ,10510.44,6556,492,1.6031787675411837
47590A,BLUE HAPPY BIRTHDAY BUNTING,10502.650000000001,1992,390,5.272414658634539
23208,LUNCH BAG VINTAGE LEAF DESIGN,10498.01,6342,668,1.655315357931252
22992,REVOLVER WOODEN RULER ,10379.84,5236,348,1.9823987776928953
22169,FAMILY ALBUM WHITE PICTURE FRAME,10354.26,1198,372,8.642954924874791
21914,BLUE HARMONICA IN BOX ,10343.56,7879,603,1.3128011168930067
84997B,CHILDRENS CUTLERY RETROSPOT RED ,10316.86,2634,262,3.916803340926348
84947,ANTIQUE SILVER TEA GLASS ENGRAVED,10297.27,8706,347,1.1827785435331954
23582,VINTAGE DOILY JUMBO BAG RED ,10233.45,4815,259,2.1253271028037384
22970,LONDON BUS COFFEE MUG,10224.75,4367,317,2.3413670712159376
82600,NO SINGING METAL SIGN,10195.86,4789,496,2.129016496136981
84997C,CHILDRENS CUTLERY POLKADOT BLUE,10154.91,2583,233,3.9314401858304295
22569,FELTCRAFT CUSHION BUTTERFLY,10133.33,2765,348,3.664857142857143
21218,RED SPOTTY BISCUIT TIN,10116.49,2433,394,4.158031237155774
22556,PLASTERS IN TIN CIRCUS PARADE ,10070.109999999999,6118,571,1.645980712651193
22633,HAND WARMER UNION JACK,10057.320000000002,4867,479,2.066431066365318
22621,TRADITIONAL KNITTING NANCY,10056.949999999999,6150,609,1.6352764227642274
23171,REGENCY TEA PLATE GREEN ,10051.99,6247,381,1.609090763566512
48173C,DOORMAT BLACK FLOCK ,10025.11,1802,188,5.563324084350722
20679,EDWARDIAN PARASOL RED,10021.42,1710,326,5.860479532163743
23076,ICE CREAM SUNDAE LIP GLOSS,9965.76,8100,277,1.2303407407407407
22791,T-LIGHT GLASS FLUTED ANTIQUE,9963.880000000001,8027,345,1.2412956272580045
22690,DOORMAT HOME SWEET HOME BLUE ,9959.6,1621,285,6.144108574953733
22619,SET OF 6 SOLDIER SKITTLES,9921.29,2487,443,3.989260152794532
22654,DELUXE SEWING KIT ,9898.95,1412,328,7.010587818696885
22555,PLASTERS IN TIN STRONGMAN,9863.279999999999,6023,515,1.6376025236593057
22766,PHOTO FRAME CORNICE,9843.59,3297,504,2.985620260843191
21314,SMALL GLASS HEART TRINKET POT,9811.58,4252,541,2.307521166509878
22838,3 TIER CAKE TIN RED AND CREAM,9765.11,689,168,14.172873730043543
23240,SET OF 4 KNICK KNACK TINS DOILY ,9759.68,2360,353,4.135457627118644
22561,WOODEN SCHOOL COLOURING SET,9749.82,5888,433,1.6558797554347826
21559,STRAWBERRY LUNCH BOX WITH CUTLERY,9748.13,3938,573,2.4754012188928387
22776,SWEETHEART CAKESTAND 3 TIER,9697.25,959,377,10.111835245046924
22844,VINTAGE CREAM DOG FOOD CONTAINER,9686.82,1006,416,9.629045725646122
22144,CHRISTMAS CRAFT LITTLE FRIENDS,9681.18,4082,544,2.3716756491915727
22560,TRADITIONAL MODELLING CLAY,9602.32,8168,389,1.1756023506366307
23175,REGENCY MILK JUG PINK ,9600.15,3164,329,3.0341814159292033
22978,PANTRY ROLLING PIN,9568.73,2465,238,3.881837728194726
22456,NATURAL SLATE CHALKBOARD LARGE ,9554.470000000001,1731,476,5.519624494511843
35970,ZINC FOLKART SLEIGH BELLS,9546.53,5070,456,1.8829447731755424
22952,60 CAKE CASES VINTAGE CHRISTMAS,9511.52,16055,618,0.5924335098100281
21174,POTTERING IN THE SHED METAL SIGN,9413.82,4179,538,2.2526489590811196
84375,SET OF 20 KIDS COOKIE CUTTERS,9404.150000000001,4321,517,2.176382781763481
85150,LADIES & GENTLEMEN METAL SIGN,9388.53,4039,478,2.3244689279524637
21155,RED RETROSPOT PEG BAG,9301.4,3157,485,2.9462781121317705
23319,BOX OF 6 MINI 50'S CRACKERS,9266.84,3739,403,2.4784273870018723
22749,FELTCRAFT PRINCESS CHARLOTTE DOLL,9264.91,2375,449,3.901014736842105
22966,GINGERBREAD MAN COOKIE CUTTER,9212.15,7448,670,1.2368622448979592
84991,60 TEATIME FAIRY CAKE CASES,9183.720000000001,18214,828,0.5042121445042276
23318,BOX OF 6 MINI VINTAGE CRACKERS,9167.390000000001,3811,376,2.4055077407504597
20972,PINK CREAM FELT CRAFT TRINKET BOX ,9159.31,7362,616,1.244133387666395
23080,RED METAL BOX TOP SECRET,9158.87,1079,257,8.488294717330863
48116,DOORMAT MULTICOLOUR STRIPE,9088.63,1492,201,6.091575067024128
22729,ALARM CLOCK BAKELIKE ORANGE,9080.2,2326,445,3.9037833190025797
22771,CLEAR DRAWER KNOB ACRYLIC EDWARDIAN,9050.44,6635,441,1.3640452147701583
22759,SET OF 3 NOTEBOOKS IN PARCEL,9043.939999999999,5445,422,1.6609623507805324
22989,SET 2 PANTRY DESIGN TEA TOWELS,9012.27,2815,372,3.201516873889876
23439,HAND WARMER RED LOVE HEART,8941.61,4027,397,2.220414700769804
23322,LARGE WHITE HEART OF WICKER,8925.410000000002,3085,562,2.8931636952998385
82582,AREA PATROLLED METAL SIGN,8862.990000000002,4367,437,2.029537439890085
21889,WOODEN BOX OF DOMINOES,8862.29,6402,587,1.3843002186816622
22632,HAND WARMER RED RETROSPOT,8770.43,4354,374,2.0143385392742306
84945,MULTI COLOUR SILVER T-LIGHT HOLDER,8754.63,10557,347,0.8292725206024438
22947,WOODEN ADVENT CALENDAR RED,8714.24,746,137,11.681286863270778
22147,FELTCRAFT BUTTERFLY HEARTS,8626.939999999999,6230,481,1.3847415730337076
22652,TRAVEL SEWING KIT,8620.32,5096,467,1.691585557299843
22795,SWEETHEART RECIPE BOOK STAND,8578.0,1212,368,7.077557755775578
23082,SET 6 PAPER TABLE LANTERN HEARTS ,8577.51,2333,297,3.6766009429918562
71459,HANGING JAM JAR T-LIGHT HOLDER,8560.84,10792,348,0.7932579688658266
23078,ICE CREAM PEN LIP GLOSS ,8553.34,6831,257,1.2521358512662861
21035,SET/2 RED RETROSPOT TEA TOWELS ,8549.85,2603,394,3.2846139070303497
84378,SET OF 3 HEART COOKIE CUTTERS,8540.9,6350,685,1.345023622047244
21484,CHICK GREY HOT WATER BOTTLE,8535.52,1881,402,4.537756512493355
23256,CHILDRENS CUTLERY SPACEBOY ,8525.970000000001,2079,360,4.100995670995672
23493,VINTAGE DOILY TRAVEL SEWING KIT,8509.68,3970,415,2.1434962216624687
23321,SMALL WHITE HEART OF WICKER,8473.269999999999,4737,629,1.7887418197171203
21213,PACK OF 72 SKULL CAKE CASES,8418.44,15176,663,0.5547206114918293
21210,SET OF 72 RETROSPOT PAPER  DOILIES,8374.189999999999,5812,453,1.4408448038540949
22768,FAMILY PHOTO FRAME CORNICE,8268.539999999999,868,260,9.525967741935483
72741,GRAND CHOCOLATECANDLE,8225.0,5978,292,1.3758782201405153
22192,BLUE DINER WALL CLOCK,8189.29,954,365,8.58416142557652
22725,ALARM CLOCK BAKELIKE CHOCOLATE,8168.6,1984,428,4.117237903225806
84380,SET OF 3 BUTTERFLY COOKIE CUTTERS,8161.46,5805,688,1.4059362618432385
22655,VINTAGE RED KITCHEN CABINET,8125.0,60,38,135.41666666666666
22667,RECIPE BOX RETROSPOT ,8101.150000000001,2901,464,2.7925370561875216
22900, SET 2 TEA TOWELS I LOVE LONDON ,8100.05,2789,269,2.904284689852994
71053,WHITE METAL LANTERN,8056.5199999999995,1880,307,4.285382978723404
22909,SET OF 20 VINTAGE CHRISTMAS NAPKINS,8050.53,8987,610,0.8957972627128074
21121,SET/10 RED POLKADOT PARTY CANDLES,8033.85,6634,379,1.2110114561350618
22616,PACK OF 12 LONDON TISSUES ,7980.92,26135,512,0.30537287162808496
22940,FELTCRAFT CHRISTMAS FAIRY,7954.0,1930,321,4.121243523316062
21770,OPEN CLOSED METAL SIGN,7938.780000000001,1641,388,4.837769652650823
22487,WHITE WOOD GARDEN PLANT LADDER,7919.23,785,429,10.088191082802547
22352,LUNCH BOX WITH CUTLERY RETROSPOT ,7873.719999999999,3093,482,2.5456579372777237
22968,ROSE COTTAGE KEEPSAKE BOX ,7861.93,795,189,9.889220125786164
21136,PAINTED METAL PEARS ASSORTED,7830.32,4709,370,1.6628413675939688
23238,SET OF 4 KNICK KNACK TINS LONDON ,7825.56,1862,274,4.202771213748657
22557,PLASTERS IN TIN VINTAGE PAISLEY ,7777.089999999999,4721,566,1.6473395467062062
22173,METAL 4 HOOK HANGER FRENCH CHATEAU,7773.7,2446,493,3.1781275551921504
23007, SPACEBOY BABY GIFT SET,7758.699999999999,499,184,15.548496993987973
21908,CHOCOLATE THIS WAY METAL SIGN,7756.420000000001,3773,468,2.0557699443413733
23204,CHARLOTTE BAG APPLES DESIGN,7741.94,7976,583,0.9706544633901705
48111,DOORMAT 3 SMILEY CATS,7732.929999999999,1175,233,6.581217021276595
21258,VICTORIAN SEWING BOX LARGE,7674.799999999999,532,163,14.426315789473684
84970S,HANGING HEART ZINC T-LIGHT HOLDER,7672.41,8905,537,0.8615845030881527
84406B,CREAM CUPID HEARTS COAT HANGER,7657.320000000001,2016,284,3.7982738095238098
84949,SILVER HANGING T-LIGHT HOLDER,7642.44,4801,290,1.5918433659654239
21231,SWEETHEART CERAMIC TRINKET BOX,7628.530000000001,6063,509,1.2582104568695367
22991,GIRAFFE WOODEN RULER,7608.79,3889,274,1.956490100282849
21955,DOORMAT UNION JACK GUNS AND ROSES,7597.02,1230,206,6.176439024390244
22750,FELTCRAFT PRINCESS LOLA DOLL,7563.08,2020,413,3.74409900990099
22585,PACK OF 6 BIRDY GIFT TAGS,7561.64,6232,395,1.2133568677792042
22627,MINT KITCHEN SCALES,7547.39,855,357,8.827356725146199
21668,RED STRIPE CERAMIC DRAWER KNOB,7527.66,5528,437,1.361732995658466
22367,CHILDRENS APRON SPACEBOY DESIGN,7520.28,3755,550,2.0027376830892143
22381,TOY TIDY PINK POLKADOT,7437.9400000000005,3441,469,2.161563498982854
84836,ZINC METAL HEART DECORATION,7426.82,5944,535,1.249465006729475
22741,FUNKY DIVA PEN,7363.86,8547,233,0.8615724815724816
23382,BOX OF 6 CHRISTMAS CAKE DECORATIONS,7356.18,1875,220,3.923296
21169,YOU'RE CONFUSING ME METAL SIGN ,7320.36,4424,450,1.6546925858951174
23083,SET 6 PAPER TABLE LANTERN STARS ,7254.650000000001,1933,246,3.753052250387998
23240,SET OF 4 KNICK KNACK TINS DOILEY ,7252.9400000000005,1820,182,3.9851318681318686
20969,RED FLORAL FELTCRAFT SHOULDER BAG,7236.93,1962,305,3.688547400611621
22631,CIRCUS PARADE LUNCH BOX ,7207.37,3681,396,1.9579923933713665
22634,CHILDS BREAKFAST SET SPACEBOY ,7191.15,766,222,9.387924281984334
22485,SET OF 2 WOODEN MARKET CRATES,7190.349999999999,526,208,13.66986692015209
22553,PLASTERS IN TIN SKULLS,7176.669999999999,4269,560,1.6811126727570858
22767,TRIPLE PHOTO FRAME CORNICE ,7173.549999999999,774,218,9.268152454780362
21787,RAIN PONCHO RETROSPOT,7163.65,8878,243,0.8068990763685514
22834,HAND WARMER BABUSHKA DESIGN,7136.2300000000005,4970,368,1.4358611670020123
21669,BLUE STRIPE CERAMIC DRAWER KNOB,7136.0,5285,425,1.350236518448439
22637,PIGGY BANK RETROSPOT ,7121.38,2764,329,2.576476121562952
21259,VICTORIAN SEWING BOX SMALL ,7106.950000000001,1184,285,6.002491554054055
22505,MEMO BOARD COTTAGE DESIGN,7104.22,1461,311,4.862573579739904
23320,GIANT 50'S CHRISTMAS CRACKER,7072.16,2668,333,2.6507346326836583
21912,VINTAGE SNAKES & LADDERS,7062.7,1790,396,3.9456424581005587
22950,36 DOILIES VINTAGE CHRISTMAS,7061.73,5172,177,1.3653770301624129
22663,JUMBO BAG DOLLY GIRL DESIGN,7053.28,3420,450,2.0623625730994153
C2,CARRIAGE,7051.0,142,141,49.65492957746479
22333,RETROSPOT PARTY BAG + STICKER SET,7047.24,4494,317,1.5681441922563417
22946,WOODEN ADVENT CALENDAR CREAM,7047.17,454,137,15.52240088105727
23215,JINGLE BELL HEART ANTIQUE SILVER,7044.64,3567,210,1.9749481356882534
22839,3 TIER CAKE TIN GREEN AND CREAM,7011.57,447,201,15.685838926174496
23293,SET OF 12 FAIRY CAKE BAKING CASES,7001.99,8486,552,0.8251225547961348
22170,PICTURE FRAME WOOD TRIPLE PORTRAIT,6977.6,1068,265,6.533333333333334
21922,UNION STRIPE WITH FRINGE  HAMMOCK,6952.31,899,208,7.733381535038933
21877,HOME SWEET HOME MUG,6942.33,5418,349,1.281345514950166
21165,BEWARE OF THE CAT METAL SIGN ,6939.08,4156,449,1.6696535129932628
21094,SET/6 RED SPOTTY PAPER PLATES,6933.259999999999,8758,527,0.7916487782598766
22109,FULL ENGLISH BREAKFAST PLATE,6928.65,1642,296,4.219640682095006
22840,ROUND CAKE TIN VINTAGE RED,6927.64,916,271,7.56292576419214
21257,VICTORIAN SEWING BOX MEDIUM,6909.37,689,261,10.02811320754717
22294,HEART FILIGREE DOVE  SMALL,6901.33,5534,299,1.24707806288399
21326,AGED GLASS SILVER T-LIGHT HOLDER,6890.47,10583,340,0.6510885382216763
22900,SET 2 TEA TOWELS I LOVE LONDON ,6875.88,2130,264,3.228112676056338
84997A,CHILDRENS CUTLERY POLKADOT GREEN ,6864.42,1728,186,3.972465277777778
22580,ADVENT CALENDAR GINGHAM SACK,6860.09,1313,246,5.224744859101295
75049L,LARGE CIRCULAR MIRROR MOBILE,6827.98,7114,205,0.9597947708743323
21672,WHITE SPOT RED CERAMIC DRAWER KNOB,6815.9,5022,409,1.3572082835523696
23297,SET 40 HEART SHAPE PETIT FOUR CASES,6792.23,4303,161,1.5784871020218452
22620,4 TRADITIONAL SPINNING TOPS,6789.46,4894,483,1.3873028197793216
22943,CHRISTMAS LIGHTS 10 VINTAGE BAUBLES,6785.17,1361,209,4.985429831006613
23254,CHILDRENS CUTLERY DOLLY GIRL ,6782.76,1674,291,4.051827956989247
23541,WALL ART CLASSIC PUDDINGS ,6762.71,864,150,7.8272106481481485
23008,DOLLY GIRL BABY GIFT SET,6753.509999999999,435,133,15.525310344827584
23480,MINI LIGHTS WOODLAND MUSHROOMS,6726.64,1800,215,3.7370222222222225
23247,BISCUIT TIN 50'S CHRISTMAS,6715.93,2206,309,3.044392565729828
22668,PINK BABY BUNTING,6710.42,2190,345,3.0641187214611874
21533,RETROSPOT LARGE MILK JUG,6701.22,1361,339,4.923747244673034
85014A,BLACK/BLUE POLKADOT UMBRELLA,6684.67,1164,278,5.742843642611684
21871,SAVE THE PLANET MUG,6681.21,5454,357,1.22501100110011
84988,SET OF 72 PINK HEART PAPER DOILIES,6672.7,4312,510,1.5474721706864563
21888,BINGO SET,6667.04,1690,378,3.944994082840237
20718,RED RETROSPOT SHOPPER BAG,6613.04,4776,575,1.38463986599665
84992,72 SWEETHEART FAIRY CAKE CASES,6555.33,13360,615,0.4906684131736527
23229,VINTAGE DONKEY TAIL GAME ,6550.17,1815,252,3.608909090909091
22508,DOORSTOP RETROSPOT HEART,6544.63,1599,296,4.092951844903064
82486,3 DRAWER ANTIQUE WHITE WOOD CABINET,6529.54,742,202,8.799919137466308
21122,SET/10 PINK POLKADOT PARTY CANDLES,6496.04,5331,344,1.218540611517539
23311,VINTAGE CHRISTMAS STOCKING ,6488.2,2390,344,2.7147280334728032
84946,ANTIQUE SILVER TEA GLASS ETCHED,6478.01,4558,216,1.4212395787626153
22141,CHRISTMAS CRAFT TREE TOP ANGEL,6474.290000000001,2796,457,2.3155543633762523
23103,JINGLE BELL HEART DECORATION,6472.36,3828,356,1.6907941483803552
22804,CANDLEHOLDER PINK HANGING HEART,6471.240000000001,2262,398,2.860848806366048
23553,LANDMARK FRAME CAMDEN TOWN ,6457.15,569,68,11.34824253075571
84030E,ENGLISH ROSE HOT WATER BOTTLE,6452.94,1506,334,4.284820717131474
20676,RED RETROSPOT BOWL,6441.06,5076,448,1.2689243498817968
23571,TRADITIONAL NAUGHTS & CROSSES,6436.61,2859,257,2.2513501224204266
23134,LARGE ZINC HEART WALL ORGANISER,6431.110000000001,1065,38,6.038600938967137
22635,CHILDS BREAKFAST SET DOLLY GIRL ,6422.28,682,194,9.41683284457478
84970L,SINGLE HEART ZINC T-LIGHT HOLDER,6412.7699999999995,6065,457,1.0573404781533386
22784,LANTERN CREAM GAZEBO ,6405.54,1281,299,5.0004215456674475
22979,PANTRY WASHING UP BRUSH,6401.969999999999,4097,381,1.562599463021723
23307,SET OF 60 PANTRY DESIGN CAKE CASES ,6379.59,12063,629,0.5288560059686646
23172,REGENCY TEA PLATE PINK,6360.909999999999,3871,305,1.6432213898217511
22303,COFFEE MUG APPLES DESIGN,6353.55,2822,261,2.251435152374203
22895,SET OF 2 TEA TOWELS APPLE AND PEARS,6349.95,2063,284,3.078017450315075
22151,PLACE SETTING WHITE HEART,6332.29,15150,332,0.41797293729372936
21154,RED RETROSPOT OVEN GLOVE ,6321.76,4035,451,1.5667311028500621
21380,WOODEN HAPPY BIRTHDAY GARLAND,6316.360000000001,2168,290,2.9134501845018455
21935,SUKI  SHOULDER BAG,6298.61,3393,530,1.8563542587680517
22826,LOVE SEAT ANTIQUE WHITE METAL,6210.0,58,41,107.06896551724138
23169,CLASSIC GLASS COOKIE JAR,6191.6900000000005,1439,300,4.30277275886032
23192,BUNDLE OF 3 ALPHABET EXERCISE BOOKS,6142.289999999999,3533,345,1.7385479762241718
21670,BLUE SPOT CERAMIC DRAWER KNOB,6141.29,4370,374,1.4053295194508009
21975,PACK OF 60 DINOSAUR CAKE CASES,6117.910000000001,12340,601,0.4957787682333874
23118,PARISIENNE JEWELLERY DRAWER ,6102.18,813,258,7.505756457564576
21156,RETROSPOT CHILDRENS APRON,6093.05,3171,358,1.921491643014822
21671,RED SPOT CERAMIC DRAWER KNOB,6078.54,4421,369,1.3749242252883962
21673,WHITE SPOT BLUE CERAMIC DRAWER KNOB,6071.75,4395,365,1.3815130830489193
47591D,PINK FAIRY CAKE CHILDRENS APRON,6060.25,3211,439,1.8873403924011212
47556B,TEA TIME TEA TOWELS ,6045.0,2600,2,2.325
23534,WALL ART STOP FOR TEA ,6042.150000000001,870,219,6.945
17003,BROCADE RING PURSE ,6036.39,23056,239,0.26181427827897297
22366,DOORMAT AIRMAIL ,6034.9,800,220,7.543625
22174,PHOTO CUBE,6013.429999999999,3239,321,1.856569928990429
21535,RED RETROSPOT SMALL MILK JUG,6011.51,2497,343,2.407492991589908
48129,DOORMAT TOPIARY,6009.84,904,205,6.648053097345133
23296,SET OF 6 TEA TIME BAKING CASES,5988.05,4981,378,1.2021782774543264
23535,WALL ART BICYCLE SAFETY,5983.9,850,173,7.039882352941176
23312,VINTAGE CHRISTMAS GIFT SACK,5968.3,1424,214,4.191221910112359
22783,SET 3 WICKER OVAL BASKETS W LIDS,5961.25,463,33,12.875269978401727
23052,RECYCLED ACAPULCO MAT TURQUOISE,5949.34,654,278,9.0968501529052
22150,3 STRIPEY MICE FELTCRAFT,5925.389999999999,3030,468,1.9555742574257424
23154,SET OF 4 JAM JAR MAGNETS,5907.360000000001,2732,235,2.162284040995608
23113,PANTRY CHOPPING BOARD,5868.5,1154,57,5.085355285961872
22971,QUEENS GUARD COFFEE MUG,5849.29,2431,272,2.406125051419169
23485,BOTANICAL GARDENS WALL CLOCK ,5843.92,262,83,22.305038167938932
22207,FRYING PAN UNION FLAG,5837.84,1334,208,4.376191904047976
22751,FELTCRAFT PRINCESS OLIVIA DOLL,5812.72,1566,290,3.7118263090676886
22796,PHOTO FRAME 3 CLASSIC HANGING,5807.349999999999,584,232,9.944092465753423
22779,WOODEN OWLS LIGHT GARLAND ,5802.6,1540,149,3.767922077922078
22740,POLKADOT PEN,5793.62,6842,170,0.846772873428822
22365,DOORMAT RESPECTABLE HOUSE,5762.28,790,179,7.294025316455696
84997B,RED 3 PIECE RETROSPOT CUTLERY SET,5729.110000000001,1580,108,3.6260189873417725
62018,SOMBRERO ,5716.85,4415,61,1.2948697621744054
21242,RED RETROSPOT PLATE ,5704.78,3376,304,1.6898045023696682
22646,CERAMIC STRAWBERRY CAKE MONEY BANK,5695.7699999999995,4168,390,1.3665475047984643
22907,PACK OF 20 NAPKINS PANTRY DESIGN,5681.9,6587,670,0.8625929861849096
22088,PAPER BUNTING COLOURED LACE,5661.05,1893,238,2.990517696777602
22837,HOT WATER BOTTLE BABUSHKA ,5625.38,1166,177,4.8245111492281305
22418,10 COLOUR SPACEBOY PEN,5585.45,6564,318,0.8509216940889701
22488,NATURAL SLATE RECTANGLE CHALKBOARD,5575.33,3196,415,1.7444712140175218
21558,SKULL LUNCH BOX WITH CUTLERY ,5568.07,2138,412,2.60433582787652
22798,ANTIQUE GLASS DRESSING TABLE POT,5564.25,1799,267,3.0929683157309618
23531,WALL ART BIG LOVE ,5559.11,979,112,5.678355464759959
22429,ENAMEL MEASURING JUG CREAM,5549.68,1272,376,4.362955974842768
23177,TREASURE ISLAND BOOK BOX,5528.04,2535,267,2.180686390532544
23133,LARGE IVORY HEART WALL ORGANISER,5525.4,782,155,7.065728900255754
22464,HANGING METAL HEART LANTERN,5519.419999999999,3423,351,1.6124510663160967
23158,SET OF 5 LUCKY CAT MAGNETS ,5517.99,2635,255,2.0941138519924096
23583,LUNCH BAG PAISLEY PARK  ,5513.83,3395,325,1.6241030927835052
22964,3 PIECE SPACEBOY COOKIE CUTTER SET,5481.09,2628,378,2.085650684931507
22904,CALENDAR PAPER CUT DESIGN,5479.06,1838,271,2.9809902067464638
22297,HEART IVORY TRELLIS SMALL,5468.66,4171,378,1.3111148405658115
23135,SMALL ZINC HEART WALL ORGANISER,5416.18,1541,45,3.5147177157689815
22827,RUSTIC  SEVENTEEN DRAWER SIDEBOARD,5415.0,35,26,154.71428571428572
23205,CHARLOTTE BAG VINTAGE ALPHABET ,5407.58,5459,445,0.9905806924345119
22584,PACK OF 6 PANNETONE GIFT BOXES,5405.98,2100,178,2.57427619047619
22845,VINTAGE CREAM CAT FOOD CONTAINER,5403.28,803,316,6.728866749688668
22349,DOG BOWL CHASING BALL DESIGN,5389.0199999999995,1368,131,3.9393421052631576
23494,VINTAGE DOILY DELUXE SEWING KIT ,5377.81,813,205,6.614772447724477
21172,PARTY METAL SIGN ,5345.88,3490,467,1.5317707736389685
22998,TRAVEL CARD WALLET KEEP CALM,5314.9,12490,534,0.4255324259407526
22120,WELCOME  WOODEN BLOCK LETTERS,5276.94,526,188,10.032205323193915
22296,HEART IVORY TRELLIS LARGE,5274.119999999999,3156,318,1.671140684410646
22623,BOX OF VINTAGE JIGSAW BLOCKS ,5248.21,939,235,5.589148029818956
84997D,PINK 3 PIECE POLKADOT CUTLERY SET,5234.56,1437,115,3.6427000695894227
22848,BREAD BIN DINER STYLE PINK,5225.4,324,128,16.127777777777776
23132,SMALL IVORY HEART WALL ORGANISER,5219.1,1034,152,5.047485493230174
22772,PINK DRAWER KNOB ACRYLIC EDWARDIAN,5211.7,3869,254,1.3470405789609718
22781,GUMBALL MAGAZINE RACK,5198.66,622,232,8.357974276527331
22665,RECIPE BOX BLUE SKETCHBOOK DESIGN,5195.030000000001,1517,356,3.4245418589321033
23263,SET OF 3 WOODEN HEART DECORATIONS,5184.69,3893,445,1.3317980991523246
22689,DOORMAT MERRY CHRISTMAS RED ,5176.25,673,146,7.6913075780089155
22898,CHILDRENS APRON APPLES DESIGN,5174.32,2426,365,2.1328606760098925
21844,RED RETROSPOT MUG,5170.64,1848,156,2.797965367965368
23157,SET OF 6 NATIVITY MAGNETS ,5170.1,2570,163,2.0117120622568097
21428,SET3 BOOK BOX GREEN GINGHAM FLOWER ,5167.88,1208,262,4.278046357615894
21164,HOME SWEET HOME METAL SIGN ,5161.88,1768,282,2.9196153846153847
23165,LARGE CERAMIC TOP STORAGE JAR,5147.66,3118,280,1.6509493264913406
23162,REGENCY TEA STRAINER,5143.6900000000005,1412,176,3.6428399433427767
22302,COFFEE MUG PEARS  DESIGN,5136.84,2330,212,2.2046523605150217
37449,CERAMIC CAKE STAND + HANGING CAKES,5127.24,564,154,9.090851063829787
22595,GINGHAM HEART DECORATION,5125.46,6152,413,0.8331371911573472
23397,FOOT STOOL HOME SWEET HOME ,5097.65,489,217,10.424642126789365
21098,CHRISTMAS TOILET ROLL,5093.76,3731,248,1.3652532833020639
22371,AIRLINE BAG VINTAGE TOKYO 78,5093.57,1091,392,4.6687167736022
21756,BATH BUILDING BLOCK WORD,5089.56,823,270,6.184155528554071
23234,BISCUIT TIN VINTAGE CHRISTMAS,5088.45,1725,277,2.949826086956522
23126,FELTCRAFT GIRL AMELIE KIT,5083.89,1012,275,5.0236067193675895
23295,SET OF 12 MINI LOAF BAKING CASES,5078.429999999999,6140,444,0.8271058631921823
23198,PANTRY MAGNETIC  SHOPPING LIST,5068.4,3346,475,1.5147638971906754
23109,PACK OF SIX LED TEA LIGHTS,5048.72,1766,203,2.8588448471121177
22780,LIGHT GARLAND BUTTERFILES PINK,5044.34,1346,132,3.747652303120357
23314,VINTAGE CHRISTMAS TABLECLOTH,5037.96,409,117,12.317750611246943
22301,COFFEE MUG CAT + BIRD DESIGN,5031.83,2225,252,2.2614966292134833
21907,I'M ON HOLIDAY METAL SIGN,5031.38,2373,367,2.1202612726506533
22957,SET 3 PAPER VINTAGE CHICK PAPER EGG,5023.5,1778,214,2.8253655793025874
22271,FELTCRAFT DOLL ROSIE,5022.1,1706,301,2.943786635404455
22636,CHILDS BREAKFAST SET CIRCUS PARADE,5009.56,595,198,8.419428571428572
23543,WALL ART KEEP CALM ,5003.040000000001,968,83,5.168429752066117
21932,SCANDINAVIAN PAISLEY PICNIC BAG,5001.98,2724,446,1.8362628487518353
22849,BREAD BIN DINER STYLE MINT,5001.83,321,128,15.58202492211838
23310,BUBBLEGUM RING ASSORTED,4997.28,12050,245,0.4147120331950207
23556,LANDMARK FRAME COVENT GARDEN ,4974.51,439,53,11.331457858769932
21933,PINK VINTAGE PAISLEY PICNIC BAG,4964.03,2676,410,1.8550186846038863
22142,CHRISTMAS CRAFT WHITE FAIRY ,4950.54,3250,377,1.523243076923077
23570,TRADITIONAL PICK UP STICKS GAME ,4944.37,2782,276,1.7772717469446442
84212,"ASSORTED FLOWER COLOUR ""LEIS""",4934.87,10315,111,0.47841686863790595
22110,BIRD HOUSE HOT WATER BOTTLE,4914.69,1173,279,4.189846547314578
21937,STRAWBERRY   PICNIC BAG,4901.8,1708,251,2.869906323185012
22748,POPPY'S PLAYHOUSE KITCHEN,4897.63,2125,436,2.3047670588235296
23010,CIRCUS PARADE BABY GIFT SET,4896.549999999999,316,111,15.49541139240506
23351,ROLL WRAP 50'S CHRISTMAS,4880.65,3539,354,1.3791042667420175
21124,SET/10 BLUE POLKADOT PARTY CANDLES,4868.05,4015,240,1.2124657534246577
23503,PLAYING CARDS KEEP CALM & CARRY ON,4864.3,3646,335,1.3341470104223807
21086,SET/6 RED SPOTTY PAPER CUPS,4861.900000000001,7137,428,0.681224604175424
21033,JUMBO BAG CHARLIE AND LOLA TOYS,4853.81,1933,300,2.5110243145369893
21390,FILIGRIS HEART WITH BUTTERFLY,4851.88,3906,212,1.2421607782898105
21876,POTTERING MUG,4834.51,3796,333,1.2735800842992624
23554,LANDMARK FRAME OXFORD STREET,4830.53,424,57,11.392759433962263
23555,LANDMARK FRAME NOTTING HILL ,4818.07,424,50,11.363372641509434
22549,PICTURE DOMINOES,4799.83,3189,356,1.5051207275007839
23159,SET OF 5 PANCAKE DAY MAGNETS,4771.76,2321,223,2.0559069366652305
23184,BULL DOG BOTTLE OPENER,4764.5,874,264,5.451372997711671
84050,PINK HEART SHAPE EGG FRYING PAN,4761.78,3234,256,1.4724118738404453
21539,RED RETROSPOT BUTTER DISH,4758.75,972,238,4.895833333333333
22243,5 HOOK HANGER RED MAGIC TOADSTOOL,4753.29,3099,131,1.5338141335914812
23569,TRADTIONAL ALPHABET STAMP SET,4752.31,961,192,4.945171696149845
20677,PINK POLKADOT BOWL,4749.84,3676,333,1.2921218715995648
23286,BLUE VINTAGE SPOT BEAKER,4747.62,5048,222,0.9404952456418383
23558,LANDMARK FRAME LONDON BRIDGE ,4741.37,418,52,11.34299043062201
20979,36 PENCILS TUBE RED RETROSPOT,4729.9800000000005,3739,325,1.2650387804225731
23389,SPACEBOY MINI BACKPACK,4726.59,1109,233,4.262028854824166
22645,CERAMIC HEART FAIRY CAKE MONEY BANK,4721.73,2363,351,1.998192975031739
22082,RIBBON REEL STRIPES DESIGN ,4716.33,2713,409,1.738418724659049
23241,TREASURE TIN GYMKHANA DESIGN,4709.07,2184,363,2.156167582417582
23176,ABC TREASURE BOOK BOX ,4697.58,2167,226,2.1677803414859254
82001S,VINYL RECORD FRAME SILVER,4682.45,1295,101,3.6157915057915058
82552,WASHROOM METAL SIGN,4680.63,3016,364,1.5519330238726792
22721,SET OF 3 CAKE TINS SKETCHBOOK,4678.71,1022,297,4.577994129158513
22745,POPPY'S PLAYHOUSE BEDROOM ,4678.59,2029,423,2.3058600295712175
22504,CABIN BAG VINTAGE RETROSPOT,4674.62,247,68,18.925587044534414
22606,WOODEN SKITTLES GARDEN SET,4670.36,315,142,14.826539682539682
47599A,PINK PARTY BAGS,4649.5,2456,165,1.8931188925081432
22295,HEART FILIGREE DOVE LARGE,4643.669999999999,2807,250,1.654317776986106
22628,PICNIC BOXES SET OF 3 RETROSPOT ,4625.860000000001,966,190,4.788674948240166
22775,PURPLE DRAWERKNOB ACRYLIC EDWARDIAN,4621.87,3227,237,1.432249767585993
21833,CAMOUFLAGE LED TORCH,4594.43,2726,168,1.6854108584005871
23285,PINK VINTAGE SPOT BEAKER,4572.41,4807,191,0.951198252548367
22417,PACK OF 60 SPACEBOY CAKE CASES,4566.54,8426,520,0.541958224543081
23404,HOME SWEET HOME BLACKBOARD,4561.76,1011,169,4.512126607319486
23275,SET OF 3 HANGING OWLS OLLIE BEAK,4557.97,3749,325,1.215782875433449
82551,LAUNDRY 15C METAL SIGN,4542.889999999999,2918,351,1.5568505825908154
20974,12 PENCILS SMALL TUBE SKULL,4531.9800000000005,6983,355,0.6490018616640413
23309,SET OF 60 I LOVE LONDON CAKE CASES ,4527.2,8332,407,0.5433509361497839
23163,REGENCY SUGAR TONGS,4515.22,1832,209,2.4646397379912663
23112,PARISIENNE CURIO CABINET,4514.58,547,241,8.253345521023766
22938,CUPCAKE LACE PAPER SET 6,4488.63,2367,186,1.8963371356147023
21934,SKULL SHOULDER BAG,4480.28,2421,411,1.8505906650144568
23167,SMALL CERAMIC TOP STORAGE JAR ,4476.009999999999,5847,231,0.7655224901658969
84987,SET OF 36 TEATIME PAPER DOILIES,4474.07,3053,334,1.4654667540124466
21906,PHARMACIE FIRST AID TIN,4470.8099999999995,581,173,7.695025817555937
22942,CHRISTMAS LIGHTS 10 SANTAS ,4469.04,609,152,7.33832512315271
22089,PAPER BUNTING VINTAGE PAISLEY,4460.38,1424,272,3.132289325842697
23288,GREEN VINTAGE SPOT BEAKER,4444.2300000000005,4625,185,0.9609145945945947
23530,WALL ART ONLY ONE PERSON ,4436.27,1056,86,4.201013257575758
22626,BLACK KITCHEN SCALES,4427.36,520,199,8.514153846153846
20975,12 PENCILS SMALL TUBE RED RETROSPOT,4387.820000000001,6640,362,0.660816265060241
15056P,EDWARDIAN PARASOL PINK,4366.820000000001,778,144,5.612879177377893
23349,ROLL WRAP VINTAGE CHRISTMAS,4355.1,3231,337,1.3479108635097494
84997C,BLUE 3 PIECE POLKADOT CUTLERY SET,4346.27,1201,102,3.6188759367194008
22327,ROUND SNACK BOXES SET OF 4 SKULLS,4336.7,1178,287,3.681409168081494
16014,SMALL CHINESE STYLE SCISSOR,4335.76,13328,54,0.32531212484994
84692,BOX OF 24 COCKTAIL PARASOLS,4329.48,7908,583,0.5474810318664642
22899,CHILDREN'S APRON DOLLY GIRL ,4328.530000000001,2070,313,2.0910772946859906
21498,RED RETROSPOT WRAP ,4322.42,10551,336,0.40966922566581365
21892,TRADITIONAL WOODEN CATCH CUP GAME ,4322.16,3196,412,1.3523654568210262
23168,CLASSIC CAFE SUGAR DISPENSER,4312.6,3076,325,1.4020156046814045
23050,RECYCLED ACAPULCO MAT GREEN,4286.55,497,205,8.624849094567406
22723,SET OF 6 HERB TINS SKETCHBOOK,4282.570000000001,1169,295,3.663447390932421
22694,WICKER STAR ,4260.12,1846,405,2.3077573131094256
20970,PINK FLORAL FELTCRAFT SHOULDER BAG,4235.88,1117,262,3.792193375111907
22661,CHARLOTTE BAG DOLLY GIRL DESIGN,4231.95,5214,415,0.8116513233601841
22061,LARGE CAKE STAND  HANGING STRAWBERY,4228.01,583,146,7.252161234991424
23089,GLASS BON BON JAR,4217.73,2355,225,1.7909681528662418
22801,ANTIQUE GLASS PEDESTAL BOWL,4215.14,1030,220,4.092368932038835
23012,GLASS APOTHECARY BOTTLE PERFUME,4208.96,1074,246,3.9189571694599628
23144,ZINC T-LIGHT HOLDER STARS SMALL,4197.83,5089,274,0.8248830811554333
22550,HOLIDAY FUN LUDO,4194.89,1162,217,3.610060240963856
20682,RED RETROSPOT CHILDRENS UMBRELLA,4190.83,1241,237,3.376978243352135
22813,PACK 3 BOXES BIRD PANNETONE ,4188.94,2168,187,1.9321678966789666
23110,PARISIENNE KEY CABINET ,4158.68,702,255,5.924045584045585
72760B,VINTAGE CREAM 3 BASKET CAKE STAND,4155.34,410,153,10.134975609756099
21874,GIN AND TONIC MUG,4149.929999999999,2981,295,1.3921268030862124
22649,STRAWBERRY FAIRY CAKE TEAPOT,4147.7300000000005,798,200,5.19765664160401
23486,ANTIQUE HEART SHELF UNIT,4145.47,275,74,15.074436363636364
22596,CHRISTMAS STAR WISH LIST CHALKBOARD,4142.92,3502,262,1.183015419760137
23283,DOORMAT VINTAGE LEAF,4122.2,564,142,7.30886524822695
22841,ROUND CAKE TIN VINTAGE GREEN,4109.72,530,213,7.754188679245283
23255,CHILDRENS CUTLERY CIRCUS PARADE,4101.37,1015,158,4.040758620689655
23193,BUFFALO BILL TREASURE BOOK BOX,4097.28,1930,175,2.122943005181347
23009,I LOVE LONDON BABY GIFT SET,4082.5199999999995,263,103,15.522889733840302
22577,WOODEN HEART CHRISTMAS SCANDINAVIAN,4075.9399999999996,10610,538,0.3841602262016965
22489,PACK OF 12 TRADITIONAL CRAYONS,4072.97,9721,443,0.4189867297603127
23340,VINTAGE CHRISTMAS CAKE FRILL,4053.8799999999997,2512,151,1.6138057324840762
21116,OWL DOORSTOP,4051.79,695,251,5.829913669064748
21704,BAG 250g SWIRLY MARBLES,4039.2799999999997,5144,248,0.7852410575427682
22219,LOVEBIRD HANGING DECORATION WHITE ,4037.9799999999996,4138,544,0.975828902851619
72351B,SET/6 PINK  BUTTERFLY T-LIGHTS,4012.05,2098,186,1.9123212583412774
22951,60 CAKE CASES DOLLY GIRL DESIGN,4010.55,7518,437,0.5334596967278532
22431,WATERING CAN BLUE ELEPHANT,4002.6099999999997,2060,334,1.9430145631067959
22890,NOVELTY BISCUITS CAKE STAND 3 TIER,3999.5699999999997,391,165,10.229079283887467
23129,HEART SHAPED HOLLY WREATH,3999.5000000000005,950,172,4.210000000000001
22956,36 FOIL HEART CAKE CASES,3992.5800000000004,2055,198,1.9428613138686133
22493,PAINT YOUR OWN CANVAS SET,3989.9399999999996,2463,220,1.6199512789281363
20675,BLUE POLKADOT BOWL,3984.37,3121,322,1.276632489586671
23306,SET OF 36 DOILIES PANTRY DESIGN,3983.6,2741,244,1.4533381977380517
84792,ENCHANTED BIRD COATHANGER 5 HOOK,3978.9700000000003,834,241,4.770947242206235
22274,FELTCRAFT DOLL EMILY,3974.1300000000006,1347,267,2.950356347438753
22131,FOOD CONTAINER SET 3 LOVE HEART ,3952.19,2039,291,1.9382981853849928
23526,WALL ART DOG LICENCE ,3939.76,604,114,6.522781456953643
23557,LANDMARK FRAME BAKER STREET ,3930.27,350,32,11.229342857142857
22148,EASTER CRAFT 4 CHICKS ,3929.15,1939,186,2.026379577101599
22179,SET 10 NIGHT OWL LIGHTS,3915.48,506,170,7.738102766798419
22980,PANTRY SCRUBBING BRUSH,3914.9599999999996,2366,291,1.6546745562130176
23081,GREEN METAL BOX ARMY SUPPLIES,3914.5,468,135,8.364316239316238
21716,BOYS VINTAGE TIN SEASIDE BUCKET,3913.72,1441,244,2.715975017349063
21041,RED RETROSPOT OVEN GLOVE DOUBLE,3909.63,921,255,4.244983713355049
21928,JUMBO BAG SCANDINAVIAN PAISLEY,3908.62,2059,144,1.8983098591549294
23049,RECYCLED ACAPULCO MAT RED,3896.84,456,186,8.545701754385965
22117,METAL SIGN HER DINNER IS SERVED ,3896.4500000000003,1320,95,2.951856060606061
23552,BICYCLE PUNCTURE REPAIR KIT ,3883.99,1864,116,2.0836856223175966
22222,CAKE PLATE LOVEBIRD WHITE,3880.2,1057,222,3.6709555345316933
22578,WOODEN STAR CHRISTMAS SCANDINAVIAN,3877.68,10462,512,0.37064423628369336
21749,LARGE RED RETROSPOT WINDMILL,3877.09,1963,140,1.97508405501783
22738,RIBBON REEL SNOWY VILLAGE,3856.07,2189,275,1.761566925536775
22896,PEG BAG APPLES DESIGN,3853.7599999999998,1492,287,2.582949061662198
85049A,TRADITIONAL CHRISTMAS RIBBONS,3847.36,3005,323,1.2803194675540766
37370,RETRO COFFEE MUGS ASSORTED,3844.81,2571,159,1.4954531310774017
23111,PARISIENNE SEWING BOX,3839.2400000000002,312,138,12.30525641025641
23194,GYMKHANA TREASURE BOOK BOX,3824.5299999999997,1719,200,2.2248574752763233
22842,BISCUIT TIN VINTAGE RED,3823.21,589,162,6.491018675721562
22809,SET OF 6 T-LIGHTS SANTA,3822.5000000000005,1254,204,3.048245614035088
21110,LARGE CAKE TOWEL PINK SPOTS,3822.45,1106,134,3.4561030741410486
22350,ILLUSTRATED CAT BOWL ,3822.1199999999994,1410,120,2.7107234042553188
22383,LUNCH BAG SUKI  DESIGN ,3791.86,2220,200,1.708045045045045
85049E,SCANDINAVIAN REDS RIBBONS,3791.11,2866,409,1.322787857641312
21244,BLUE POLKADOT PLATE ,3789.3199999999997,2282,196,1.6605258545135844
23253,16 PIECE CUTLERY SET PANTRY DESIGN,3785.06,254,69,14.901811023622047
23092,LARGE ANTIQUE WHITE PHOTO FRAME,3773.5800000000004,525,135,7.18777142857143
23299,FOOD COVER WITH BEADS SET 2 ,3772.88,1012,145,3.728142292490119
21746,SMALL RED RETROSPOT WINDMILL,3766.93,3075,226,1.2250178861788616
21527,RED RETROSPOT TRADITIONAL TEAPOT ,3756.79,481,144,7.810374220374221
23236,STORAGE TIN VINTAGE DOILY ,3751.02,1288,190,2.9122826086956524
22195,LARGE HEART MEASURING SPOONS,3725.6099999999997,1979,373,1.8825720060636684
21260,FIRST AID TIN,3722.23,1161,166,3.2060551248923344
21658,GLASS  BEURRE DISH,3721.63,881,212,4.224324631101021
23182,TOILET SIGN OCCUPIED OR VACANT,3718.0899999999997,3777,433,0.9844029653163886
23064,CINDERELLA CHANDELIER ,3717.56,221,23,16.821538461538463
22212,FOUR HOOK  WHITE LOVEBIRDS,3713.54,1615,399,2.299405572755418
22854,CREAM SWEETHEART EGG HOLDER,3708.52,767,161,4.83509778357236
21531,RED RETROSPOT SUGAR JAM BOWL,3692.37,1520,246,2.429190789473684
21890,S/6 WOODEN SKITTLES IN COTTON BAG,3689.46,1152,231,3.20265625
22656,VINTAGE BLUE KITCHEN CABINET,3685.0,26,20,141.73076923076923
23013,GLASS APOTHECARY BOTTLE TONIC,3678.11,925,223,3.9763351351351353
23130,MISTLETOE HEART WREATH GREEN,3676.1800000000003,882,179,4.168004535147393
22926,IVORY GIANT GARDEN THERMOMETER,3674.7000000000003,597,195,6.155276381909548
85053,FRENCH ENAMEL CANDLEHOLDER,3666.2900000000004,1701,317,2.1553733098177545
22378,WALL TIDY RETROSPOT ,3649.0699999999997,2288,293,1.5948732517482516
23085,ANTIQUE SILVER BAUBLE LAMP  ,3635.23,381,78,9.541286089238845
22468,BABUSHKA LIGHTS STRING OF 10,3633.17,517,153,7.027408123791103
23294,SET OF 6 SNACK LOAF BAKING CASES,3631.0499999999997,4420,354,0.8215045248868778
22466,FAIRY TALE COTTAGE NIGHTLIGHT,3626.45,2093,94,1.7326564739608217
22236,CAKE STAND 3 TIER MAGIC GARDEN,3624.5999999999995,308,88,11.768181818181816
23210,WHITE ROCKING HORSE HAND PAINTED,3617.78,2902,192,1.2466505858028947
23032,DRAWER KNOB CRACKLE GLAZE IVORY,3608.5799999999995,2162,194,1.6690934320074002
22053,EMPIRE DESIGN ROSETTE,3606.4199999999996,4244,28,0.8497690857681431
84968C,SET OF 16 VINTAGE PISTACHIO CUTLERY,3585.99,317,104,11.312271293375394
23091,ZINC HERB GARDEN CONTAINER,3585.39,567,204,6.323439153439153
22739,RIBBON REEL CHRISTMAS SOCK BAUBLE,3585.02,1835,318,1.9536893732970027
22348,TEA BAG PLATE RED RETROSPOT,3584.99,4086,358,0.8773837493881547
71477,COLOURED GLASS STAR T-LIGHT HOLDER,3584.9100000000003,1013,52,3.5389042448173744
23497,CLASSIC CHROME BICYCLE BELL ,3582.97,2501,193,1.4326149540183926
21494,ROTATING LEAVES T-LIGHT HOLDER,3578.83,1934,313,1.8504808686659773
22908,PACK OF 20 NAPKINS RED APPLES,3573.83,4385,375,0.815012542759407
23332,IVORY WICKER HEART LARGE,3570.7599999999998,2076,287,1.720019267822736
22800,ANTIQUE TALL SWIRLGLASS TRINKET POT,3564.49,871,203,4.092411021814007
20717,STRAWBERRY SHOPPER BAG,3564.48,2857,412,1.247630381519076
85132C,CHARLIE AND LOLA FIGURES TINS,3562.3199999999997,1520,211,2.343631578947368
22180,RETROSPOT LAMP,3561.3399999999997,334,155,10.662694610778443
22669,RED BABY BUNTING ,3559.0,1128,234,3.155141843971631
23191,BUNDLE OF 3 RETRO NOTE BOOKS,3557.9399999999996,2158,276,1.6487210379981463
21974,SET OF 36 PAISLEY FLOWER DOILIES,3545.6,2219,360,1.5978368634520053
21992,VINTAGE PAISLEY STATIONERY SET,3529.12,1913,436,1.8448092002090957
21703,BAG 125g SWIRLY MARBLES,3528.89,9390,294,0.3758136315228967
22688,DOORMAT PEACE ON EARTH BLUE,3519.6600000000003,705,32,4.992425531914894
23353,6 GIFT TAGS VINTAGE CHRISTMAS ,3517.5199999999995,4016,327,0.8758764940239042
23189,SET OF 12 FORK CANDLES,3507.51,1249,141,2.8082546036829465
21715,GIRLS VINTAGE TIN SEASIDE BUCKET,3507.17,1330,231,2.63696992481203
22760,"TRAY, BREAKFAST IN BED",3491.8599999999997,275,80,12.697672727272726
21238,RED RETROSPOT CUP,3488.44,3969,387,0.8789216427311666
21745,GAOLERS KEYS DECORATIVE GARDEN ,3486.98,938,214,3.7174626865671643
82580,BATHROOM METAL SIGN,3474.31,5883,631,0.5905677375488696
22065,CHRISTMAS PUDDING TRINKET POT ,3470.83,6751,241,0.5141208709820767
22435,SET OF 9 HEART SHAPED BALLOONS,3456.75,2766,266,1.2497288503253796
23350,ROLL WRAP VINTAGE SPOT ,3456.33,2721,305,1.2702425578831311
47567B,TEA TIME KITCHEN APRON,3456.15,609,133,5.67512315270936
23426,METAL SIGN DROP YOUR PANTS,3450.21,1277,206,2.701808927173062
21588,RETROSPOT GIANT TUBE MATCHES,3450.15,1497,132,2.3047094188376755
21243,PINK  POLKADOT PLATE ,3449.6,2065,185,1.670508474576271
84508A,CAMOUFLAGE DESIGN TEDDY,3448.05,1631,36,2.1140711220110364
21385,IVORY HANGING DECORATION  HEART,3447.5499999999997,3889,317,0.8864875289277449
21463,MIRRORED DISCO BALL ,3446.9500000000003,651,134,5.294854070660523
22300,COFFEE MUG DOG + BALL DESIGN,3444.91,1542,196,2.23405317769131
23156,SET OF 5 MINI GROCERY MAGNETS,3437.85,1672,205,2.0561303827751196
23354,6 GIFT TAGS 50'S CHRISTMAS ,3431.89,3743,322,0.916882180069463
21497,FANCY FONTS BIRTHDAY WRAP,3430.0,8600,230,0.3988372093023256
23388,WOODLAND MINI BACKPACK,3427.94,820,152,4.1804146341463415
23014,GLASS APOTHECARY BOTTLE ELIXIR,3427.4800000000005,858,209,3.994731934731935
23127,FELTCRAFT GIRL NICOLE KIT,3427.3500000000004,669,182,5.123094170403588
22311,OFFICE MUG WARMER BLACK+SILVER ,3418.51,1137,142,3.00660510114336
84509A,SET OF 4 ENGLISH ROSE PLACEMATS,3417.28,896,230,3.813928571428572
22782,SET 3 WICKER STORAGE BASKETS ,3399.95,241,74,14.107676348547717
23239,SET OF 4 KNICK KNACK TINS POPPIES,3399.4900000000002,853,178,3.9853341148886288
21429,RED GINGHAM ROSE JEWELLERY BOX,3398.95,1744,286,1.948939220183486
22029,SPACEBOY BIRTHDAY CARD,3397.65,8185,527,0.4151069028711057
84032A,CHARLIE+LOLA PINK HOT WATER BOTTLE,3390.88,1005,313,3.374009950248756
22653,BUTTON BOX ,3380.45,1877,250,1.8009856153436334
79000,MOROCCAN TEA GLASS,3377.74,4186,125,0.8069135212613473
23188,VINTAGE  2 METRE FOLDING RULER,3375.7,1628,152,2.0735257985257984
22776,SWEETHEART 3 TIER CAKE STAND ,3371.58,284,158,11.871760563380281
21993,FLORAL FOLK STATIONERY SET,3363.34,1943,425,1.7310036026762738
22812,PACK 3 BOXES CHRISTMAS PANNETONE,3361.77,1650,161,2.0374363636363637
22563,HAPPY STENCIL CRAFT,3358.1800000000003,2831,281,1.186216884493112
22687,DOORMAT CHRISTMAS VILLAGE,3354.22,590,52,5.6851186440677965
22432,WATERING CAN PINK BUNNY,3350.62,1720,277,1.9480348837209303
22079,RIBBON REEL HEARTS DESIGN ,3348.39,1911,323,1.752166405023548
22165,"DIAMANTE HEART SHAPED WALL MIRROR, ",3328.2,415,146,8.019759036144578
22179,SET 10 LIGHTS NIGHT OWL,3317.4700000000003,461,119,7.196247288503255
23065,LARGE DECO JEWELLERY STAND,3314.94,264,95,12.55659090909091
23395,BELLE JARDINIERE CUSHION COVER,3305.83,761,210,4.344060446780552
22855,FINE WICKER HEART ,3304.23,2644,237,1.2497087745839637
22962,JAM JAR WITH PINK LID,3294.91,3904,342,0.843983094262295
22460,EMBOSSED GLASS TEALIGHT HOLDER,3289.75,2559,211,1.2855607659241892
22567,20 DOLLY PEGS RETROSPOT,3282.3,2470,222,1.3288663967611336
22244,3 HOOK HANGER MAGIC GARDEN,3280.1099999999997,1705,159,1.9238181818181816
23308,SET OF 60 VINTAGE LEAF CAKE CASES ,3279.21,6151,382,0.5331181921638758
22967,SET 3 SONG BIRD PAPER EGGS ASSORTED,3277.3100000000004,1173,138,2.7939556692242116
22430,ENAMEL WATERING CAN CREAM,3266.09,622,195,5.250948553054663
23053,RECYCLED ACAPULCO MAT PINK,3262.57,365,164,8.93854794520548
21868,POTTING SHED TEA MUG,3262.25,2479,302,1.3159540137152077
22187,GREEN CHRISTMAS TREE CARD HOLDER,3245.68,1266,192,2.563728278041074
22746,POPPY'S PLAYHOUSE LIVINGROOM ,3244.94,1451,328,2.2363473466574777
23393,HOME SWEET HOME CUSHION COVER ,3230.41,807,229,4.002986369268897
23230,WRAP ALPHABET DESIGN,3228.42,8001,235,0.40350206224221974
23051,RECYCLED ACAPULCO MAT BLUE,3223.49,365,162,8.831479452054793
20973,12 PENCIL SMALL TUBE WOODLAND,3216.1200000000003,4506,355,0.7137416777629828
22360,GLASS JAR ENGLISH CONFECTIONERY,3210.52,1016,214,3.15996062992126
21135,VICTORIAN  METAL POSTCARD SPRING,3207.69,2870,177,1.1176620209059234
22491,PACK OF 12 COLOURED PENCILS,3193.83,3959,219,0.8067264460722404
23342,MINT DINER WALL CLOCK,3176.41,373,162,8.515844504021448
21115,ROSE CARAVAN DOORSTOP,3174.84,566,162,5.6092579505300355
23035,DRAWER KNOB CERAMIC IVORY,3173.89,2173,190,1.4606028531983433
23323,WHITE WICKER STAR ,3155.1800000000003,1473,294,2.1420095044127634
22465,HANGING METAL STAR LANTERN,3153.0899999999997,2060,198,1.5306262135922328
72807C,SET/3 VANILLA SCENTED CANDLE IN BOX,3145.05,721,157,4.362066574202497
84968A,SET OF 16 VINTAGE ROSE CUTLERY,3139.2999999999997,267,98,11.757677902621722
21381,MINI WOODEN HAPPY BIRTHDAY GARLAND,3138.0,1815,224,1.7289256198347107
22778,GLASS CLOCHE SMALL,3131.02,804,142,3.894303482587065
21561,DINOSAUR LUNCH BOX WITH CUTLERY,3127.38,1281,213,2.4413583138173305
23346,SPACEBOY BEAKER,3117.34,2632,184,1.1843996960486323
21240,BLUE POLKADOT CUP,3112.81,3573,325,0.8712034704729918
20754,RETROSPOT RED WASHING UP GLOVES,3090.96,1458,304,2.12
23461,SWEETHEART BIRD HOUSE,3082.71,857,94,3.5970945157526253
20828,GLITTER BUTTERFLY CLIPS,3079.88,1130,241,2.7255575221238937
23188,VINTAGE  2 METER FOLDING RULER,3075.3699999999994,1845,181,1.6668672086720864
84997A,GREEN 3 PIECE POLKADOT CUTLERY SET,3069.46,845,74,3.6324970414201183
22564,ALPHABET STENCIL CRAFT,3063.52,2702,186,1.1337971872686898
23329,DECORATIVE WICKER HEART LARGE,3056.3399999999997,1778,233,1.7189763779527558
22810,SET OF 6 T-LIGHTS SNOWMEN,3045.6800000000003,952,165,3.199243697478992
22604,SET OF 4 NAPKIN CHARMS CUTLERY,3044.76,1253,125,2.429976057462091
23242,TREASURE TIN BUFFALO BILL ,3037.11,1476,214,2.057662601626016
22972,CHILDREN'S SPACEBOY MUG,3032.99,1774,227,1.7096899661781284
22892,SET OF SALT AND PEPPER TOADSTOOLS,3029.1,2478,199,1.2223970944309928
22894,TABLECLOTH RED APPLES DESIGN ,3027.3799999999997,305,122,9.925836065573769
23237,SET OF 4 KNICK KNACK TINS LEAF,3024.76,748,123,4.04379679144385
21810,CHRISTMAS HANGING STAR WITH BELL,3022.79,5945,252,0.5084592094196804
22592,CARDHOLDER HOLLY WREATH METAL,3021.12,658,135,4.591367781155015
22945,CHRISTMAS METAL TAGS ASSORTED ,3019.12,3003,172,1.0053679653679652
21714,CITRONELLA CANDLE GARDEN POT,3018.15,1657,225,1.821454435727218
23390,DOLLY GIRL MINI BACKPACK,3008.9900000000002,743,161,4.049784656796771
23236,DOILEY STORAGE TIN,3004.46,1094,122,2.746307129798903
22644,CERAMIC CHERRY CAKE MONEY BANK,3000.02,2223,276,1.3495366621682412
16161P,WRAP ENGLISH ROSE ,2990.92,7226,248,0.4139108773872128
21201,TROPICAL  HONEYCOMB PAPER GARLAND ,2987.82,1240,101,2.4095322580645164
21411,GINGHAM HEART  DOORSTOP RED,2982.0299999999997,793,241,3.7604413619167714
22331,WOODLAND PARTY BAG + STICKER SET,2975.14,1840,183,1.6169239130434783
21625,VINTAGE UNION JACK APRON,2967.31,411,169,7.219732360097323
22906,12 MESSAGE CARDS WITH ENVELOPES,2959.4199999999996,1740,251,1.7008160919540227
21918,SET 12 KIDS COLOUR  CHALK STICKS,2950.67,7200,369,0.40981527777777776
22078,RIBBON REEL LACE DESIGN ,2948.41,1381,192,2.1349818971759595
85174,S/4 CACTI CANDLES,2946.88,617,157,4.77614262560778
22990,COTTON APRON PANTRY DESIGN,2942.1800000000003,638,164,4.6115673981191225
35004B,SET OF 3 BLACK FLYING DUCKS,2934.8100000000004,577,111,5.086325823223571
22777,GLASS CLOCHE LARGE,2934.53,350,57,8.384371428571429
23211,RED ROCKING HORSE HAND PAINTED,2933.07,2331,160,1.2582882882882884
84568,GIRLS ALPHABET IRON ON PATCHES ,2923.13,13882,147,0.21056980262210057
22843,BISCUIT TIN VINTAGE GREEN,2911.27,451,126,6.455144124168514
21313,GLASS HEART T-LIGHT HOLDER ,2906.52,3336,214,0.8712589928057554
22774,RED DRAWER KNOB ACRYLIC EDWARDIAN,2901.75,2278,140,1.2738147497805092
23290,SPACEBOY CHILDRENS BOWL,2899.1000000000004,2437,214,1.1896183832581044
23056,FLOWERS CHANDELIER T-LIGHT HOLDER,2898.12,963,38,3.0094704049844236
23345, DOLLY GIRL BEAKER,2891.25,2455,174,1.1776985743380854
21976,PACK OF 60 MUSHROOM CAKE CASES,2886.9500000000003,5230,393,0.551998087954111
23283,DOORMAT VINTAGE LEAVES DESIGN ,2881.18,430,91,6.700418604651162
21990,MODERN FLORAL STATIONERY SET,2880.45,1679,366,1.7155747468731386
23427,STOOL HOME SWEET HOME ,2873.08,238,114,12.071764705882353
22354,RETROSPOT PADDED SEAT CUSHION,2860.98,750,83,3.81464
22426,ENAMEL WASH BOWL CREAM,2858.96,743,208,3.8478600269179006
23504,PLAYING CARDS JUBILEE UNION JACK,2857.64,1934,208,1.4775801447776629
22797,CHEST OF DRAWERS GINGHAM HEART ,2851.3599999999997,163,91,17.493006134969324
23212,HEART WREATH DECORATION WITH BELL,2850.89,2288,185,1.2460183566433567
22930,BAKING MOULD HEART MILK CHOCOLATE,2849.35,1109,189,2.5692966636609555
22476,EMPIRE UNION JACK TV DINNER TRAY,2844.16,881,125,3.2283314415437
22072,RED RETROSPOT TEA CUP AND SAUCER ,2831.17,854,162,3.3151873536299767
22380,TOY TIDY SPACEBOY  ,2823.86,1316,285,2.1457902735562313
85178,VICTORIAN SEWING KIT,2823.83,2519,140,1.1210123064708217
47599B,BLUE PARTY BAGS ,2822.32,1480,118,1.9069729729729732
21499,BLUE POLKADOT WRAP,2819.84,6952,217,0.4056156501726122
21563,RED HEART SHAPE LOVE BUCKET ,2803.13,1395,159,2.0094121863799286
22762,CUPBOARD 3 DRAWER MA CAMPAGNE,2786.0299999999997,171,112,16.292573099415204
22794,SWEETHEART WIRE MAGAZINE RACK,2784.9,326,182,8.542638036809816
22224,WHITE LOVEBIRD LANTERN,2767.01,835,164,3.3137844311377247
22925,BLUE GIANT GARDEN THERMOMETER,2763.42,450,182,6.140933333333334
23190,BUNDLE OF 3 SCHOOL EXERCISE BOOKS  ,2761.8999999999996,1702,202,1.6227379553466508
22963,JAM JAR WITH GREEN LID,2761.56,3267,306,0.845289256198347
22196,SMALL HEART MEASURING SPOONS,2759.2599999999998,2853,472,0.9671433578689098
23266,SET OF 3 WOODEN STOCKING DECORATION,2757.57,2064,319,1.3360319767441862
23542,WALL ART 70'S ALPHABET ,2757.06,356,74,7.744550561797753
23147,SINGLE ANTIQUE ROSE HOOK IVORY,2755.1,1870,261,1.4733155080213902
22773,GREEN DRAWER KNOB ACRYLIC EDWARDIAN,2754.4,2087,191,1.3197891710589362
23341,PINK DINER WALL CLOCK,2749.85,308,121,8.928084415584415
22823,CHEST NATURAL WOOD 20 DRAWERS,2745.0,24,13,114.375
22974,CHILDRENS DOLLY GIRL MUG,2744.5399999999995,1607,204,1.707865588052271
23100,SILVER BELLS TABLE DECORATION,2743.13,2169,257,1.2646980175195943
22283,6 EGG HOUSE PAINTED WOOD,2742.33,301,155,9.110730897009967
21985,PACK OF 12 HEARTS DESIGN TISSUES ,2737.6299999999997,8803,427,0.31098829944337153
23407,SET OF 2 TRAYS HOME SWEET HOME,2729.33,267,133,10.222209737827715
20829,GLITTER HANGING BUTTERFLY STRING,2725.05,1315,194,2.072281368821293
23333,IVORY WICKER HEART MEDIUM,2721.7,2110,233,1.289905213270142
23164,REGENCY CAKE SLICE,2718.65,578,92,4.703546712802768
84832,ZINC WILLIE WINKIE  CANDLE STICK,2713.5499999999997,2934,268,0.9248636673483298
22278,OVERNIGHT BAG VINTAGE ROSE PAISLEY,2709.3,406,178,6.673152709359607
21239,PINK  POLKADOT CUP,2709.04,3018,307,0.8976275679257787
22927,GREEN GIANT GARDEN THERMOMETER,2704.71,430,148,6.290023255813954
22737,RIBBON REEL CHRISTMAS PRESENT ,2695.8,1389,259,1.940820734341253
23264,SET OF 3 WOODEN SLEIGH DECORATIONS,2694.56,1966,299,1.3705798575788402
72802C,VANILLA SCENT CANDLE JEWELLED BOX,2692.44,1396,105,1.9286819484240687
22691,DOORMAT WELCOME SUNRISE,2686.7200000000003,372,120,7.22236559139785
22702,BLACK AND WHITE CAT BOWL,2684.6499999999996,1363,49,1.969662509170946
22045,SPACEBOY GIFT WRAP,2683.84,6552,208,0.40962148962148964
22660,DOORMAT I LOVE LONDON,2678.96,364,102,7.35978021978022
21781,MA CAMPAGNE CUTLERY BOX,2676.75,169,101,15.838757396449704
22433,WATERING CAN GREEN DINOSAUR,2667.5,1394,227,1.913558106169297
22130,PARTY CONE CHRISTMAS DECORATION ,2664.6299999999997,2277,110,1.1702371541501975
21109,LARGE CAKE TOWEL CHOCOLATE SPOTS,2663.62,926,104,2.8764794816414687
22329,ROUND CONTAINER SET OF 5 RETROSPOT,2663.5399999999995,1604,238,1.6605610972568576
23146,TRIPLE HOOK ANTIQUE IVORY ROSE,2655.13,801,227,3.3147690387016233
22902,TOTE BAG I LOVE LONDON,2650.08,1296,136,2.044814814814815
22582,PACK OF 6 SWEETIE GIFT BOXES,2649.35,1061,102,2.4970311027332706
22792,FLUTED ANTIQUE CANDLE HOLDER,2643.33,2809,206,0.9410217159131363
22241,GARLAND WOODEN HAPPY EASTER,2641.93,1978,239,1.3356572295247724
35961,FOLKART ZINC HEART CHRISTMAS DEC,2640.8599999999997,2999,244,0.8805801933977991
82600,N0 SINGING METAL SIGN,2639.42,1225,49,2.1546285714285713
23054,RECYCLED ACAPULCO MAT LAVENDER,2621.43,297,130,8.826363636363636
21012,ANTIQUE ALL GLASS CANDLESTICK,2618.25,1171,199,2.235909479077711
22965,3 TRADITIONAl BISCUIT CUTTERS  SET,2610.61,1211,232,2.1557473162675476
22830,UTILTY CABINET WITH HOOKS,2610.29,131,6,19.92587786259542
22700,BLACK AND WHITE DOG BOWL,2608.08,1198,52,2.1770283806343906
23196,VINTAGE LEAF MAGNETIC NOTEPAD,2605.5,1710,274,1.5236842105263158
22833,HALL CABINET WITH 3 DRAWERS,2603.5299999999997,76,5,34.25697368421052
22175,PINK OWL SOFT TOY,2600.13,879,171,2.9580546075085326
22361,GLASS JAR DAISY FRESH COTTON WOOL,2598.23,729,268,3.5641015089163237
22805,BLUE DRAWER KNOB ACRYLIC EDWARDIAN,2593.53,1904,195,1.3621481092436976
21500,PINK POLKADOT WRAP ,2593.0,6350,213,0.40834645669291336
22822,CREAM WALL PLANTER HEART SHAPED,2588.7000000000003,434,158,5.964746543778802
47559B,TEA TIME OVEN GLOVE,2588.65,2080,287,1.2445432692307692
22933,BAKING MOULD EASTER EGG MILK CHOC,2585.92,940,122,2.7509787234042555
22610,PENS ASSORTED FUNNY FACE,2578.24,9608,216,0.2683430474604496
21735,TWO DOOR CURIO CABINET,2577.45,212,83,12.157783018867924
23534,STOP FOR TEA WALL ART,2572.7,518,41,4.966602316602316
84596B,SMALL DOLLY MIX DESIGN ORANGE BOWL,2570.52,5078,522,0.5062071681764474
23292,SPACEBOY CHILDRENS CUP,2558.82,2051,216,1.2475962944904926
22358,KINGS CHOICE TEA CADDY ,2557.1200000000003,700,255,3.653028571428572
22064,PINK DOUGHNUT TRINKET POT ,2556.2,1734,241,1.474163783160323
21452,TOADSTOOL MONEY BOX,2549.11,817,184,3.1200856793145655
21078,SET/20 STRAWBERRY PAPER NAPKINS ,2540.39,2780,313,0.9138093525179856
23131,MISTLETOE HEART WREATH CREAM,2539.63,625,110,4.063408
23424,GINGHAM RECIPE BOOK BOX,2529.42,466,135,5.42793991416309
72351A,SET/6 TURQUOISE BUTTERFLY T-LIGHTS,2528.15,1278,153,1.9782081377151801
23681,LUNCH BAG RED VINTAGE DOILY,2526.69,1577,132,1.6022130627774256
21730,GLASS STAR FROSTED T-LIGHT HOLDER,2519.38,518,131,4.863667953667954
22670,FRENCH WC SIGN BLUE METAL,2518.0,1883,301,1.3372278279341476
21556,CERAMIC STRAWBERRY MONEY BOX,2515.52,977,114,2.5747389969293755
23316,RED REFECTORY CLOCK ,2511.59,251,110,10.006334661354582
22672,FRENCH BATHROOM SIGN BLUE METAL,2511.22,1476,219,1.7013685636856368
22937,BAKING MOULD CHOCOLATE CUPCAKES,2507.14,950,157,2.639094736842105
22075,6 RIBBONS ELEGANT CHRISTMAS ,2503.3399999999997,1800,200,1.3907444444444443
21107,CREAM SLICE FLANNEL PINK SPOT ,2501.56,904,97,2.7672123893805307
23367,SET 12 COLOUR PENCILS SPACEBOY ,2495.75,3285,282,0.7597412480974125
21903,MAN FLU METAL SIGN,2494.3300000000004,1162,180,2.1465834767642
22215,CAKE STAND WHITE TWO TIER LACE,2471.39,343,101,7.205218658892128
23352,ROLL WRAP 50'S RED CHRISTMAS ,2462.95,1803,212,1.366028840820854
85062,PEARL CRYSTAL PUMPKIN T-LIGHT HLDR,2449.2999999999997,1474,159,1.6616689280868384
23489,VINTAGE BELLS GARLAND,2443.35,821,149,2.9760657734470155
85184C,S/4 VALENTINE DECOUPAGE HEART BOX,2443.04,1484,131,1.6462533692722372
22374,AIRLINE BAG VINTAGE JET SET RED,2440.27,549,223,4.444936247723133
84032B,CHARLIE + LOLA RED HOT WATER BOTTLE,2430.44,939,255,2.588328008519702
21875,KINGS CHOICE MUG,2429.38,2055,148,1.1821800486618006
23406,HOME SWEET HOME KEY HOLDER,2428.9100000000003,457,111,5.314901531728666
22807,SET OF 6 T-LIGHTS TOADSTOOLS,2428.1800000000003,825,195,2.943248484848485
22573,STAR WOODEN CHRISTMAS DECORATION,2427.25,2689,221,0.9026589810338416
23265,SET OF 3 WOODEN TREE DECORATIONS,2423.54,1784,293,1.3584865470852017
22743,MAKE YOUR OWN FLOWERPOWER CARD KIT,2420.34,934,206,2.591370449678801
22811,SET OF 6 T-LIGHTS CACTI ,2419.29,881,108,2.746072644721907
22437,SET OF 9 BLACK SKULL BALLOONS,2418.94,2830,226,0.8547491166077739
21328,BALLOONS  WRITING SET ,2418.68,1342,346,1.802295081967213
23400,SHELF WITH 4 HOOKS HOME SWEET HOME,2409.34,461,107,5.226334056399133
22167, OVAL WALL MIRROR DIAMANTE ,2401.0699999999997,237,156,10.131097046413501
20978,36 PENCILS TUBE SKULLS,2400.05,1799,263,1.3341022790439134
84796B,BLUE SAVANNAH PICNIC HAMPER FOR 2,2393.5899999999997,256,124,9.349960937499999
84969,BOX OF 6 ASSORTED COLOUR TEASPOONS,2389.52,558,210,4.282293906810036
11001,ASSTD DESIGN RACING CAR PEN,2389.44,1615,113,1.479529411764706
22440,BALLOON WATER BOMB PACK OF 35,2385.12,6034,154,0.39528007954922106
23048,SET OF 10 LANTERNS FAIRY LIGHT STAR,2384.9700000000003,581,99,4.104939759036145
20983,12 PENCILS TALL TUBE RED RETROSPOT,2382.46,2746,268,0.8676110706482156
22282,12 EGG HOUSE PAINTED WOOD,2378.52,149,99,15.963221476510068
23498,CLASSIC BICYCLE CLIPS ,2378.4799999999996,1644,99,1.4467639902676397
21811,HANGING HEART WITH BELL,2376.0499999999997,4620,219,0.5142965367965368
22851,SET 20 NAPKINS FAIRY CAKES DESIGN ,2375.44,2749,350,0.8641105856675155
84997d,CHILDRENS CUTLERY POLKADOT PINK,2372.33,285,65,8.323964912280701
23535,BICYCLE SAFTEY WALL ART,2371.94,458,39,5.178908296943232
23396,LE JARDIN BOTANIQUE CUSHION COVER,2371.25,566,166,4.1894876325088335
37500,TEA TIME TEAPOT IN GIFT BOX,2360.68,380,113,6.212315789473684
22070,SMALL RED RETROSPOT MUG IN BOX ,2358.15,949,116,2.484878819810327
21495,SKULLS AND CROSSBONES WRAP,2356.0,5800,165,0.40620689655172415
23401,RUSTIC MIRROR WITH LACE HEART,2354.87,459,83,5.130435729847495
23412,HEART MIRROR ANTIQUE WHITE,2354.8,358,76,6.5776536312849165
22548,HEADS AND TAILS SPORTING FUN,2351.44,1977,209,1.1893980778958018
22425,ENAMEL COLANDER CREAM,2346.1200000000003,460,166,5.1002608695652185
23437, 50'S CHRISTMAS GIFT BAG LARGE,2343.63,1915,129,1.223827676240209
21700,BIG DOUGHNUT FRIDGE MAGNETS,2334.94,1726,198,1.3528041714947856
20977,36 PENCILS TUBE WOODLAND,2331.14,1741,185,1.3389661114302125
16156S,WRAP PINK FAIRY CAKES ,2331.0,5800,167,0.4018965517241379
22829,SWEETHEART WIRE WALL TIDY,2315.33,229,109,10.11061135371179
22736,RIBBON REEL MAKING SNOWMEN ,2315.25,1233,223,1.8777372262773722
22483,RED GINGHAM TEDDY BEAR ,2314.7400000000002,774,169,2.99062015503876
23371,SET 36 COLOUR PENCILS SPACEBOY ,2313.53,1712,185,1.3513609813084113
84950,ASSORTED COLOUR T-LIGHT HOLDER,2304.8300000000004,3631,120,0.6347645276783256
21982,PACK OF 12 SUKI TISSUES ,2304.14,7612,359,0.30269837099316865
22441,GROW YOUR OWN BASIL IN ENAMEL MUG,2301.31,1051,219,2.189638439581351
23330,DECORATIVE WICKER HEART MEDIUM,2299.47,1804,216,1.2746507760532149
71459,HANGING JAM JAR T-LIGHT HOLDERS,2298.0499999999997,2813,92,0.8169392108069675
85175,CACTI T-LIGHT CANDLES,2292.34,5353,143,0.4282346347842332
22185,SLATE TILE NATURAL HANGING,2291.4399999999996,1510,162,1.5175099337748341
84997b,CHILDRENS CUTLERY RETROSPOT RED ,2287.37,273,55,8.378644688644687
23029,DRAWER KNOB CRACKLE GLAZE GREEN,2284.12,1340,154,1.7045671641791045
21813,GARLAND WITH STARS AND BELLS,2280.4700000000003,549,112,4.153861566484518
21896,POTTING SHED TWINE,2279.09,983,110,2.318504577822991
23197,SKETCHBOOK MAGNETIC SHOPPING LIST,2274.0,1456,246,1.5618131868131868
22914,BLUE COAT RACK PARIS FASHION,2266.1600000000003,468,154,4.842222222222223
22983,CARD BILLBOARD FONT,2261.6,5302,443,0.42655601659751036
46000S,POLYESTER FILLER PAD 40x40cm,2256.2,1556,185,1.45
21069,VINTAGE BILLBOARD TEA MUG,2251.77,1950,86,1.1547538461538462
22030,SWALLOWS GREETING CARD,2247.97,5551,274,0.40496667267159064
23252,VINTAGE RED ENAMEL TRIM JUG ,2246.61,599,136,3.750601001669449
23093,SMALL PARISIENNE HEART PHOTO FRAME ,2244.2200000000003,941,142,2.384930924548353
23326,HANGING MINI COLOURED BOTTLES,2237.71,3443,76,0.6499302933488237
21989,PACK OF 20 SKULL PAPER NAPKINS,2235.65,2412,335,0.9268864013266999
21471,STRAWBERRY RAFFIA FOOD COVER,2228.09,641,163,3.475959438377535
23079,TOADSTOOL BEDSIDE LIGHT ,2225.45,251,105,8.86633466135458
22601,CHRISTMAS RETROSPOT ANGEL WOOD,2222.3799999999997,2482,200,0.895398871877518
23501,KEY RING BASEBALL BOOT UNION JACK,2220.37,1823,112,1.2179758639605045
22478,BIRDHOUSE GARDEN MARKER ,2218.12,1543,140,1.4375372650680491
84997c,CHILDRENS CUTLERY POLKADOT BLUE,2216.2099999999996,265,56,8.363056603773583
37448,CERAMIC CAKE DESIGN SPOTTED MUG,2214.08,1456,187,1.5206593406593407
21794,CLASSIC FRENCH STYLE BASKET NATURAL,2213.42,522,106,4.240268199233717
82494l,WOODEN FRAME ANTIQUE WHITE ,2211.6,264,61,8.377272727272727
23403,LETTER HOLDER HOME SWEET HOME,2207.86,626,134,3.526932907348243
10135,COLOURING PENCILS BROWN TUBE,2207.39,2231,175,0.9894173016584491
21042,RED RETROSPOT APRON ,2205.4700000000003,335,131,6.583492537313433
22574,HEART WOODEN CHRISTMAS DECORATION,2202.14,2336,222,0.9426969178082191
21900,"KEY FOB , SHED",2201.07,3234,372,0.6806029684601114
23302,KNEELING MAT HOUSEWORK  DESIGN,2194.62,1544,230,1.4213860103626943
22571,ROCKING HORSE RED CHRISTMAS ,2191.43,2441,254,0.8977591151167553
22763,KEY CABINET MA CAMPAGNE,2186.27,207,108,10.561690821256038
23436,VINTAGE CHRISTMAS GIFT BAG LARGE ,2182.39,1831,105,1.1919115237575095
85038,6 CHOCOLATE LOVE HEART T-LIGHTS,2179.6600000000003,1065,142,2.046629107981221
23445,ICE CREAM BUBBLES,2177.8399999999997,2688,101,0.8102083333333332
22357,KINGS CHOICE BISCUIT TIN,2175.04,468,180,4.647521367521367
21878,PACK OF 6 SANDCASTLE FLAGS ASSORTED,2173.0499999999997,2524,224,0.8609548335974643
22377,BOTTLE BAG RETROSPOT ,2171.53,1330,207,1.632729323308271
22704,WRAP RED APPLES ,2168.76,5278,174,0.4109056460780599
22121,NOEL WOODEN BLOCK LETTERS ,2165.65,353,133,6.134985835694051
21592,RETROSPOT CIGAR BOX MATCHES ,2164.46,2162,216,1.0011378353376503
22732,3D VINTAGE CHRISTMAS STICKERS ,2162.75,1645,188,1.314741641337386
23031,DRAWER KNOB CRACKLE GLAZE PINK,2162.2,1284,153,1.6839563862928348
21249,WOODLAND  HEIGHT CHART STICKERS ,2160.0,724,119,2.983425414364641
22107,PIZZA PLATE IN BOX,2158.06,594,179,3.633097643097643
22920,HERB MARKER BASIL,2155.94,3427,242,0.6291041727458418
82581,TOILET METAL SIGN,2155.8900000000003,3883,405,0.5552124645892352
22588,CARD HOLDER GINGHAM HEART,2149.31,687,175,3.1285443959243087
23028,DRAWER KNOB CRACKLE GLAZE BLUE,2148.5299999999997,1213,134,1.771253091508656
23005,TRAVEL CARD WALLET I LOVE LONDON,2147.55,4783,241,0.44899644574534814
22973,CHILDREN'S CIRCUS PARADE MUG,2145.91,1261,144,1.7017525773195876
23161,REGENCY CAKE FORK,2145.3,1715,98,1.2509037900874638
23232,WRAP VINTAGE LEAF DESIGN,2140.92,5326,134,0.4019752159218926
23213,STAR WREATH DECORATION WITH BELL,2139.67,1683,152,1.2713428401663696
40016,CHINESE DRAGON PAPER LANTERNS,2136.34,5556,97,0.3845104391648668
21232,STRAWBERRY CERAMIC TRINKET POT,2133.7200000000003,1371,125,1.5563238512035014
22509,SEWING BOX RETROSPOT DESIGN ,2132.44,211,86,10.106350710900474
22128,PARTY CONES CANDY ASSORTED,2127.53,1762,76,1.2074517593643588
37450,CERAMIC CAKE BOWL + HANGING CAKES,2126.3900000000003,717,134,2.9656764295676434
22891,TEA FOR ONE POLKADOT,2125.18,424,168,5.012216981132075
84356,POMPOM CURTAIN,2124.15,424,82,5.009787735849057
22498,WOODEN REGATTA BUNTING,2121.9900000000002,334,150,6.353263473053893
21980,PACK OF 12 RED RETROSPOT TISSUES ,2121.7599999999998,6687,297,0.31729624644833254
22156,HEART DECORATION WITH PEARLS ,2114.83,2198,256,0.9621610555050045
21718,RED METAL BEACH SPADE ,2114.64,1494,229,1.4154216867469878
23046,PAPER LANTERN 9 POINT DELUXE STAR,2111.4900000000002,349,36,6.050114613180517
20751,FUNKY WASHING UP GLOVES ASSORTED,2108.7200000000003,1003,198,2.102412761714856
23438, RED SPOT GIFT BAG LARGE,2107.42,1727,103,1.2202779386218876
23233,WRAP POPPIES  DESIGN,2105.5,5175,158,0.4068599033816425
21506,"FANCY FONT BIRTHDAY CARD, ",2101.0099999999998,4958,323,0.42376159741831376
22996,TRAVEL CARD WALLET VINTAGE TICKET,2099.97,4813,408,0.43631207147309364
23152,IVORY SWEETHEART WIRE LETTER RACK ,2095.65,558,159,3.7556451612903228
22733,3D TRADITIONAL CHRISTMAS STICKERS,2095.08,1583,197,1.3234870499052431
23315,IVORY REFECTORY CLOCK,2094.24,213,86,9.832112676056337
22059,CERAMIC STRAWBERRY DESIGN MUG,2094.24,1790,173,1.1699664804469272
23251,VINTAGE RED ENAMEL TRIM MUG ,2092.0,1701,119,1.229864785420341
22744,MAKE YOUR OWN MONSOON CARD KIT,2091.5400000000004,870,172,2.404068965517242
21609,SET 12 LAVENDER  BOTANICAL T-LIGHTS,2089.64,764,76,2.7351308900523557
22593,CHRISTMAS GINGHAM STAR,2087.3399999999997,2265,198,0.9215629139072846
22747,POPPY'S PLAYHOUSE BATHROOM,2087.15,957,227,2.1809299895506795
22055,MINI CAKE STAND  HANGING STRAWBERY,2086.49,1377,220,1.5152432824981843
23526,DOG LICENCE WALL ART,2081.64,408,29,5.102058823529411
23360,SET 8 CANDLES VINTAGE DOILY,2079.85,1065,107,1.9529107981220657
22863,SOAP DISH BROCANTE,2076.63,721,110,2.880208044382802
23370,SET 36 COLOURING PENCILS DOILY,2076.6,1490,147,1.3936912751677852
23536,VILLAGE SHOW WALL ART,2072.42,386,18,5.3689637305699485
22831,WHITE BROCANTE SOAP DISH,2070.9,706,121,2.93328611898017
22955,36 FOIL STAR CAKE CASES ,2070.15,1048,134,1.9753339694656489
23227,FILIGREE HEART BUTTERFLY WHITE ,2070.06,1642,117,1.260694275274056
22935,BAKING MOULD ROSE MILK CHOCOLATE,2066.82,690,65,2.995391304347826
23020,GLASS  SONGBIRD STORAGE JAR,2065.14,169,73,12.219763313609466
23291,DOLLY GIRL CHILDRENS CUP,2060.28,1635,195,1.2601100917431194
23490,T-LIGHT HOLDER HANGING LOVE BIRD,2055.27,548,101,3.750492700729927
22101,MIRROR MOSAIC VOTIVE HOLDER,2053.17,1438,69,1.4277955493741308
47504K,ENGLISH ROSE GARDEN SECATEURS,2049.45,2019,212,1.0150817236255572
23500,KEY RING BASEBALL BOOT ASSORTED ,2044.58,1631,98,1.2535744941753526
21864,UNION JACK FLAG PASSPORT COVER ,2043.79,829,184,2.4653679131483717
22414,DOORMAT NEIGHBOURHOOD WITCH ,2038.39,279,95,7.306057347670251
22803,IVORY EMBROIDERED QUILT ,2038.0900000000001,54,31,37.74240740740741
20674,GREEN POLKADOT BOWL,2032.48,1576,205,1.2896446700507613
22080,RIBBON REEL POLKADOTS ,2028.23,1221,155,1.6611220311220312
84880,WHITE WIRE EGG HOLDER,2027.74,314,76,6.457770700636943
22788,BROCANTE COAT RACK,2025.96,220,60,9.20890909090909
22115,METAL SIGN EMPIRE TEA,2020.91,1549,228,1.3046546158812138
23268,SET OF 2 CERAMIC CHRISTMAS REINDEER,2019.59,1448,89,1.3947444751381215
51014A,"FEATHER PEN,HOT PINK",2018.78,3890,239,0.5189665809768638
22897,OVEN MITT APPLES DESIGN,2016.0,1352,211,1.4911242603550297
23543,KEEP CALM WALL ART ,2015.97,269,20,7.4943122676579925
22959,WRAP CHRISTMAS VILLAGE,2014.42,4901,142,0.4110222403591104
23289,DOLLY GIRL CHILDRENS BOWL,2013.7,1622,191,1.2414919852034525
22859,EASTER TIN BUNNY BOUQUET,2012.9699999999998,1209,158,1.664987593052109
21622,VINTAGE UNION JACK CUSHION COVER,2012.3400000000001,386,104,5.213316062176166
23358,HOT STUFF HOT WATER BOTTLE,2012.13,595,89,3.381731092436975
22364,GLASS JAR DIGESTIVE BISCUITS,2010.17,619,164,3.247447495961228
22503,CABIN BAG VINTAGE PAISLEY,2010.12,99,34,20.304242424242425
23274,STAR T-LIGHT HOLDER WILLIE WINKIE,2009.9499999999998,1183,119,1.6990278951817412
85049G,CHOCOLATE BOX RIBBONS ,2007.94,1615,258,1.2433065015479876
23066,SMALL DECO JEWELLERY STAND,2005.81,243,79,8.254362139917696
21591,COSY HOUR CIGAR BOX MATCHES ,2001.1399999999999,1378,146,1.4522060957910015
22186,RED STAR CARD HOLDER,1997.48,848,149,2.3555188679245282
22928,YELLOW GIANT GARDEN THERMOMETER,1993.75,288,115,6.922743055555555
23357,HOT WATER BOTTLE SEX BOMB,1993.6000000000001,453,102,4.400883002207506
72802B,OCEAN SCENT CANDLE IN JEWELLED BOX,1993.48,1028,82,1.939182879377432
22579,WOODEN TREE CHRISTMAS SCANDINAVIAN,1988.8899999999999,5170,338,0.38469825918762085
37446,MINI CAKE STAND WITH HANGING CAKES,1986.24,1361,183,1.4593975018368845
22932,BAKING MOULD TOFFEE CUP CHOCOLATE,1985.5800000000002,878,71,2.261480637813212
22466,FAIRY TALE COTTAGE NIGHT LIGHT,1981.29,977,115,2.0279324462640735
22477,WATERING CAN GARDEN MARKER,1980.4,1374,127,1.4413391557496362
15039,SANDALWOOD FAN,1979.4899999999998,2091,145,0.9466714490674317
21916,SET 12 RETRO WHITE CHALK STICKS,1973.9099999999999,4600,359,0.4291108695652174
22931,BAKING MOULD HEART WHITE CHOCOLATE,1968.4,815,129,2.4152147239263804
20992,JAZZ HEARTS PURSE NOTEBOOK,1965.81,4451,277,0.4416558076836666
23374,RED SPOT PAPER GIFT BAG,1962.83,2456,131,0.7991978827361563
22312,OFFICE MUG WARMER POLKADOT,1962.2900000000002,649,131,3.0235593220338988
84031A,CHARLIE+LOLA RED HOT WATER BOTTLE ,1961.16,431,165,4.550255220417633
23228,FILIGREE HEART BIRD WHITE ,1960.0,1492,125,1.3136729222520107
23145,ZINC T-LIGHT HOLDER STAR LARGE,1956.6799999999998,2060,167,0.9498446601941747
85123a,WHITE HANGING HEART T-LIGHT HOLDER,1952.4799999999998,292,67,6.686575342465753
84596F,SMALL MARSHMALLOWS PINK BOWL,1952.0,3748,435,0.5208110992529349
22291,HANGING CHICK CREAM DECORATION,1946.62,1317,120,1.478071374335611
22824,3 TIER SWEETHEART GARDEN SHELF,1938.2500000000002,55,43,35.24090909090909
22412,METAL SIGN NEIGHBOURHOOD WITCH ,1938.15,914,147,2.1205142231947485
22639,SET OF 4 NAPKIN CHARMS HEARTS,1937.7099999999998,806,148,2.404106699751861
23231,WRAP DOILEY DESIGN,1927.26,4703,164,0.409793748671061
21192,WHITE BELL HONEYCOMB PAPER ,1924.9399999999998,1093,88,1.7611527904849038
23094,LE GRAND TRAY CHIC SET,1924.92,152,79,12.663947368421054
22199,FRYING PAN RED RETROSPOT,1923.59,467,166,4.119036402569593
22183,CAKE STAND VICTORIAN FILIGREE MED,1916.01,322,129,5.950341614906832
23155,KNICKERBOCKERGLORY MAGNET ASSORTED ,1914.7299999999998,2233,135,0.8574697716077025
21112,SWISS ROLL TOWEL PINK  SPOTS,1913.6899999999998,706,39,2.7106090651558072
20963,APPLE BATH SPONGE,1913.67,1338,229,1.4302466367713005
23128,FELTCRAFT BOY JEAN-PAUL KIT,1909.51,371,127,5.146927223719676
21534,DAIRY MAID LARGE MILK JUG,1908.88,376,155,5.0768085106382985
22594,CHRISTMAS GINGHAM TREE,1905.7699999999998,2006,196,0.9500348953140577
84968F,SET OF 16 VINTAGE SKY BLUE CUTLERY,1905.6799999999998,177,65,10.766553672316384
23068,ALUMINIUM STAMPED HEART,1902.19,783,130,2.4293614303959132
23491,VINTAGE JINGLE BELLS HEART,1897.76,228,78,8.323508771929825
85061W,WHITE JEWELLED HEART DECORATION,1897.4499999999998,2164,162,0.8768253234750462
23235,STORAGE TIN VINTAGE LEAF,1893.13,715,102,2.647734265734266
16169E,WRAP 50'S  CHRISTMAS,1892.46,4563,149,0.4147403024326101
23434,3 RAFFIA RIBBONS 50'S CHRISTMAS ,1892.07,2105,199,0.8988456057007126
21068,VINTAGE BILLBOARD LOVE/HATE MUG,1890.33,1638,198,1.154047619047619
23075,PARLOUR CERAMIC WALL HOOK,1889.7500000000002,455,75,4.153296703296704
23394,POSTE FRANCE CUSHION COVER,1888.9,438,150,4.312557077625571
35004C,SET OF 3 COLOURED  FLYING DUCKS,1888.1000000000001,394,39,4.792131979695432
22602,RETROSPOT WOODEN HEART DECORATION,1887.9799999999998,2078,246,0.9085563041385947
15058B,PINK POLKADOT GARDEN PARASOL,1885.27,228,97,8.268728070175438
20982,12 PENCILS TALL TUBE SKULLS,1884.9199999999998,2156,256,0.8742671614100185
22027,TEA PARTY BIRTHDAY CARD,1883.79,4392,362,0.4289139344262295
22534,MAGIC DRAWING SLATE SPACEBOY ,1871.12,4496,261,0.41617437722419925
22198,LARGE POPCORN HOLDER ,1870.9099999999999,1025,86,1.8252780487804876
23090,VINTAGE GLASS T-LIGHT HOLDER,1870.86,2238,149,0.8359517426273458
22858,EASTER TIN KEEPSAKE,1865.7299999999998,1129,136,1.652550930026572
70006,LOVE HEART POCKET WARMER,1865.6299999999999,2703,120,0.6902071772105068
21988,PACK OF 6 SKULL PAPER PLATES,1862.75,2321,193,0.8025635501938819
21870,I CAN ONLY PLEASE ONE PERSON MUG,1861.46,1415,163,1.3155194346289754
22220,CAKE STAND LOVEBIRD 2 TIER WHITE,1859.2,232,86,8.013793103448275
22428,ENAMEL FIRE BUCKET CREAM,1854.76,246,114,7.539674796747968
72807A,SET/3 ROSE CANDLE IN JEWELLED BOX,1849.82,394,107,4.69497461928934
22944,CHRISTMAS METAL POSTCARD WITH BELLS,1843.64,3375,111,0.5462637037037037
21557,SET OF 6 FUNKY BEAKERS,1843.6100000000001,551,162,3.3459346642468244
23378,PACK OF 12 50'S CHRISTMAS TISSUES,1842.42,4003,176,0.4602598051461404
22712,CARD DOLLY GIRL ,1842.36,4483,312,0.4109658710684809
21034,REX CASH+CARRY JUMBO SHOPPER,1842.05,1939,871,0.95
21873,IF YOU CAN'T STAND THE HEAT MUG,1838.05,1621,116,1.133898827884022
22651,GENTLEMAN SHIRT REPAIR KIT ,1837.4699999999998,2166,170,0.8483240997229916
21713,CITRONELLA CANDLE FLOWERPOT,1836.64,795,157,2.310238993710692
21564,PINK  HEART SHAPE LOVE BUCKET ,1831.6200000000001,1042,123,1.7577927063339733
22452,MEASURING TAPE BABUSHKA PINK,1831.1100000000001,746,144,2.4545710455764076
72807B,SET/3 OCEAN SCENT CANDLE JEWEL BOX,1830.71,397,110,4.611360201511335
23109,LED TEA LIGHTS,1829.65,635,65,2.8813385826771656
15044D,RED PAPER PARASOL,1822.71,645,84,2.8259069767441862
22223,CAKE PLATE LOVEBIRD PINK,1821.6100000000001,441,78,4.130634920634921
22200,FRYING PAN PINK POLKADOT,1809.48,398,140,4.54643216080402
23160,REGENCY TEA SPOON,1809.48,1462,76,1.237674418604651
21114,LAVENDER SCENTED FABRIC HEART,1809.33,1366,138,1.324546120058565
15060B,FAIRY CAKE DESIGN UMBRELLA,1807.55,451,131,4.007871396895787
22536,MAGIC DRAWING SLATE PURDEY,1805.21,4755,156,0.3796445846477392
85034C,3 ROSE MORRIS BOXED CANDLES,1805.0,1133,158,1.593115622241836
21832,CHOCOLATE CALCULATOR,1799.9999999999998,960,198,1.8749999999999998
21245,GREEN POLKADOT PLATE ,1792.27,1078,128,1.6625881261595548
23317,BLUE REFECTORY CLOCK ,1787.4099999999999,174,82,10.272471264367816
21055,TOOL BOX SOFT TOY ,1782.54,180,105,9.903
22832,BROCANTE SHELF WITH HOOKS,1781.82,162,76,10.998888888888889
23148,MINIATURE ANTIQUE ROSE HOOK IVORY,1779.6599999999999,2096,243,0.849074427480916
85035C,ROSE 3 WICK MORRIS BOX CANDLE,1779.41,1152,130,1.5446267361111112
22710,WRAP I LOVE LONDON ,1774.42,4501,104,0.3942279493445901
22562,MONSTERS STENCIL CRAFT,1773.3700000000001,1421,211,1.2479732582688248
21439,BASKET OF TOADSTOOLS,1767.15,1430,130,1.2357692307692307
22119,PEACE WOODEN BLOCK LETTERS,1766.57,351,106,5.032962962962963
21056,DOCTOR'S BAG SOFT TOY,1765.3999999999999,184,72,9.594565217391304
22314,OFFICE MUG WARMER CHOC+BLUE,1762.0700000000002,571,133,3.0859369527145364
23096,PETIT TRAY CHIC,1759.7899999999997,1047,146,1.6807927411652337
22852,DOG BOWL VINTAGE CREAM,1757.8799999999999,390,125,4.507384615384615
21584,RETROSPOT SMALL TUBE MATCHES,1754.8999999999999,1066,146,1.64624765478424
23359,SET OF 12 T-LIGHTS VINTAGE DOILY,1753.36,932,73,1.8812875536480687
23372,SET 36 COLOUR PENCILS DOLLY GIRL,1752.79,1391,147,1.2600934579439251
23399,HOME SWEET HOME HANGING HEART,1752.35,1922,225,0.911732570239334
21812,GARLAND WITH HEARTS AND BELLS,1751.22,394,100,4.444720812182741
20961,STRAWBERRY BATH SPONGE ,1749.18,1235,228,1.41634008097166
23101,SILVER STARS TABLE DECORATION,1744.61,2037,213,0.8564604810996563
20981,12 PENCILS TALL TUBE WOODLAND,1742.27,1976,249,0.8817155870445345
23181,BULL DOG BOTTLE TOP WALL CLOCK,1733.57,201,82,8.624726368159203
21329,DINOSAURS  WRITING SET ,1728.6399999999999,944,287,1.8311864406779659
23122,PARTY CHARMS 50 PIECES,1727.75,2253,133,0.7668664003550821
47570B,TEA TIME TABLE CLOTH,1727.23,185,31,9.33637837837838
21586,KINGS CHOICE GIANT TUBE MATCHES,1721.85,743,67,2.31742934051144
21845,DAIRY MAID STRIPE MUG,1721.0900000000001,1907,82,0.902511798636602
22526,WHEELBARROW FOR CHILDREN ,1720.26,125,79,13.76208
85015,SET OF 12  VINTAGE POSTCARD SET,1719.8400000000001,2182,143,0.7881943171402384
23073,GEORGIAN TRINKET BOX,1719.0,144,61,11.9375
22544,MINI JIGSAW SPACEBOY,1716.1799999999998,4521,175,0.37960185799601853
22037,ROBOT BIRTHDAY CARD,1715.48,3977,354,0.4313502640181041
22227,HANGING HEART MIRROR DECORATION ,1708.0700000000002,2341,289,0.729632635625801
22934,BAKING MOULD EASTER EGG WHITE CHOC,1707.47,589,78,2.89893039049236
22816,CARD MOTORBIKE SANTA,1706.8799999999999,4023,266,0.4242803877703206
21917,SET 12 KIDS  WHITE CHALK STICKS,1704.03,4156,225,0.41001684311838305
22674,FRENCH TOILET SIGN BLUE METAL,1697.72,1350,187,1.2575703703703704
37340,MULTICOLOUR SPRING FLOWER MUG,1695.86,2544,135,0.6666116352201258
51008,AFGHAN SLIPPER SOCK PAIR,1690.5500000000002,519,22,3.257321772639692
21544,SKULLS  WATER TRANSFER TATTOOS ,1690.23,1975,174,0.8558126582278481
22789,T-LIGHT HOLDER SWEETHEART HANGING,1688.22,860,138,1.963046511627907
16161U,WRAP SUKI AND FRIENDS,1687.5,4075,134,0.41411042944785276
21207,SKULL AND CROSSBONES  GARLAND ,1686.4999999999998,1068,132,1.5791198501872656
23368,SET 12 COLOUR PENCILS DOLLY GIRL ,1681.5,2382,232,0.7059193954659949
23214,JINGLE BELL HEART ANTIQUE GOLD,1680.48,782,102,2.1489514066496165
22332,SKULLS PARTY BAG + STICKER SET,1679.6499999999999,1033,148,1.6259922555663116
22419,LIPSTICK PEN RED,1676.8799999999999,3347,272,0.5010098595757394
22913,RED COAT RACK PARIS FASHION,1673.15,352,112,4.753267045454546
22335,HEART DECORATION PAINTED ZINC ,1672.7900000000002,2386,225,0.7010854987426657
22076,6 RIBBONS EMPIRE  ,1669.5299999999997,1260,225,1.3250238095238094
15058A,BLUE POLKADOT GARDEN PARASOL,1668.49,200,89,8.34245
21577,SAVE THE PLANET COTTON TOTE BAG,1664.8999999999999,720,175,2.312361111111111
21578,WOODLAND DESIGN  COTTON TOTE BAG,1664.51,749,127,2.222309746328438
22804,PINK HANGING HEART T-LIGHT HOLDER,1664.16,880,76,1.8910909090909092
84968D,SET OF 16 VINTAGE RED CUTLERY,1661.47,157,55,10.582611464968153
23505,PLAYING CARDS I LOVE LONDON ,1660.04,1207,115,1.3753438276719139
23270,SET OF 2 CERAMIC PAINTED HEARTS ,1659.37,1183,125,1.4026796280642433
22479,DAISY GARDEN MARKER,1658.57,1139,98,1.456163301141352
22853,CAT BOWL VINTAGE CREAM,1655.96,472,116,3.5083898305084746
21981,PACK OF 12 WOODLAND TISSUES ,1655.36,5482,271,0.3019627873039037
21111,"SWISS ROLL TOWEL, CHOCOLATE  SPOTS",1652.27,901,94,1.8338179800221976
23483,HANGING  BUTTERFLY T-LIGHT HOLDER,1651.36,1340,73,1.2323582089552239
47566b,TEA TIME PARTY BUNTING,1651.1499999999999,199,102,8.297236180904521
23273,HEART T-LIGHT HOLDER WILLIE WINKIE,1649.0499999999997,969,112,1.7018059855521153
22161,HEART DECORATION RUSTIC HANGING ,1647.16,5088,340,0.3237342767295598
23348,CHILDRENS TOY COOKING UTENSIL SET,1642.13,750,168,2.189506666666667
22284,HEN HOUSE DECORATION,1641.62,954,131,1.720775681341719
22375,AIRLINE BAG VINTAGE JET SET BROWN,1639.29,349,167,4.697106017191977
23366,SET 12 COLOURING PENCILS DOILY,1638.7,2204,191,0.7435117967332123
22154,ANGEL DECORATION 3 BUTTONS ,1638.35,3749,162,0.43700986929847957
84510A,SET OF 4 ENGLISH ROSE COASTERS,1636.57,1201,239,1.3626727726894254
22474,SPACEBOY TV DINNER TRAY,1636.27,303,132,5.40023102310231
35953,FOLKART STAR CHRISTMAS DECORATIONS,1634.9199999999998,3582,131,0.4564265773310999
85034B,3 WHITE CHOC MORRIS BOXED CANDLES,1633.78,949,120,1.7215806111696523
22799,SWEETHEART WIRE FRUIT BOWL,1631.58,208,89,7.844134615384615
23391, I LOVE LONDON MINI BACKPACK,1628.17,389,86,4.185526992287918
22445,PENCIL CASE LIFE IS BEAUTIFUL,1624.7600000000002,537,130,3.0256238361266297
22975,SPACEBOY CHILDRENS EGG CUP,1624.63,1204,186,1.3493604651162792
22473,TV DINNER TRAY VINTAGE PAISLEY,1623.04,503,112,3.226719681908549
37495,FAIRY CAKE BIRTHDAY CANDLE SET,1622.24,440,92,3.686909090909091
21706,FOLDING UMBRELLA RED/WHITE POLKADOT,1621.76,347,120,4.673659942363113
22166,WALL MIRROR RECTANGLE DIAMANTE PINK,1614.4,207,87,7.799033816425121
23217,LAUREL HEART ANTIQUE SILVER,1613.82,1309,97,1.2328647822765468
23287,RED VINTAGE SPOT BEAKER,1613.59,1891,198,0.853299841353781
21206,STRAWBERRY HONEYCOMB  GARLAND ,1610.9199999999998,1290,109,1.2487751937984495
85040A,S/4 PINK FLOWER CANDLES IN BOWL,1610.62,890,164,1.809685393258427
22095,LADS ONLY TISSUE BOX,1610.41,1650,143,0.9760060606060607
22671,FRENCH LAUNDRY SIGN BLUE METAL,1610.35,963,144,1.672222222222222
22292,HANGING CHICK  YELLOW DECORATION,1608.86,1139,112,1.4125197541703247
22475,SKULL DESIGN TV DINNER TRAY,1605.67,316,138,5.08123417721519
22948,METAL DECORATION NAUGHTY CHILDREN ,1604.99,1601,136,1.0024921923797627
22305,COFFEE MUG PINK PAISLEY DESIGN,1604.58,693,51,2.3154112554112554
21394,RED POLKADOT BEAKER ,1603.77,3865,131,0.4149469598965071
18097C,WHITE TALL PORCELAIN T-LIGHT HOLDER,1601.21,699,69,2.2907153075822606
23226,FILIGREE HEART DAISY WHITE,1596.67,1247,98,1.2804089815557338
23244,ROUND STORAGE TIN VINTAGE LEAF,1593.58,864,103,1.8444212962962963
22398,MAGNETS PACK OF 4 SWALLOWS,1589.51,2576,248,0.6170458074534162
22449,SILK PURSE BABUSHKA PINK,1587.3000000000002,492,143,3.2262195121951223
21626,VINTAGE UNION JACK PENNANT,1586.75,795,99,1.9959119496855346
15056n,EDWARDIAN PARASOL NATURAL,1585.2800000000002,127,84,12.482519685039371
21967,PACK OF 12 SKULL TISSUES,1583.4099999999999,5275,232,0.3001725118483412
46000M,POLYESTER FILLER PAD 45x45cm,1582.55,1021,137,1.55
23369,SET 36 COLOUR PENCILS LOVE LONDON,1581.06,1105,126,1.4308235294117646
22676,FRENCH BLUE METAL DOOR SIGN 1,1580.89,1157,199,1.3663699222126189
22434,BALLOON PUMP WITH 10 BALLOONS,1580.16,798,124,1.9801503759398498
21528,DAIRY MAID TRADITIONAL TEAPOT ,1578.42,218,111,7.240458715596331
84279P,CHERRY BLOSSOM  DECORATIVE FLASK,1576.96,380,126,4.149894736842105
22208,WOOD STAMP SET THANK YOU,1576.4699999999998,1515,280,1.0405742574257424
22494,EMERGENCY FIRST AID TIN ,1573.52,1089,245,1.4449219467401286
22583,PACK OF 6 HANDBAG GIFT BOXES,1572.9499999999998,574,111,2.7403310104529615
21509,COWBOYS AND INDIANS BIRTHDAY CARD ,1572.28,3741,274,0.4202833466987436
85206A,CREAM FELT EASTER EGG BASKET,1572.2299999999998,976,114,1.6108913934426228
23462,ROCOCO WALL MIRROR WHITE,1567.1399999999999,78,45,20.09153846153846
22085,PAPER CHAIN KIT SKULLS ,1566.99,548,97,2.859470802919708
21913,VINTAGE SEASIDE JIGSAW PUZZLES,1565.83,398,148,3.934246231155779
85132A,CHARLIE + LOLA BISCUITS TINS,1565.6699999999998,547,110,2.862285191956124
22313,OFFICE MUG WARMER PINK,1564.8300000000002,565,65,2.769610619469027
21744,SNOWFLAKE PORTABLE TABLE LIGHT ,1563.5500000000002,531,127,2.9445386064030137
84971S,SMALL HEART FLOWERS HOOK ,1561.6999999999998,1786,172,0.8744120940649495
22818,CARD CHRISTMAS VILLAGE,1560.48,3657,244,0.4267104183757178
22675,FRENCH KITCHEN SIGN BLUE METAL,1558.91,1243,164,1.2541512469831055
20665,RED RETROSPOT PURSE ,1546.2700000000002,461,156,3.3541648590021698
20985,HEART CALCULATOR,1545.59,1183,131,1.3065004226542687
22982,PANTRY PASTRY BRUSH,1545.02,1155,212,1.3376796536796536
22600,CHRISTMAS RETROSPOT STAR WOOD,1544.9299999999998,1700,193,0.9087823529411764
10133,COLOURING PENCILS BROWN TUBE,1544.22,2867,196,0.5386187652598535
22318,FIVE HEART HANGING DECORATION,1541.6200000000001,462,142,3.336839826839827
21898,POTTING SHED ROSE CANDLE,1541.11,493,25,3.1259837728194726
22176,BLUE OWL SOFT TOY,1539.8300000000002,513,115,3.001617933723197
22472,TV DINNER TRAY DOLLY GIRL,1536.91,322,107,4.773012422360249
22731,3D CHRISTMAS STAMPS STICKERS ,1536.24,1172,143,1.3107849829351537
23267,SET OF 4 SANTA PLACE SETTINGS,1531.95,1202,108,1.2745008319467555
21200,MULTICOLOUR HONEYCOMB PAPER GARLAND,1531.1399999999999,1119,75,1.3683109919571044
22828,REGENCY MIRROR WITH SHUTTERS,1530.0,10,7,153.0
84968E,SET OF 16 VINTAGE BLACK CUTLERY,1522.53,132,44,11.53431818181818
85049C,ROMANTIC PINKS RIBBONS ,1518.19,1217,224,1.2474856203779787
22530,MAGIC DRAWING SLATE DOLLY GIRL ,1517.72,3631,233,0.41798953456348115
22770,MIRROR CORNICE,1515.68,94,62,16.124255319148936
20668,DISCO BALL CHRISTMAS DECORATION,1512.92,12979,215,0.11656676169196395
21352,EUCALYPTUS & PINECONE  WREATH,1511.2600000000002,378,77,3.9980423280423287
22591,CARDHOLDER GINGHAM CHRISTMAS TREE,1509.41,413,86,3.6547457627118645
22471,TV DINNER TRAY AIR HOSTESS ,1506.97,420,105,3.5880238095238095
21361,LOVE LARGE WOOD LETTERS ,1505.96,106,69,14.207169811320755
22905,CALENDAR IN SEASON DESIGN,1505.24,582,110,2.586323024054983
23250,VINTAGE RED TRIM ENAMEL BOWL ,1501.03,1155,108,1.2995930735930736
21792,CLASSIC FRENCH STYLE BASKET GREEN ,1497.72,344,76,4.353837209302326
23280,FOLDING BUTTERFLY MIRROR HOT PINK ,1496.07,1868,152,0.8008940042826552
22802,FAUX FUR CHOCOLATE THROW,1494.69,88,49,16.985113636363636
23334,IVORY WICKER HEART SMALL,1491.75,2271,130,0.6568692206076618
72349B,SET/6 PURPLE BUTTERFLY T-LIGHTS,1490.89,731,114,2.0395212038303696
37342,POLKADOT COFFEE CUP & SAUCER PINK,1489.01,1570,109,0.9484140127388535
23559,WOODLAND BUNNIES LOLLY MAKERS,1488.65,652,124,2.283205521472393
84580,MOUSE TOY WITH PINK T-SHIRT,1486.18,390,165,3.810717948717949
23271,CHRISTMAS TABLE SILVER CANDLE SPIKE,1486.1,1718,103,0.8650174621653084
23392,SPACEBOY ROCKET LOLLY MAKERS,1485.43,667,113,2.2270314842578713
35924,HANGING FAIRY CAKE DECORATION,1484.3,820,72,1.8101219512195121
21327,SKULLS WRITING SET ,1484.1299999999999,864,252,1.7177430555555555
21829,DINOSAUR KEYRINGS ASSORTED,1483.4199999999998,6873,177,0.21583296959115378
22203,MILK PAN RED RETROSPOT,1483.13,403,145,3.680223325062035
21619,4 VANILLA BOTANICAL CANDLES,1481.4,978,164,1.5147239263803682
21447,12 IVORY ROSE PEG PLACE SETTINGS,1478.1,969,148,1.5253869969040246
21470,FLOWER VINE RAFFIA FOOD COVER,1477.82,383,140,3.8585378590078325
22664,TOY TIDY DOLLY GIRL DESIGN,1472.85,713,162,2.0657082748948103
23034,DRAWER KNOB CERAMIC BLACK,1466.07,991,88,1.4793844601412713
23365,SET 12 COLOUR PENCILS LOVE LONDON,1464.38,1859,169,0.7877245831091986
22713,CARD I LOVE LONDON ,1462.56,3501,217,0.4177549271636675
21705,BAG 500g SWIRLY MARBLES,1462.1699999999998,1459,141,1.0021727210418094
84818,DANISH ROSE PHOTO FRAME,1461.6,1424,99,1.0264044943820223
23470,CARD HOLDER LOVE BIRD LARGE ,1460.5,232,84,6.295258620689655
21872,GLAMOROUS  MUG,1459.98,1296,142,1.1265277777777778
15044A,PINK PAPER PARASOL ,1456.72,464,102,3.13948275862069
22939,APRON APPLE DELIGHT,1456.69,287,80,5.0755749128919865
22696,WICKER WREATH LARGE,1456.4499999999998,731,151,1.9924076607387138
22461,SAVOY ART DECO CLOCK,1453.5800000000002,239,53,6.081924686192469
21620,SET OF 4 ROSE BOTANICAL CANDLES,1451.99,897,165,1.6187179487179488
21191,LARGE WHITE HONEYCOMB PAPER BELL  ,1451.82,562,95,2.583309608540925
23086,ZINC  STAR T-LIGHT HOLDER ,1445.18,1220,46,1.1845737704918033
84031B,CHARLIE LOLA BLUE HOT WATER BOTTLE ,1440.3700000000001,304,143,4.738059210526316
85054,FRENCH ENAMEL POT W LID,1436.5300000000002,589,115,2.4389303904923603
23057,BEADED CHANDELIER T-LIGHT HOLDER,1435.8200000000002,698,38,2.0570487106017192
22182,CAKE STAND VICTORIAN FILIGREE SMALL,1430.48,374,122,3.824812834224599
15058C,ICE CREAM DESIGN GARDEN PARASOL,1429.82,240,72,5.957583333333333
22306,SILVER MUG BONE CHINA TREE OF LIFE,1428.57,1174,111,1.216839863713799
23249,VINTAGE RED ENAMEL TRIM PLATE,1426.1,842,80,1.6937054631828978
22922,FRIDGE MAGNETS US DINER ASSORTED,1422.8999999999999,1587,102,0.8965973534971644
22458,CAST IRON HOOK GARDEN FORK,1421.83,523,23,2.718604206500956
21407,BROWN CHECK CAT DOORSTOP ,1421.11,290,138,4.900379310344827
22285,HANGING HEN ON NEST DECORATION,1420.4699999999998,829,114,1.713474065138721
22976,CIRCUS PARADE CHILDRENS EGG CUP ,1420.26,1091,143,1.3017965169569203
22714,CARD BIRTHDAY COWBOY,1415.73,3487,225,0.40600229423573275
22576,SWALLOW WOODEN CHRISTMAS DECORATION,1415.31,1539,173,0.9196296296296296
51014C,"FEATHER PEN,COAL BLACK",1415.09,2711,174,0.5219808188860199
21363,HOME SMALL WOOD LETTERS,1413.8400000000001,245,125,5.770775510204082
22531,MAGIC DRAWING SLATE CIRCUS PARADE  ,1413.25,3384,200,0.41762706855791965
82567,"AIRLINE LOUNGE,METAL SIGN",1412.27,713,291,1.9807433380084152
22436,12 COLOURED PARTY BALLOONS,1412.16,2155,163,0.6552946635730859
84536A,ENGLISH ROSE NOTEBOOK A7 SIZE,1409.8999999999999,3138,341,0.44929891650732945
22915,ASSORTED BOTTLE TOP  MAGNETS ,1406.42,3152,184,0.4461992385786802
23119,PACK OF 6 LARGE FRUIT STRAWS ,1402.32,2283,151,0.6142444152431011
23055,IVORY CHANDELIER T-LIGHT HOLDER,1401.43,658,38,2.1298328267477205
21424,WOODLAND STORAGE BOX LARGE ,1401.02,346,70,4.049190751445087
22443,GROW YOUR OWN HERBS SET OF 3,1399.69,165,90,8.482969696969697
22047,EMPIRE GIFT WRAP,1394.5,3425,106,0.40715328467153283
84813,SET OF 4 DIAMOND NAPKIN RINGS,1393.79,166,38,8.396325301204818
21537,RED RETROSPOT PUDDING BOWL,1392.21,333,61,4.180810810810811
84795B,SUNSET CHECK HAMMOCK,1390.64,176,48,7.901363636363637
23376,PACK OF 12 VINTAGE CHRISTMAS TISSUE,1389.59,3051,155,0.45545394952474594
21519,GIN & TONIC DIET GREETING CARD ,1389.22,3299,246,0.4211033646559564
21382,SET/4 SPRING FLOWER DECORATION,1389.08,1148,128,1.21
22677,FRENCH BLUE METAL DOOR SIGN 2,1389.07,1001,188,1.3876823176823176
22063,CERAMIC BOWL WITH STRAWBERRY DESIGN,1388.1000000000001,590,120,2.3527118644067797
22071,SMALL WHITE RETROSPOT MUG IN BOX ,1388.05,730,86,1.9014383561643835
22735,RIBBON REEL SOCKS AND MITTENS,1387.46,746,136,1.8598659517426275
22299,PIG KEYRING WITH LIGHT & SOUND ,1386.97,1379,80,1.0057795503988398
21071,VINTAGE BILLBOARD DRINK ME MUG,1385.28,995,177,1.3922412060301508
22363,GLASS JAR MARMALADE ,1383.75,481,81,2.876819126819127
21123,SET/10 IVORY POLKADOT PARTY CANDLES,1383.34,1145,154,1.2081572052401746
22609,PENS ASSORTED SPACEBALL,1381.78,5946,155,0.23238816010763538
23104,IVORY CAFE HANGING LAMP ,1380.42,116,45,11.900172413793104
21820,GLITTER HEART GARLAND WITH BELLS ,1379.72,332,90,4.155783132530121
23414,ZINC BOX SIGN HOME,1378.75,141,64,9.77836879432624
23546,WRAP PAISLEY PARK ,1375.5,3275,120,0.42
23536,WALL ART VILLAGE SHOW ,1369.71,240,67,5.7071250000000004
23000,TRAVEL CARD WALLET TRANSPORT,1369.12,3171,278,0.4317628508356985
85227,SET OF 6 3D KIT CARDS FOR KIDS,1368.75,1488,223,0.9198588709677419
22304,COFFEE MUG BLUE PAISLEY DESIGN,1368.18,767,61,1.78380704041721
22716,CARD CIRCUS PARADE,1365.95,3213,288,0.42513227513227514
22949,36 DOILIES DOLLY GIRL,1365.29,923,90,1.479187432286024
23221,REINDEER HEART DECORATION SILVER,1363.87,1537,145,0.8873584905660377
85232B,SET OF 3 BABUSHKA STACKING TINS,1361.25,275,13,4.95
22911,PAPER CHAIN KIT LONDON,1361.0400000000002,464,94,2.933275862068966
23469,CARD HOLDER LOVE BIRD SMALL,1355.24,332,72,4.082048192771085
21039,RED RETROSPOT SHOPPING BAG,1353.6899999999998,523,90,2.5883173996175906
22754,SMALL RED BABUSHKA NOTEBOOK ,1352.1699999999998,1953,266,0.6923553507424475
21686,MEDINA STAMPED METAL STOOL,1351.64,35,20,38.61828571428572
21615,4 LAVENDER BOTANICAL DINNER CANDLES,1349.17,892,135,1.5125224215246638
22421,LIPSTICK PEN FUSCHIA,1347.52,2598,213,0.5186759045419553
22399,MAGNETS PACK OF 4 CHILDHOOD MEMORY,1347.08,1152,98,1.1693402777777777
21987,PACK OF 6 SKULL PAPER CUPS,1346.65,2113,171,0.6373166114529106
22917,HERB MARKER ROSEMARY,1344.77,1944,240,0.6917541152263375
22073,RED RETROSPOT STORAGE JAR,1343.64,336,69,3.998928571428572
22912,YELLOW COAT RACK PARIS FASHION,1342.39,287,100,4.677317073170732
22293,HANGING CHICK GREEN DECORATION,1341.6699999999998,907,122,1.4792392502756337
84828,JUNGLE POPSICLES ICE LOLLY MOULDS,1341.3700000000001,962,153,1.3943555093555096
23232,WRAP VINTAGE PETALS  DESIGN,1338.0,3300,104,0.40545454545454546
21624,VINTAGE UNION JACK DOORSTOP,1337.51,217,95,6.163640552995392
21246,RED RETROSPOT BIG BOWL,1336.78,286,96,4.674055944055944
23538,WALL ART VINTAGE HEART,1334.49,332,32,4.019548192771085
72802A,ROSE SCENT CANDLE IN JEWELLED BOX,1334.16,324,63,4.117777777777778
22650,CERAMIC PIRATE CHEST MONEY BANK,1333.75,860,143,1.5508720930232558
22742,MAKE YOUR OWN PLAYTIME CARD KIT,1333.21,643,101,2.073421461897356
22362,GLASS JAR PEACOCK BATH SALTS,1329.44,408,133,3.25843137254902
23040,PAPER LANTERN 9 POINT SNOW STAR ,1325.03,241,37,5.49804979253112
85183B,CHARLIE & LOLA WASTEPAPER BIN FLORA,1323.37,996,118,1.3286847389558232
23405,HOME SWEET HOME 2 DRAWER CABINET,1321.38,254,70,5.202283464566929
22916,HERB MARKER THYME,1316.16,1908,237,0.6898113207547171
21179,NO JUNK MAIL METAL SIGN,1315.43,1942,266,0.6773583934088568
23373,VINTAGE CHRISTMAS PAPER GIFT BAG,1313.3899999999999,1608,100,0.8167848258706467
37447,CERAMIC CAKE DESIGN SPOTTED PLATE,1313.28,820,115,1.601560975609756
90057,DIAMANTE RING ASSORTED IN BOX.,1311.3600000000001,1008,22,1.300952380952381
22028,PENNY FARTHING BIRTHDAY CARD,1309.18,3054,262,0.4286771447282253
21195,PINK  HONEYCOMB PAPER BALL ,1308.56,693,80,1.888253968253968
22686,FRENCH BLUE METAL DOOR SIGN No,1308.38,993,158,1.3176032225579055
85199S,SMALL HANGING IVORY/RED WOOD BIRD,1305.25,2667,261,0.48940757405324337
21064,BOOM BOX SPEAKER BOYS,1301.55,301,101,4.324086378737541
21627,ELEPHANT CARNIVAL POUFFE,1299.83,63,47,20.63222222222222
22439,6 ROCKET BALLOONS ,1297.1200000000001,1904,197,0.6812605042016807
21793,CLASSIC FRENCH STYLE BASKET BROWN,1296.6100000000001,304,74,4.265164473684211
22310,IVORY KNITTED MUG COSY ,1296.23,668,109,1.9404640718562876
21866,UNION JACK FLAG LUGGAGE TAG,1296.13,750,193,1.7281733333333336
21408,SPOTTY PINK DUCK DOORSTOP,1295.21,289,117,4.481695501730104
21422,PORCELAIN ROSE SMALL,1295.0,1607,63,0.805849408836341
22372,AIRLINE BAG VINTAGE WORLD CHAMPION ,1289.49,279,147,4.6218279569892475
21616,4 PEAR BOTANICAL DINNER CANDLES,1288.34,822,138,1.5673236009732359
84012,MAGIC SHEEP WOOL GROWING FROM PAPER,1283.99,1265,115,1.0150118577075098
21901,"KEY FOB , BACK DOOR ",1280.49,1832,308,0.698957423580786
23061,VINTAGE EMBOSSED HEART,1280.18,973,113,1.315704008221994
22918,HERB MARKER PARSLEY,1278.6000000000001,1874,238,0.6822838847385273
21090,SET/6 COLLAGE PAPER PLATES,1278.23,2421,217,0.5279760429574556
47480,HANGING PHOTO CLIP ROPE LADDER,1277.4699999999998,748,86,1.7078475935828874
23072,MARIE ANTOINETTE TRINKET BOX SILVER,1273.76,334,30,3.8136526946107785
85059,FRENCH ENAMEL WATER BASIN,1273.11,411,128,3.097591240875912
21211,SET OF 72 SKULL PAPER  DOILIES,1271.52,884,103,1.4383710407239818
21902,"KEY FOB , FRONT  DOOR ",1270.8200000000002,1975,210,0.6434531645569621
21897,POTTING SHED CANDLE CITRONELLA,1268.1899999999998,405,3,3.131333333333333
47503A,ASS FLORAL PRINT MULTI SCREWDRIVER,1264.2,2758,163,0.45837563451776653
23511,EMBROIDERED RIBBON REEL EMILY ,1256.17,573,98,2.1922687609075044
22572,ROCKING HORSE GREEN CHRISTMAS ,1255.72,1393,179,0.9014501076812634
22977,DOLLY GIRL CHILDRENS EGG CUP,1253.86,951,135,1.318464773922187
23237,SET OF 4 KNICK KNACK TINS LEAVES ,1253.7800000000002,306,54,4.097320261437909
23067,HANGING ENGRAVED METAL HEART,1249.1100000000001,297,78,4.205757575757576
71038,WHITE HANGING BEADS CANDLE HOLDER,1244.95,239,47,5.2089958158995815
23071,MARIE ANTOINETTE TRINKET BOX GOLD,1242.6,318,18,3.9075471698113207
21262,WHITE GOOSE FEATHER CHRISTMAS TREE ,1242.0600000000002,335,78,3.7076417910447765
22074,6 RIBBONS SHIMMERING PINKS ,1241.32,1403,199,0.8847612259444048
22442,GROW YOUR OWN FLOWERS SET OF 3,1241.3,296,78,4.1935810810810805
23138,SINGLE WIRE HOOK IVORY HEART,1238.76,884,82,1.4013122171945702
21175,GIN AND TONIC DIET METAL SIGN,1237.5,498,50,2.4849397590361444
22603,CHRISTMAS RETROSPOT TREE WOOD,1237.08,1389,171,0.8906263498920086
22338,STAR DECORATION PAINTED ZINC ,1234.67,4683,180,0.2636493700619261
72817,SET OF 2 CHRISTMAS DECOUPAGE CANDLE,1232.27,1212,161,1.0167244224422443
22919,HERB MARKER MINT,1224.46,1757,240,0.696903813318156
22613,PACK OF 20 SPACEBOY NAPKINS,1222.61,1538,145,0.7949349804941481
22575,METAL MERRY CHRISTMAS WREATH,1222.07,639,90,1.9124726134585288
22315,200 RED + WHITE BENDY STRAWS,1221.43,918,172,1.3305337690631809
23142,IVORY WIRE KITCHEN ORGANISER,1220.8200000000002,121,40,10.089421487603307
82578,KITCHEN METAL SIGN,1218.95,2060,305,0.5917233009708738
23598,PAPER BUNTING VINTAGE PARTY,1218.48,428,47,2.8469158878504675
82599,FANNY'S REST STOPMETAL SIGN,1217.73,508,141,2.3971062992125987
22711,WRAP CIRCUS PARADE,1213.34,2927,103,0.4145336522036214
72800E,4 IVORY DINNER CANDLES SILVER FLOCK,1213.29,541,136,2.2426802218114603
22589,CARDHOLDER GINGHAM STAR,1212.82,379,79,3.200052770448549
21846,PINK DIAMANTE PEN IN GIFT BOX,1206.97,424,103,2.846627358490566
22168,ORGANISER WOOD ANTIQUE WHITE ,1205.3,143,76,8.428671328671328
84884A,ANT WHITE WIRE HEART SPIRAL,1201.91,301,78,3.993056478405316
23026,DRAWER KNOB VINTAGE GLASS STAR,1201.04,557,62,2.1562657091561936
23444,Next Day Carriage,1200.0,79,79,15.189873417721518
22929,SCHOOL DESK AND CHAIR ,1199.75,19,13,63.14473684210526
21986,PACK OF 12 PINK POLKADOT TISSUES,1197.73,4067,189,0.29449963117777234
21899,"KEY FOB , GARAGE DESIGN",1193.46,1904,131,0.6268172268907564
22081,RIBBON REEL FLORA + FAUNA ,1193.0,654,138,1.8241590214067278
22453,MEASURING TAPE BABUSHKA BLUE,1191.69,444,78,2.6839864864864866
22755,SMALL PURPLE BABUSHKA NOTEBOOK ,1190.51,1690,251,0.7044437869822485
21070,VINTAGE BILLBOARD MUG ,1186.23,1107,107,1.0715718157181573
22921,HERB MARKER CHIVES ,1184.1200000000001,1721,209,0.688041836141778
23539,WALL ART LOVES' SECRET ,1180.35,239,39,4.938702928870293
22597,MUSICAL ZINC HEART DECORATION ,1179.8799999999999,2764,176,0.42687409551374816
23225,CHERUB HEART DECORATION SILVER ,1177.0,1356,88,0.8679941002949852
21628,TRIANGULAR POUFFE VINTAGE ,1176.6000000000001,64,33,18.384375000000002
23431,NATURAL HANGING QUILTED HEARTS ,1175.3799999999999,1454,72,0.8083768913342503
85039B,S/4 IVORY MINI ROSE CANDLE IN BOWL,1174.6299999999999,806,172,1.4573573200992553
20984,12 PENCILS TALL TUBE POSY,1173.8999999999999,3812,170,0.30794858342077647
21742,LARGE ROUND WICKER PLATTER ,1173.53,195,91,6.018102564102564
21065,BOOM BOX SPEAKER GIRLS,1172.48,564,90,2.0788652482269505
22924,FRIDGE MAGNETS LA VIE EN ROSE,1169.8999999999999,1313,87,0.8910129474485909
22757,LARGE RED BABUSHKA NOTEBOOK ,1168.99,1097,163,1.0656244302643574
23418,LAVENDER TOILETTE BOTTLE,1168.08,558,79,2.0933333333333333
84313C,ORANGE TV TRAY TABLE ,1165.9099999999999,504,43,2.3133134920634917
23508,MINI PLAYING CARDS DOLLY GIRL ,1165.13,2631,120,0.44284682630178646
23515,EMBROIDERED RIBBON REEL DAISY ,1164.98,579,71,2.012055267702936
23269,SET OF 2 CERAMIC CHRISTMAS TREES,1163.1299999999999,786,94,1.4798091603053434
22334,DINOSAUR PARTY BAG + STICKER SET,1160.7099999999998,707,101,1.6417397454031115
22680,FRENCH BLUE METAL DOOR SIGN 5,1160.29,844,153,1.3747511848341232
22708,WRAP DOLLY GIRL,1160.0,2800,100,0.4142857142857143
23566,EGG CUP MILKMAID HEIDI,1159.43,883,83,1.3130577576443943
20801,LARGE PINK GLASS SUNDAE DISH,1157.8,1013,81,1.1429417571569596
23507,MINI PLAYING CARDS BUFFALO BILL ,1156.51,2884,119,0.40100901525658805
85132B,CHARLIE AND LOLA TABLE TINS,1156.1699999999998,529,75,2.1855765595463135
21773,DECORATIVE ROSE BATHROOM BOTTLE,1154.17,1170,163,0.9864700854700855
22678,FRENCH BLUE METAL DOOR SIGN 3,1152.81,844,160,1.365888625592417
21774,DECORATIVE CATS BATHROOM BOTTLE,1152.4,1095,186,1.052420091324201
22325,MOBILE VINTAGE HEARTS ,1151.3,250,93,4.6052
20956,PORCELAIN T-LIGHT HOLDERS ASSORTED,1149.02,824,101,1.3944417475728155
85106,CUT GLASS HEXAGON T-LIGHT HOLDER,1147.4099999999999,651,20,1.7625345622119812
22320,BIRDS MOBILE VINTAGE DESIGN,1147.27,189,73,6.07021164021164
22497,SET OF 2 TINS VINTAGE BATHROOM ,1145.15,225,100,5.089555555555556
21043,APRON MODERN VINTAGE COTTON,1143.76,494,90,2.3153036437246963
21693,SMALL HAMMERED SILVER CANDLEPOT ,1143.3100000000002,373,50,3.065174262734585
21947,SET OF 6 HEART CHOPSTICKS,1142.15,813,152,1.4048585485854859
22376,AIRLINE BAG VINTAGE JET SET WHITE,1141.7,254,122,4.4948818897637794
21395,BLUE POLKADOT BEAKER ,1141.3999999999999,2844,90,0.4013361462728551
22923,FRIDGE MAGNETS LES ENFANTS ASSORTED,1140.97,1372,80,0.8316107871720116
23506,MINI PLAYING CARDS SPACEBOY ,1139.2,2747,146,0.4147069530396797
22581,WOOD STOCKING CHRISTMAS SCANDISPOT,1138.98,1571,177,0.7250031826861871
22094,RED RETROSPOT TISSUE BOX,1138.2,2172,200,0.5240331491712708
84912B,GREEN ROSE WASHBAG,1136.6,324,160,3.5080246913580244
22416,SET OF 36 DOILIES SPACEBOY DESIGN ,1135.3999999999999,817,68,1.3897184822521418
22446,PIN CUSHION BABUSHKA PINK,1135.18,439,133,2.5858314350797267
85159B,"WHITE TEA,COFFEE,SUGAR JARS",1134.5,622,59,1.8239549839228295
22155,STAR DECORATION RUSTIC,1134.45,2454,142,0.46228606356968216
22153,ANGEL DECORATION STARS ON DRESS,1134.25,2653,131,0.42753486618921976
22539,MINI JIGSAW DOLLY GIRL,1130.58,2921,136,0.3870523793221499
85087,CANDY SPOT CUSHION COVER,1129.99,339,125,3.3333038348082598
47585A,PINK FAIRY CAKE CUSHION COVER,1129.44,264,83,4.278181818181818
21830,ASSORTED CREEPY CRAWLIES,1127.23,2669,99,0.42234170101161483
22211,WOOD STAMP SET FLOWERS,1124.04,1009,196,1.114013875123885
22815,CARD PSYCHEDELIC APPLES,1123.8799999999999,2640,268,0.42571212121212115
84944,SET OF 6 KASHMIR FOLKART BAUBLES,1121.9099999999999,711,83,1.5779324894514766
47580,TEA TIME DES TEA COSY,1121.82,390,110,2.8764615384615384
22608,PENS ASSORTED FUNKY JEWELED ,1121.48,5247,144,0.21373737373737375
21809,CHRISTMAS HANGING TREE WITH BELL,1119.56,1966,117,0.5694608341810783
23510,MINI PLAYING CARDS GYMKHANA,1119.22,2522,120,0.4437827121332276
22060,LARGE CAKE STAND HANGING HEARTS,1118.95,233,34,4.802360515021459
23411, TRELLIS COAT RACK,1118.6100000000001,227,56,4.9277973568281945
21984,PACK OF 12 PINK PAISLEY TISSUES ,1116.9499999999998,3473,212,0.3216095594586812
21466,RED FLOWER CROCHET FOOD COVER,1116.89,304,112,3.6739802631578953
22997,TRAVEL CARD WALLET UNION JACK,1115.93,2595,222,0.4300308285163777
22817,CARD SUKI BIRTHDAY,1114.81,2639,290,0.4224365289882531
23513,EMBROIDERED RIBBON REEL SUSIE ,1114.26,566,70,1.9686572438162544
22758,LARGE PURPLE BABUSHKA NOTEBOOK  ,1112.75,1197,178,0.9296157059314955
22342,HOME GARLAND PAINTED ZINC ,1111.58,997,128,1.1149247743229689
23375,50'S CHRISTMAS PAPER GIFT BAG,1108.8899999999999,1352,103,0.8201849112426035
23433,HANGING QUILTED PATCHWORK APPLES,1108.58,1258,89,0.8812241653418124
22444,GROW YOUR OWN PLANT IN A CAN ,1107.87,839,57,1.3204648390941596
85116,BLACK CANDELABRA T-LIGHT HOLDER,1106.88,941,89,1.1762805526036133
85127,SMALL SQUARE CUT GLASS CANDLESTICK,1106.54,187,51,5.917326203208556
22984,CARD GINGHAM ROSE ,1106.17,2717,163,0.40712918660287084
85114A,BLACK ENCHANTED FOREST PLACEMAT,1105.21,649,56,1.7029429892141756
85036C,ROSE 1 WICK MORRIS BOXED CANDLE,1104.8600000000001,758,84,1.4575989445910291
22819,"BIRTHDAY CARD, RETRO SPOT",1104.81,2608,270,0.42362346625766867
22221,CAKE STAND LOVEBIRD 2 TIER PINK,1104.54,131,51,8.431603053435115
21824,PAINTED METAL STAR WITH HOLLY BELLS,1102.81,1917,117,0.5752790818988002
21688,SILVER PLATE CANDLE BOWL SMALL,1101.2800000000002,348,57,3.1645977011494257
22309,TEA COSY RED  STRIPE,1093.6,370,121,2.9556756756756752
23087,ZINC  HEART T-LIGHT HOLDER,1090.66,868,69,1.256520737327189
23432,PRETTY HANGING QUILTED HEARTS,1090.02,1278,74,0.8529107981220657
21818,GLITTER HEART DECORATION,1088.98,2470,142,0.4408825910931174
15056bl,EDWARDIAN PARASOL BLACK,1086.88,87,62,12.492873563218392
23102,SILVER HEARTS TABLE DECORATION,1086.6499999999999,1288,157,0.843672360248447
21469,POLKA DOT RAFFIA FOOD COVER,1085.32,290,89,3.7424827586206892
21991,BOHEMIAN COLLAGE STATIONERY SET,1080.82,635,211,1.7020787401574802
21224,SET/4 SKULL BADGES,1080.0,914,165,1.1816192560175054
84459B,YELLOW METAL CHICKEN HEART ,1079.67,721,91,1.4974618585298198
51014L,"FEATHER PEN,LIGHT PINK",1079.34,2071,149,0.521168517624336
23347,I LOVE LONDON BEAKER,1077.3,860,97,1.252674418604651
22611,VINTAGE UNION JACK SHOPPING BAG,1077.03,225,46,4.7867999999999995
22245,"HOOK, 1 HANGER ,MAGIC GARDEN",1070.85,1263,98,0.8478622327790973
23041,PAPER LANTERN 9 POINT SNOW STAR,1070.5800000000002,246,48,4.351951219512196
21288,STRIPEY CHOCOLATE NESTING BOXES,1070.26,358,110,2.9895530726256982
22123,PING MICROWAVE APRON,1069.1699999999998,509,122,2.1005304518664043
35648,VINTAGE BEAD PINK PURSE ,1068.32,981,128,1.0890112130479102
21819,GLITTER CHRISTMAS STAR ,1067.82,2473,124,0.4317913465426607
82001S,SILVER RECORD COVER FRAME,1067.76,287,26,3.720418118466899
23033,DRAWER KNOB CERAMIC RED,1067.6,720,74,1.4827777777777778
21391,FRENCH LAVENDER SCENT HEART,1064.44,1079,106,0.9865060240963855
23516,EMBROIDERED RIBBON REEL SOPHIE  ,1062.35,297,42,3.5769360269360266
23331,DECORATIVE WICKER HEART SMALL,1062.28,1596,109,0.6655889724310777
22995,TRAVEL CARD WALLET SUKI,1062.0,2389,266,0.44453746337379657
20931,BLUE POT PLANT CANDLE ,1060.9,299,68,3.548160535117057
84459A,PINK METAL CHICKEN HEART ,1059.67,717,91,1.4779218967921899
22438,BALLOON ART MAKE YOUR OWN FLOWERS,1058.69,1022,98,1.0359001956947163
85035B,CHOCOLATE 3 WICK MORRIS BOX CANDLE,1058.35,620,70,1.7070161290322579
22190,LOCAL CAFE MUG,1057.71,676,116,1.5646597633136095
23402,HOME SWEET HOME 3 PEG HANGER ,1057.28,272,64,3.8870588235294115
23529,DOLLY GIRL WALL ART,1055.94,318,11,3.320566037735849
21464,DISCO BALL ROTATOR BATTERY OPERATED,1055.25,249,105,4.2379518072289155
21949,SET OF 6 STRAWBERRY CHOPSTICKS,1054.44,801,144,1.3164044943820226
22152,PLACE SETTING WHITE STAR,1053.5,2408,105,0.4375
16016,LARGE CHINESE STYLE SCISSOR,1053.45,1273,65,0.8275333857030637
23327,HANGING CLEAR MINI BOTTLE,1051.14,1734,41,0.6061937716262976
22066,LOVE HEART TRINKET POT,1051.05,2255,135,0.4660975609756097
16237,SLEEPING CAT ERASERS,1048.56,4994,290,0.2099639567480977
21508,VINTAGE KID DOLLY CARD ,1046.98,2490,213,0.42047389558232934
23419,HOME SWEET HOME BOTTLE ,1045.8,474,86,2.2063291139240504
23542,70'S ALPHABET WALL ART,1043.1,150,15,6.954
22163,HEART STRING MEMO HOLDER HANGING,1042.78,875,122,1.1917485714285714
85180A,RED HEARTS LIGHT CHAIN ,1042.66,503,63,2.0728827037773363
23231,WRAP  VINTAGE DOILY ,1039.08,2474,94,0.42
22808,SET OF 6 T-LIGHTS EASTER CHICKS,1038.8700000000001,345,75,3.0112173913043483
79302M,"ART LIGHTS,FUNK MONKEY",1037.54,370,62,2.804162162162162
21821,GLITTER STAR GARLAND WITH BELLS ,1037.05,251,62,4.131673306772909
22402,MAGNETS PACK OF 4 VINTAGE COLLAGE,1035.58,1723,151,0.6010330818340104
22024,RAINY LADIES BIRTHDAY CARD,1033.81,2430,213,0.4254362139917695
23088,ZINC HEART FLOWER T-LIGHT HOLDER,1033.28,795,79,1.2997232704402515
22091,EMPIRE TISSUE BOX,1033.22,1991,167,0.5189452536413862
21788,KIDS RAIN MAC BLUE,1032.6399999999999,1297,85,0.7961757902852736
22860,EASTER TIN CHICKS PINK DAISY,1032.62,598,107,1.7267892976588628
20967,GREY FLORAL FELTCRAFT SHOULDER BAG,1031.69,266,83,3.878533834586466
21803,CHRISTMAS TREE STAR DECORATION,1031.56,2390,198,0.43161506276150624
22231,JIGSAW TREE WITH BIRDHOUSE,1029.76,1000,144,1.02976
21679,SKULLS  STICKERS,1028.58,1140,138,0.9022631578947368
15044C,PURPLE PAPER PARASOL,1025.94,314,88,3.2673248407643314
22614,PACK OF 12 SPACEBOY TISSUES,1024.8999999999999,3034,219,0.33780487804878045
22679,FRENCH BLUE METAL DOOR SIGN 4,1024.28,741,152,1.3822941970310392
20966,SANDWICH BATH SPONGE,1022.8,719,97,1.422531293463143
21188,3D HEARTS  HONEYCOMB PAPER GARLAND,1021.9000000000001,326,50,3.134662576687117
23452,HEART MINI PORTRAIT FRAME,1021.76,518,87,1.9725096525096526
23153,ZINC SWEETHEART WIRE LETTER RACK,1020.69,263,90,3.8809505703422054
22673,FRENCH GARDEN SIGN BLUE METAL,1019.83,794,131,1.2844206549118389
22459,CAST IRON HOOK GARDEN TROWEL,1018.19,386,25,2.63779792746114
23544,WALL ART MID CENTURY MODERN ,1015.78,164,20,6.193780487804878
23525,WALL ART BUFFALO BILL ,1014.8500000000001,335,37,3.0294029850746274
85039A,SET/4 RED MINI ROSE CANDLE IN BOWL,1013.92,706,162,1.4361473087818697
21617,4 LILY  BOTANICAL DINNER CANDLES,1013.01,528,102,1.9185795454545453
21354,TOAST ITS - BEST MUM,1010.21,801,95,1.2611860174781524
21198,WHITE HEART CONFETTI IN TUBE,1008.4699999999999,1029,71,0.9800485908649174
22279,POCKET BAG BLUE PAISLEY RED SPOT,1007.15,834,128,1.2076139088729017
23460,SWEETHEART WALL TIDY ,1007.0799999999999,108,43,9.324814814814815
72816,SET/3 CHRISTMAS DECOUPAGE CANDLES,1006.27,893,69,1.1268421052631579
21467,CHERRY CROCHET FOOD COVER,1004.39,264,104,3.804507575757576
22098,BOUDOIR SQUARE TISSUE BOX,1003.19,1994,172,0.5031043129388165
23121,PACK OF 6 COCKTAIL PARASOL STRAWS,1002.54,2506,111,0.4000558659217877
22695,WICKER WREATH SMALL,1001.49,741,123,1.3515384615384616
21355,TOAST ITS - I LOVE YOU ,998.83,794,120,1.2579722921914358
23533,WALL ART GARDEN HAVEN ,998.64,215,36,4.644837209302326
85232D,SET/3 DECOUPAGE STACKING TINS,997.47,194,69,5.14159793814433
22069,BROWN  PIRATE TREASURE CHEST ,996.8,416,146,2.396153846153846
23517,EMBROIDERED RIBBON REEL REBECCA ,996.38,334,63,2.9831736526946107
84558A,3D DOG PICTURE PLAYING CARDS,996.2600000000001,336,81,2.9650595238095243
23131,MISELTOE HEART WREATH CREAM,996.0000000000001,240,1,4.15
10125,MINI FUNKY DESIGN TAPES,994.84,1296,91,0.7676234567901234
22242,5 HOOK HANGER MAGIC TOADSTOOL,994.3799999999999,640,34,1.5537187499999998
21648,ASSORTED TUTTI FRUTTI SMALL PURSE,992.79,737,66,1.347069199457259
20886,BOX OF 9 PEBBLE CANDLES,988.18,486,103,2.033292181069959
23281,FOLDING BUTTERFLY MIRROR RED  ,985.88,1262,99,0.7812044374009509
35651,VINTAGE BEAD PINK SCARF ,985.8399999999999,451,58,2.1858980044345895
35471D,SET OF 3 BIRD LIGHT PINK FEATHER ,984.5699999999999,1862,223,0.5287701396348012
20802,SMALL GLASS SUNDAE DISH CLEAR,984.4699999999999,739,63,1.3321650879566982
23518,EMBROIDERED RIBBON REEL RACHEL ,983.3000000000001,362,44,2.7162983425414367
22500,SET OF 2 TINS JARDIN DE PROVENCE,980.7,253,96,3.876284584980237
21948,SET OF 6 CAKE CHOPSTICKS,979.48,641,153,1.52804992199688
22857,ASSORTED EASTER GIFT TAGS,977.7599999999999,1159,61,0.8436238136324417
23514,EMBROIDERED RIBBON REEL SALLY ,977.39,478,74,2.0447489539748953
23512,EMBROIDERED RIBBON REEL ROSIE,977.3199999999999,501,57,1.9507385229540917
85064,CREAM SWEETHEART LETTER RACK,976.25,215,30,4.540697674418604
22681,FRENCH BLUE METAL DOOR SIGN 6,973.15,710,126,1.3706338028169014
21112,"SWISS ROLL TOWEL, PINK  SPOTS",971.44,653,43,1.4876569678407352
84843,WHITE SOAP RACK WITH 2 BOTTLES,969.8000000000001,172,48,5.638372093023256
22307,GOLD MUG BONE CHINA TREE OF LIFE,969.64,770,74,1.2592727272727273
22209,WOOD STAMP SET HAPPY BIRTHDAY,968.3699999999999,950,173,1.019336842105263
21058,PARTY INVITES WOODLAND,968.2099999999999,1157,122,0.8368280034572169
22599,CHRISTMAS MUSICAL ZINC STAR,967.7599999999999,1953,123,0.4955248335893497
23183,MOTHER'S KITCHEN SPOON REST ,967.17,226,84,4.279513274336283
21389,IVORY HANGING DECORATION  BIRD,966.78,1116,128,0.8662903225806451
47504H,ENGLISH ROSE SPIRIT LEVEL ,964.38,978,118,0.9860736196319019
23107,WHITE HEARTS WIRE PLANT POT HOLDER,963.27,343,71,2.8083673469387755
70007,HI TEC ALPINE HAND WARMER,962.9599999999999,845,107,1.1395976331360946
22540,MINI JIGSAW CIRCUS PARADE ,960.86,2519,91,0.38144501786423185
22210,WOOD STAMP SET BEST WISHES,959.6999999999999,1019,187,0.9418056918547595
20846,ZINC HEART LATTICE T-LIGHT HOLDER,958.57,717,88,1.3369177126917713
22994,TRAVEL CARD WALLET RETROSPOT,958.2,2197,218,0.436140191169777
20733,GOLD MINI TAPE MEASURE ,958.06,1236,205,0.7751294498381877
23529,WALL ART DOLLY GIRL ,956.0500000000002,319,26,2.9970219435736682
23380,PACK OF 12 VINTAGE DOILY TISSUES,955.42,2272,119,0.42051936619718305
22262,FELT EGG COSY CHICKEN,953.8599999999999,1027,137,0.9287828627069132
84913A,SOFT PINK ROSE TOWEL ,952.83,273,124,3.4902197802197805
84819,DANISH ROSE ROUND SEWING BOX,951.79,811,62,1.173600493218249
22939,ADULT APRON APPLE DELIGHT,950.83,185,45,5.139621621621622
84509G,SET OF 4 FAIRY CAKE PLACEMATS ,950.49,517,66,1.8384719535783365
84596G,SMALL CHOCOLATES PINK BOWL,949.92,1857,245,0.511534733441034
21683,MEDIUM MEDINA STAMPED METAL BOWL ,948.7000000000002,310,58,3.060322580645162
21717,EASTER TIN BUCKET,946.93,408,41,2.320906862745098
15044B,BLUE PAPER PARASOL ,946.83,321,60,2.9496261682242992
47593B,SCOTTIE DOGS BABY BIB,946.13,1987,245,0.47616004026170106
22270,HAPPY EASTER HANGING DECORATION,945.9499999999999,244,53,3.876844262295082
21507,"ELEPHANT, BIRTHDAY CARD, ",945.46,2210,167,0.42780995475113126
23178,JAM CLOCK MAGNET,943.9200000000001,330,68,2.8603636363636364
22986,WRAP GINGHAM ROSE ,943.92,2276,82,0.4147275922671353
22246,MAGIC GARDEN FELT GARLAND ,939.3699999999999,419,89,2.2419331742243434
22132,RED LOVE HEART SHAPE CUP,939.03,1038,154,0.9046531791907514
35646,VINTAGE BEAD PINK EVENING BAG,937.25,619,94,1.514135702746365
22281,EASTER TREE YELLOW BIRDS,935.39,132,63,7.0862878787878785
20752,BLUE POLKADOT WASHING UP GLOVES,935.1500000000001,414,148,2.258816425120773
23540,WALL ART THE MAGIC FOREST ,933.16,148,13,6.305135135135135
20686,DOLLY MIXTURE CHILDREN'S UMBRELLA,932.42,270,77,3.4534074074074073
21462,"NURSERY A,B,C PAINTED LETTERS",932.4,198,73,4.709090909090909
22893,MINI CAKE STAND T-LIGHT HOLDER,931.02,1872,142,0.4973397435897436
21682,LARGE MEDINA STAMPED METAL BOWL ,930.96,182,55,5.115164835164835
23179,CLOCK MAGNET MUM'S KITCHEN,930.48,324,53,2.871851851851852
22046,TEA PARTY  WRAPPING PAPER ,929.0,2250,75,0.4128888888888889
22103,MIRROR MOSAIC T-LIGHT HOLDER ROUND,928.04,1260,26,0.7365396825396825
23099,FRENCH CARRIAGE LANTERN,925.35,137,58,6.754379562043796
23002,TRAVEL CARD WALLET SKULLS,925.29,2145,192,0.43137062937062937
85103,SILVER T-LIGHT SETTING,924.29,143,28,6.463566433566434
23527,ANIMALS AND NATURE WALL ART,923.97,267,17,3.460561797752809
22701,PINK DOG BOWL,922.89,549,115,1.6810382513661202
17091J,VANILLA INCENSE IN TIN,920.67,2084,95,0.44178023032629554
21802,CHRISTMAS TREE HEART DECORATION,920.4,2125,180,0.4331294117647059
85114C,RED ENCHANTED FOREST PLACEMAT,920.2199999999999,516,75,1.7833720930232557
72799E,IVORY PILLAR CANDLE SILVER FLOCK,919.94,452,76,2.0352654867256637
21786,POLKADOT RAIN HAT ,918.25,1940,226,0.4733247422680412
23338,EGG FRYING PAN RED ,915.4000000000001,431,109,2.123897911832947
85034A,3 GARDENIA MORRIS BOXED CANDLES,915.15,501,74,1.8266467065868264
23472, NINE DRAWER OFFICE TIDY,909.37,59,33,15.413050847457628
21894,POTTING SHED SEED ENVELOPES,908.33,597,130,1.521490787269682
23004,TRAVEL CARD WALLET PANTRY,906.9399999999999,2011,221,0.45098955743411234
37501,TEA TIME TEA SET IN GIFT BOX,906.83,133,49,6.818270676691729
22519,CHILDS GARDEN BRUSH PINK,906.7500000000001,411,88,2.206204379562044
84519A,TOMATO CHARLIE+LOLA COASTER SET,905.55,512,88,1.76865234375
85114B,IVORY ENCHANTED FOREST PLACEMAT,904.14,478,77,1.8915062761506276
23532,WALL ART WORK REST AND PLAY  ,901.58,210,31,4.293238095238095
85131A,BEADED PEARL HEART WHITE ON STICK,901.48,996,119,0.9051004016064257
22118,JOY WOODEN BLOCK LETTERS,901.46,232,89,3.8856034482758623
22106,MIRROR MOSAIC HURRICANE LAMP ,898.38,349,47,2.5741547277936965
21465,PINK FLOWER CROCHET FOOD COVER,897.8,237,79,3.7881856540084384
22277,COSMETIC BAG VINTAGE ROSE PAISLEY,897.74,417,100,2.152853717026379
22682,FRENCH BLUE METAL DOOR SIGN 7,896.75,677,113,1.3245937961595273
21631,HIPPY CHIC DECORATIVE PARASOL,896.01,169,27,5.301834319526627
22936,BAKING MOULD ROSE WHITE CHOCOLATE,895.97,279,50,3.211362007168459
22719,GUMBALL MONOCHROME COAT RACK,895.72,620,109,1.4447096774193549
21633,SUNFLOWER DECORATIVE PARASOL,895.46,125,42,7.16368
22761,CHEST 7 DRAWER MA CAMPAGNE,895.38,36,26,24.871666666666666
22814,CARD PARTY GAMES ,893.51,2141,235,0.4173330219523587
22251,BIRDHOUSE DECORATION MAGIC GARDEN,891.99,714,137,1.2492857142857143
21743,STAR PORTABLE TABLE LIGHT ,890.6,300,49,2.9686666666666666
84823,DANISH ROSE FOLDING CHAIR,890.4000000000001,112,25,7.950000000000001
21189,WHITE HONEYCOMB PAPER GARLAND ,888.67,355,72,2.503295774647887
21199,PINK  HEART CONFETTI IN TUBE,888.3299999999999,966,78,0.9195962732919254
84536B,FAIRY CAKES NOTEBOOK A7 SIZE,888.14,2102,178,0.42252140818268313
21209,MULTICOLOUR HONEYCOMB FAN,886.24,1224,89,0.7240522875816994
23528,SPACEBOY WALL ART,885.9000000000001,306,13,2.8950980392156866
22524,CHILDRENS GARDEN GLOVES BLUE,883.1999999999999,642,81,1.375700934579439
46776F,WOVEN ROSE GARDEN CUSHION COVER ,883.12,210,89,4.205333333333333
22317,FIVE CATS HANGING DECORATION,882.6200000000001,287,89,3.075331010452962
22321,BIRD DECORATION RED RETROSPOT,881.3299999999999,917,132,0.9611014176663031
85176,SEWING SUSAN 21 NEEDLE SET,880.4699999999999,918,172,0.9591176470588234
23479,WIRE EGG BASKET ,880.23,114,44,7.721315789473684
23502,PLAYING CARDS VINTAGE DOILY ,880.16,701,92,1.2555777460770328
84030e,ENGLISH ROSE HOT WATER BOTTLE,877.76,108,41,8.127407407407407
22308,TEA COSY BLUE STRIPE,877.38,250,105,3.50952
23423,PANTRY 3 HOOK ROLLING PIN HANGER,876.9,219,66,4.004109589041096
21695,SMALL SILVER FLOWER CANDLE POT,875.3800000000001,290,41,3.0185517241379314
21399,BLUE POLKADOT COFFEE MUG,874.29,2066,71,0.42318005808325265
22343,PARTY PIZZA DISH RED RETROSPOT,873.9,1977,94,0.4420333839150227
22565,FELTCRAFT HAIRBANDS PINK AND WHITE ,873.52,934,148,0.9352462526766595
22683,FRENCH BLUE METAL DOOR SIGN 8,871.49,644,119,1.3532453416149068
85049H,URBAN BLACK RIBBONS ,870.35,849,184,1.0251472320376915
23220,REINDEER HEART DECORATION GOLD,869.9799999999999,994,103,0.8752313883299798
21204,DAISIES  HONEYCOMB GARLAND ,868.4399999999999,499,85,1.7403607214428856
21708,FOLDING UMBRELLA CREAM POLKADOT,868.0600000000001,191,64,4.5448167539267015
23545,WRAP RED VINTAGE DOILY,866.0,2100,68,0.4123809523809524
22068,BLACK PIRATE TREASURE CHEST,863.38,531,143,1.6259510357815443
21359,RELAX LARGE WOOD LETTERS,860.23,130,29,6.617153846153847
84849D,HOT BATHS SOAP HOLDER,859.0,494,114,1.7388663967611335
21880,RED RETROSPOT TAPE,858.7800000000001,1903,240,0.4512769311613243
85135C,RED DRAGONFLY HELICOPTER,856.38,106,67,8.079056603773585
21823,PAINTED METAL HEART WITH HOLLY BELL,854.74,1373,97,0.6225345957756737
23525,BUFFALO BILL WALL ART ,852.72,248,16,3.4383870967741936
85183A,CHARLIE & LOLA WASTEPAPER BIN BLUE,852.04,667,86,1.2774212893553223
84535B,FAIRY CAKES NOTEBOOK A6 SIZE,850.2,1332,155,0.6382882882882883
84006,MAGIC TREE -PAPER FLOWERS,849.55,919,105,0.9244287268770403
22706,WRAP COWBOYS  ,847.94,2057,71,0.41222168206125426
22105,MIRROR MOSAIC GOBLET CANDLE HOLDER,847.82,574,33,1.4770383275261325
22537,MAGIC DRAWING SLATE DINOSAUR,844.84,1931,171,0.43751424132573796
22862,LOVE HEART NAPKIN BOX ,843.95,175,66,4.822571428571429
23564,EGG CUP MILKMAID INGRID,841.31,644,76,1.3063819875776397
22162,HEART GARLAND RUSTIC PADDED,841.24,264,91,3.1865151515151515
23551,PACK OF 12 PAISLEY PARK TISSUES ,841.01,1843,136,0.4563266413456321
37327,ASSTD MULTICOLOUR CIRCLES MUG,840.47,1579,81,0.5322799240025332
20839,FRENCH PAISLEY CUSHION COVER ,840.4399999999999,575,105,1.4616347826086955
21694,SMALL REGAL  SILVER CANDLEPOT ,840.33,307,24,2.7372312703583064
15034,PAPER POCKET TRAVELING FAN ,840.0200000000001,6591,138,0.12744955241996664
22276,WASH BAG VINTAGE ROSE PAISLEY,838.86,290,85,2.8926206896551725
84997a,CHILDRENS CUTLERY POLKADOT GREEN ,837.29,101,60,8.29
22254,FELT TOADSTOOL LARGE,836.8000000000001,657,61,1.273668188736682
21125,SET 6 FOOTBALL CELEBRATION CANDLES,834.73,660,103,1.2647424242424243
20986,BLUE CALCULATOR RULER,833.49,657,113,1.2686301369863013
23523,TREASURE AHOY WALL ART,833.46,270,16,3.0868888888888892
22587,FELTCRAFT HAIRBAND RED AND BLUE,833.0699999999999,921,161,0.9045276872964169
22217,T-LIGHT HOLDER HANGING LACE,832.51,840,82,0.9910833333333333
22102,MIRROR MOSAIC T-LIGHT HOLDER ,831.84,1622,31,0.5128483353884093
21642,ASSORTED TUTTI FRUTTI PEN,831.0199999999999,2472,101,0.336173139158576
21804,WHITE CHRISTMAS GARLAND STARS TREES,830.03,225,65,3.689022222222222
22454,MEASURING TAPE BABUSHKA RED,827.82,290,41,2.8545517241379312
22341,LOVE GARLAND PAINTED ZINC ,827.6299999999999,453,78,1.826997792494481
22249,DECORATION WHITE CHICK MAGIC GARDEN,826.46,944,145,0.8754872881355933
23017,APOTHECARY MEASURING JAR,826.28,67,22,12.332537313432836
21294,ETCHED GLASS COASTER,825.49,1618,71,0.5101915945611867
22093,MOTORING TISSUE BOX,824.08,1835,160,0.4490899182561308
85194L,HANGING SPRING FLOWER EGG LARGE,823.7399999999999,948,73,0.8689240506329112
21905,MORE BUTTER METAL SIGN ,823.71,761,160,1.0824047306176086
72818,CHRISTMAS DECOUPAGE CANDLE,821.98,1845,76,0.4455176151761518
21291,SMALL POLKADOT CHOCOLATE GIFT BAG ,819.64,943,52,0.8691834570519618
23186,FRENCH STYLE STORAGE JAR CAFE ,819.4599999999999,1982,70,0.41345105953582234
85169A,IVORY LOVE BIRD CANDLE,813.02,812,88,1.001256157635468
85049a,TRADITIONAL CHRISTMAS RIBBONS,812.84,244,36,3.3313114754098363
79191C,RETRO PLASTIC ELEPHANT TRAY,812.53,1105,65,0.7353212669683258
23022,SMALL BONNE JAM JAR  T-LIGHT HOLDER,808.16,422,22,1.9150710900473933
21789,KIDS RAIN MAC PINK,806.1999999999999,928,92,0.8687499999999999
84509B,SET OF 4 FAIRY CAKE PLACEMATS,806.04,217,79,3.714470046082949
22099,CARAVAN SQUARE TISSUE BOX,804.65,1446,153,0.5564661134163209
79160,HEART SHAPE WIRELESS DOORBELL,802.13,447,49,1.7944742729306487
23409,PHOTO FRAME LINEN AND LACE LARGE,801.6800000000001,215,43,3.728744186046512
22705,WRAP GREEN PEARS ,801.36,1908,77,0.42
22546,MINI JIGSAW PURDEY,800.4,2104,86,0.38041825095057036
23524,HORSE & PONY WALL ART,797.3100000000001,256,17,3.1144921875000002
85185B,PINK HORSE SOCK PUPPET,797.1400000000001,262,57,3.042519083969466
85170D,SET/6 PINK BIRD T-LIGHT CANDLES,796.99,451,100,1.7671618625277161
23487,SWEET HEART CAKE CARRIER,795.5799999999999,80,44,9.944749999999999
85035A,GARDENIA 3 WICK MORRIS BOXED CANDLE,795.05,279,81,2.8496415770609316
85173,SET/6 FROG PRINCE T-LIGHT CANDLES,795.02,479,86,1.6597494780793318
22566,FELTCRAFT HAIRBAND PINK AND PURPLE,794.88,879,150,0.9043003412969283
21162,TOXIC AREA  DOOR HANGER ,794.15,1465,162,0.5420819112627986
23335,EGG FRYING PAN IVORY ,792.86,378,96,2.0975132275132276
23106,ZINC HEARTS PLANT POT HOLDER,792.47,283,52,2.8002473498233216
23519,EMBROIDERED RIBBON REEL CLAIRE,792.31,224,24,3.537098214285714
22340,NOEL GARLAND PAINTED ZINC ,792.28,1411,128,0.5615024805102764
21504,SKULLS GREETING CARD,788.97,1915,115,0.41199477806788515
23568,EGG CUP HENRIETTA HEN CREAM ,787.52,630,48,1.250031746031746
21680,WOODLAND  STICKERS,786.31,868,103,0.9058870967741934
84279B,CHERRY BLOSSOM DECORATIVE FLASK,785.95,195,69,4.030512820512821
23115,RED APPLES CHOPPING BOARD   ,785.1700000000001,155,45,5.065612903225807
21158,MOODY GIRL DOOR HANGER ,783.8199999999999,1474,170,0.5317639077340569
21272,SALLE DE BAIN HOOK,783.8199999999999,553,103,1.4173960216998192
85163B,BLACK BAROQUE WALL CLOCK ,783.68,84,36,9.32952380952381
22518,CHILDS GARDEN BRUSH BLUE,783.5400000000001,363,81,2.1585123966942152
84660A,WHITE STITCHED WALL CLOCK,783.45,843,42,0.9293594306049823
85159A,"BLACK TEA,COFFEE,SUGAR JARS",783.3499999999999,453,47,1.72924944812362
22685,FRENCH BLUE METAL DOOR SIGN 0,780.8,594,99,1.3144781144781144
22451,SILK PURSE BABUSHKA RED,779.1500000000001,223,51,3.4939461883408076
22228,BUNNY WOODEN PAINTED WITH BIRD ,778.63,1001,147,0.7778521478521478
21983,PACK OF 12 BLUE PAISLEY TISSUES ,777.67,2301,155,0.33797044763146455
85231B,CINAMMON SET OF 9 T-LIGHTS,777.5799999999999,868,151,0.8958294930875575
85032A,ROMANTIC IMAGES GIFT WRAP SET,777.1400000000001,790,135,0.983721518987342
22422,TOOTHPASTE TUBE PEN,776.75,1274,205,0.6096938775510204
84509a,SET OF 4 ENGLISH ROSE PLACEMATS,775.84,104,68,7.46
22586,FELTCRAFT HAIRBAND PINK AND BLUE,774.55,856,161,0.9048481308411215
84519B,CARROT CHARLIE+LOLA COASTER SET,774.55,472,126,1.6409957627118643
22522,CHILDS GARDEN FORK BLUE ,774.29,932,128,0.8307832618025751
21084,SET/6 COLLAGE PAPER CUPS,773.14,2610,181,0.2962222222222222
21927,BLUE/CREAM STRIPE CUSHION COVER ,771.15,623,99,1.2378009630818618
21618,4 WILDFLOWER BOTANICAL CANDLES,770.87,406,91,1.8986945812807883
22133,PINK LOVE HEART SHAPE CUP,770.73,816,133,0.9445220588235295
84609,TALL ROCOCO CANDLE HOLDER,770.59,93,20,8.285913978494625
22252,BIRDCAGE DECORATION TEALIGHT HOLDER,770.32,650,67,1.1851076923076924
85125,SMALL ROUND CUT GLASS CANDLESTICK,770.2900000000001,163,33,4.725705521472393
21530,DAIRY MAID TOASTRACK,769.57,777,104,0.9904375804375805
22985,WRAP BILLBOARD FONTS DESIGN,769.02,1831,64,0.42
22986,GINGHAM ROSE WRAP,768.18,1829,73,0.42
23140,TRIPLE WIRE HOOK IVORY HEART,766.1,182,52,4.2093406593406595
22025,RING OF ROSES BIRTHDAY CARD,766.09,1847,130,0.414775311315647
84997b,RED 3 PIECE RETROSPOT CUTLERY SET,765.55,91,12,8.412637362637362
23006,TRAVEL CARD WALLET FLOWER MEADOW,765.27,1764,173,0.4338265306122449
22786,CUSHION COVER PINK UNION JACK,764.63,123,47,6.216504065040651
21707,FOLDING UMBRELLA BLACKBLUE POLKADOT,763.6600000000001,160,74,4.772875000000001
23550,WRAP ALPHABET POSTER  ,763.1,1855,64,0.4113746630727763
23458,DOLLY CABINET 3 DRAWERS ,762.4499999999999,51,30,14.95
85212,MINI PAINTED GARDEN DECORATION ,761.4,2476,79,0.3075121163166397
23025,DRAWER KNOB VINTAGE GLASS BALL,760.8000000000001,350,54,2.173714285714286
85130B,BEADED CRYSTAL HEART GREEN LARGE,760.4300000000001,834,62,0.9117865707434053
23123,COCKTAIL SWORDS 50 PIECES,760.4,936,95,0.8123931623931624
23524,WALL ART HORSE & PONY ,760.32,225,46,3.3792000000000004
17084R,ASSORTED INCENSE PACK,760.3199999999999,4032,27,0.18857142857142856
21287,SCENTED VELVET LOUNGE CANDLE ,760.15,1790,55,0.42466480446927374
10002,INFLATABLE POLITICAL GLOBE ,759.89,860,71,0.8835930232558139
21822,GLITTER CHRISTMAS TREE WITH BELLS,759.44,740,97,1.0262702702702704
85036A,GARDENIA 1 WICK MORRIS BOXED CANDLE,759.35,223,60,3.405156950672646
22753,SMALL YELLOW BABUSHKA NOTEBOOK ,758.98,1011,217,0.7507220573689417
22480,RED TEA TOWEL CLASSIC DESIGN,757.21,631,73,1.200015847860539
21383,PACK OF 12 STICKY BUNNIES,755.83,998,167,0.7573446893787575
22336,DOVE DECORATION PAINTED ZINC ,754.4100000000001,2383,79,0.3165799412505246
84913B,MINT GREEN ROSE TOWEL,754.07,196,86,3.8472959183673474
23223,CHRISTMAS TREE HANGING SILVER ,751.8499999999999,803,88,0.9363013698630136
22495,SET OF 2 ROUND TINS CAMEMBERT ,751.7700000000001,283,98,2.6564310954063606
22523,CHILDS GARDEN FORK PINK,751.66,865,135,0.8689710982658959
23124,18PC WOODEN CUTLERY SET DISPOSABLE,751.38,567,43,1.3251851851851852
20748,KENSINGTON COFFEE SET,751.17,57,34,13.178421052631577
21126,SET OF 6 GIRLS CELEBRATION CANDLES,750.2,593,126,1.2650927487352446
84763,ZINC FINISH 15CM PLANTER POTS,748.34,601,57,1.2451580698835274
22481,BLACK TEA TOWEL CLASSIC DESIGN,748.08,827,128,0.9045707376058042
22322,BIRD DECORATION GREEN POLKADOT,747.81,820,139,0.9119634146341463
85032B,BLOSSOM IMAGES GIFT WRAP SET,747.7900000000001,798,133,0.9370802005012532
21215,IVORY PAPER CUP CAKE CASES ,745.45,1089,124,0.6845270890725437
22258,FELT FARM ANIMAL RABBIT,743.89,912,77,0.8156688596491228
22316,200 BENDY SKULL STRAWS,743.62,661,55,1.1249924357034795
21643,ASSORTED TUTTI FRUTTI MIRROR,743.31,550,60,1.3514727272727272
23282,FOLDING BUTTERFLY MIRROR IVORY ,742.92,794,133,0.9356675062972292
22393,PAPERWEIGHT VINTAGE COLLAGE,741.98,512,71,1.4491796875
22097,SWALLOW SQUARE TISSUE BOX,739.57,1610,145,0.459360248447205
22264,FELT FARM ANIMAL WHITE BUNNY ,738.68,1563,96,0.47260396673064614
23114,VINTAGE LEAF CHOPPING BOARD  ,737.95,149,45,4.95268456375839
21677,HEARTS  STICKERS,737.8399999999999,835,119,0.8836407185628742
84660B,BLACK STITCHED WALL CLOCK,734.86,709,40,1.0364739069111424
23435,3 RAFFIA RIBBONS VINTAGE CHRISTMAS,734.7900000000001,827,99,0.8885006045949215
20914,SET/5 RED SPOTTY LID GLASS BOWLS,734.4,288,1,2.55
22250,DECORATION  BUTTERFLY  MAGIC GARDEN,732.65,821,147,0.8923873325213154
22400,MAGNETS PACK OF 4 HOME SWEET HOME,731.82,1400,150,0.5227285714285714
22985,"WRAP, BILLBOARD FONTS DESIGN",731.42,1951,35,0.3748949256791389
72803A,ROSE SCENT CANDLE JEWELLED DRAWER,730.97,531,41,1.3765913370998117
22821,GIFT BAG PSYCHEDELIC APPLES,730.47,1183,139,0.6174725274725275
23562,SET OF 6 RIBBONS PERFECTLY PRETTY  ,730.37,253,43,2.8868379446640318
21398,RED POLKADOT COFFEE  MUG,729.6,1532,63,0.47624020887728463
90200D,PINK SWEETHEART BRACELET,729.57,176,78,4.145284090909091
22856,ASSORTED EASTER DECORATIONS  BELLS,729.57,569,27,1.2821968365553604
22684,FRENCH BLUE METAL DOOR SIGN 9,728.57,533,98,1.366923076923077
20996,JAZZ HEARTS ADDRESS BOOK,727.46,3194,225,0.22775829680651222
22718,CARD CAT AND TREE ,727.31,1657,168,0.4389318044659022
84754,S/15 SILVER GLASS BAUBLES IN BAG,725.52,558,62,1.300215053763441
21883,STARS GIFT TAPE ,725.4200000000001,1653,133,0.4388505747126437
85131D,BEADED CRYSTAL HEART PINK ON STICK,725.26,850,206,0.8532470588235294
46775D,SUNSET COLOUR CHUNKY KNITTED THROW,720.93,60,39,12.0155
85032C,CURIOUS IMAGES GIFT WRAP SET,719.84,685,140,1.0508613138686131
79067,CORONA MEXICAN TRAY,719.69,172,38,4.184244186046512
23222,CHRISTMAS TREE HANGING GOLD,718.53,799,75,0.8992866082603254
21630,FLOOR CUSHION ELEPHANT CARNIVAL,718.14,69,35,10.407826086956522
84581,DOG TOY WITH PINK CROCHET SKIRT,717.21,189,90,3.794761904761905
22026,BANQUET BIRTHDAY  CARD  ,717.12,1656,160,0.4330434782608696
21775,DECORATIVE FLORE BATHROOM BOTTLE,716.86,515,139,1.3919611650485437
22201,FRYING PAN BLUE POLKADOT,716.8,193,87,3.713989637305699
23042,PAPER LANTERN 7 POINT SNOW STAR,711.51,103,28,6.9078640776699025
20866,BLUE ROSE FABRIC MIRROR,710.95,598,90,1.1888795986622074
84817,DANISH ROSE DECORATIVE PLATE,710.64,951,55,0.7472555205047319
21636,MADRAS NOTEBOOK MEDIUM,709.66,919,73,0.772208922742111
23070,EDWARDIAN HEART PHOTO FRAME,709.5400000000001,160,44,4.4346250000000005
21143,ANTIQUE GLASS HEART DECORATION ,709.18,328,36,2.1621341463414634
21739,COSY SLIPPER SHOES SMALL GREEN,708.98,256,111,2.769453125
21289,LARGE STRIPES CHOCOLATE GIFT BAG,708.75,567,49,1.25
22514,CHILDS GARDEN SPADE BLUE,706.5500000000001,303,99,2.331848184818482
22981,PANTRY APPLE CORER,705.5799999999999,472,105,1.494872881355932
21356,TOAST ITS - FAIRY FLOWER,704.55,643,151,1.0957231726283048
16235,RECYCLED PENCIL WITH RABBIT ERASER,702.96,3104,168,0.22646907216494847
21106,CREAM SLICE FLANNEL CHOCOLATE SPOT ,702.51,237,53,2.9641772151898733
79164,BLACK WINE GLASS,699.96,1672,19,0.41863636363636364
21476,STEEL SWEETHEART ROUND TABLE CREAM,699.63,41,24,17.064146341463413
21208,PASTEL COLOUR HONEYCOMB FAN,697.77,940,83,0.7423085106382978
20704,MR ROBOT SOFT TOY,697.7,216,44,3.2300925925925927
85049D,BRIGHT BLUES RIBBONS ,697.49,549,107,1.2704735883424407
85078,SCANDINAVIAN 3 HEARTS NAPKIN RING,696.8,1932,124,0.36066252587991715
23120,PACK OF 6 SMALL FRUIT STRAWS,695.41,1716,100,0.40525058275058273
84707A,SILVER JEWELLED MIRROR TRINKET TRAY,695.23,95,45,7.31821052631579
23187,FRENCH STYLE STORAGE JAR BONBONS,695.06,2338,74,0.2972882805816937
21066,VINTAGE RED MUG,694.72,703,54,0.988221906116643
84660C,PINK STITCHED WALL CLOCK,693.32,661,45,1.0488956127080182
21650,ASSORTED TUTTI FRUTTI BRACELET,692.85,2550,132,0.2717058823529412
16225,RATTLE SNAKE EGGS,691.85,815,102,0.8488957055214724
35923,CANDY HEART HANGING DECORATION,690.52,1318,62,0.5239150227617603
21696,SMALL SILVER TRELLIS CANDLEPOT,690.1000000000001,230,33,3.0004347826086963
22403,MAGNETS PACK OF 4 VINTAGE LABELS ,689.67,1323,125,0.5212925170068027
21317,GLASS SPHERE CANDLE STAND MEDIUM,689.53,112,34,6.156517857142857
79066K,RETRO MOD TRAY,689.34,783,146,0.8803831417624521
85071B,RED CHARLIE+LOLA PERSONAL DOORSIGN,688.91,1301,125,0.5295234435049961
22324,BLUE POLKADOT KIDS BAG,688.3,286,74,2.4066433566433565
21629,SQUARE FLOOR CUSHION VINTAGE RED,687.95,73,42,9.423972602739727
20902,VINTAGE KEEPSAKE BOX PARIS DAYS,686.86,112,56,6.132678571428571
23597,PAPER BUNTING PAISLEY PARK,684.97,251,31,2.728964143426295
21163,DO NOT TOUCH MY STUFF DOOR HANGER ,684.62,1201,127,0.5700416319733556
22339,CHRISTMAS TREE PAINTED ZINC ,683.3100000000001,2468,83,0.2768679092382496
85019B,BLOSSOM  IMAGES NOTEBOOK SET,682.97,512,36,1.33392578125
22062,CERAMIC BOWL WITH LOVE HEART DESIGN,682.01,588,73,1.1598809523809523
35001G,HAND OPEN SHAPE GOLD,681.59,199,30,3.4250753768844224
23325,RUSTIC STRAWBERRY JAM POT SMALL,681.54,426,32,1.5998591549295773
22136,LOVE HEART SOCK HANGER,680.93,379,84,1.7966490765171503
46776B,WOVEN BERRIES CUSHION COVER ,679.67,161,88,4.221552795031056
21205,MULTICOLOUR 3D BALLS GARLAND,677.1899999999999,253,68,2.676640316205533
22806,SET OF 6 T-LIGHTS WEDDING CAKE ,677.0400000000001,260,38,2.604
84659A,WHITE TRAVEL ALARM CLOCK,676.27,280,89,2.41525
23428,IVORY RETRO KITCHEN WALL CLOCK,675.91,77,33,8.778051948051948
40001,WHITE BAMBOO RIBS LAMPSHADE,675.2299999999999,821,56,0.8224482338611449
22999,TRAVEL CARD WALLET RETRO PETALS,674.53,1545,105,0.436588996763754
22267,EASTER DECORATION EGG BUNNY ,673.17,836,83,0.8052272727272727
21351,CINAMMON & ORANGE WREATH,672.88,104,34,6.47
47591d,PINK FAIRY CAKE CHILDRENS APRON,672.24,134,56,5.016716417910448
21261,GREEN GOOSE FEATHER CHRISTMAS TREE ,672.09,187,45,3.594064171122995
37475,SET/4 COLOURFUL MIXING BOWLS,671.93,71,43,9.463802816901408
84923,PINK BUTTERFLY HANDBAG W BOBBLES,671.62,162,98,4.145802469135803
22618,COOKING SET RETROSPOT,671.53,69,28,9.73231884057971
22535,MAGIC DRAWING SLATE BUNNIES ,671.01,1766,134,0.37996036240090597
22204,MILK PAN BLUE POLKADOT,669.54,197,79,3.3986802030456853
22057,CERAMIC PLATE STRAWBERRY DESIGN,667.92,584,61,1.1436986301369862
23024,LARGE BONNE JAM JAR  T-LIGHT HOLDER,667.8500000000001,255,11,2.619019607843138
47574A,ENGLISH ROSE SCENTED HANGING FLOWER,665.95,549,114,1.213023679417122
20767,BLUE PAISLEY JOURNAL ,663.7099999999999,253,79,2.623359683794466
85199L,LARGE HANGING IVORY & RED WOOD BIRD,663.4300000000001,977,95,0.6790481064483113
21613,S/12 VANILLA  BOTANICAL T-LIGHTS,661.9300000000001,227,42,2.915991189427313
23547,WRAP FLOWER SHOP  ,661.5,1575,62,0.42
22450,SILK PURSE BABUSHKA BLUE,661.11,195,58,3.3903076923076925
23482,PEARLISED IVORY HEART LARGE ,661.02,418,39,1.5813875598086125
22615,PACK OF 12 CIRCUS PARADE TISSUES ,660.7299999999999,2075,102,0.31842409638554214
18098C,PORCELAIN BUTTERFLY OIL BURNER,658.75,213,49,3.0927230046948355
72349b,SET/6 PURPLE BUTTERFLY T-LIGHTS,658.51,159,82,4.141572327044025
22756,LARGE YELLOW BABUSHKA NOTEBOOK ,656.52,599,123,1.0960267111853088
22448,PIN CUSHION BABUSHKA RED,656.4300000000001,201,45,3.2658208955223884
20658,RED RETROSPOT LUGGAGE TAG,653.36,434,105,1.5054377880184333
46776A,WOVEN BUBBLE GUM CUSHION COVER,651.95,155,70,4.2061290322580644
21187,WHITE BELL HONEYCOMB PAPER GARLAND ,651.75,371,48,1.7567385444743935
23224,CHERUB HEART DECORATION GOLD,649.02,738,71,0.8794308943089431
22525,CHILDRENS GARDEN GLOVES PINK,648.97,489,74,1.3271370143149286
22533,MAGIC DRAWING SLATE BAKE A CAKE ,646.49,1787,88,0.36177392277560155
22715,CARD WEDDING DAY,645.64,1543,130,0.41843162670123135
21747,SMALL SKULL WINDMILL,645.61,485,54,1.3311546391752578
22067,CHOC TRUFFLE GOLD TRINKET POT ,645.2199999999999,412,70,1.5660679611650483
85177,BASKET OF FLOWERS SEWING KIT,645.06,813,63,0.7934317343173432
23408,PHOTO FRAME LINEN AND LACE SMALL,644.8000000000001,310,59,2.08
84789,ENCHANTED BIRD PLANT CAGE,644.47,187,48,3.4463636363636363
21640,ASSORTED TUTTI FRUTTI  FOB NOTEBOOK,644.03,662,78,0.9728549848942598
17021,NAMASTE SWAGAT INCENSE,643.14,2427,47,0.2649938195302843
21808,"CHRISTMAS GARLAND STARS,TREES",641.58,181,48,3.544640883977901
22389,PAPERWEIGHT SAVE THE PLANET,641.55,338,45,1.898076923076923
35810A,ENAMEL PINK COFFEE CONTAINER,640.92,634,75,1.0109148264984227
21446,12 RED ROSE PEG PLACE SETTINGS,640.92,457,105,1.4024507658643326
84800L,LARGE WHITE/PINK ROSE ART FLOWER,639.36,360,22,1.776
84929,ASSTD FRUIT+FLOWERS FRIDGE MAGNETS,637.5600000000001,2412,65,0.2643283582089552
85141,JARDIN ETCHED GLASS FRUITBOWL,635.74,124,39,5.126935483870968
23492,VINTAGE JINGLE BELLS WREATH,635.38,76,28,8.360263157894737
23298,"BUNTING , SPOTTY ",634.7,146,7,4.347260273972603
21054,NURSE'S BAG SOFT TOY,634.53,70,29,9.064714285714285
22396,MAGNETS PACK OF 4 RETRO PHOTO,634.43,1232,128,0.5149594155844155
84086C,PINK/PURPLE RETRO RADIO,634.07,222,53,2.8561711711711713
21784,SHOE SHINE BOX ,633.0699999999999,57,44,11.106491228070174
20840,FRENCH FLORAL CUSHION COVER ,632.3199999999999,533,74,1.186341463414634
23453,OVAL  MINI PORTRAIT FRAME,631.5799999999999,324,47,1.9493209876543207
23454,THREE MINI HANGING FRAMES,630.75,147,50,4.290816326530612
23216,LAUREL HEART ANTIQUE GOLD,630.73,525,44,1.2013904761904761
72232,FENG SHUI PILLAR CANDLE,630.23,3317,65,0.19
21417,COCKLE SHELL DISH,629.8000000000001,340,68,1.8523529411764708
84596L,BISCUITS SMALL BOWL LIGHT BLUE,629.8,1255,172,0.5018326693227091
23019,SMALL APOTHECARY MEASURING JAR ,629.0500000000001,81,28,7.766049382716051
20932,PINK POT PLANT CANDLE,628.7900000000001,204,35,3.0823039215686276
23027,DRAWER KNOB VINTAGE GLASS HEXAGON,627.95,295,30,2.1286440677966105
23471,SIX DRAWER OFFICE TIDY,626.74,66,27,9.496060606060606
79163,BLACK CHAMPAGNE GLASS,626.55,1529,35,0.40977763243950294
22559,SEASIDE FLYING DISC,626.53,505,81,1.2406534653465346
20735,BLACK MINI TAPE MEASURE ,625.8,623,112,1.0044943820224719
22194,BLACK DINER WALL CLOCK,625.6899999999999,66,44,9.480151515151514
21865,PINK UNION JACK  PASSPORT COVER ,625.23,274,106,2.281861313868613
84665,SQUARE CHERRY BLOSSOM CABINET,624.75,105,17,5.95
21426,WOODLAND STORAGE BOX SMALL,624.58,256,46,2.439765625
22269,EGG CUP NATURAL CHICKEN,622.74,933,125,0.667459807073955
22035,VINTAGE CARAVAN GREETING CARD ,622.36,1464,137,0.42510928961748634
21684,SMALL MEDINA STAMPED METAL BOWL ,622.3,783,47,0.7947637292464879
22520,CHILDS GARDEN TROWEL BLUE ,622.0999999999999,719,113,0.8652294853963838
22129,PARTY CONES CANDY DECORATION,621.96,454,67,1.3699559471365639
23425,STORAGE TIN HOME SWEET HOME,621.44,275,56,2.2597818181818186
20772,GARDEN PATH JOURNAL,621.1899999999999,247,65,2.5149392712550607
23180,MUM'S KITCHEN CLOCK,621.09,122,49,5.0909016393442625
22116,METAL SIGN HIS DINNER IS SERVED,620.42,575,148,1.078991304347826
84637,KITCHEN FLOWER POTS WALL PLAQUE,619.59,116,83,5.341293103448276
21473,SWEETHEART CREAM STEEL TABLE RECT,618.66,27,21,22.91333333333333
23528,WALL ART SPACEBOY,618.59,173,37,3.575664739884393
22288,HANGING METAL RABBIT DECORATION,618.2,475,58,1.3014736842105263
22953,BIRTHDAY PARTY CORDON BARRIER TAPE,617.11,478,97,1.2910251046025105
21171,BATHROOM METAL SIGN ,613.14,438,73,1.39986301369863
23018,LARGE APOTHECARY MEASURING JAR ,612.1600000000001,51,21,12.003137254901963
22420,LIPSTICK PEN BABY PINK,611.72,1334,126,0.4585607196401799
20893,HANGING BAUBLE T-LIGHT HOLDER SMALL,611.57,269,26,2.2734944237918215
20764,ABSTRACT CIRCLES SKETCHBOOK ,610.8100000000001,144,76,4.241736111111112
22021,BLUE FELT EASTER EGG BASKET,610.4499999999999,365,71,1.6724657534246574
22129,PARTY CONES CANDY TREE DECORATION,609.56,740,33,0.8237297297297297
85036B,CHOCOLATE 1 WICK MORRIS BOX CANDLE,609.4300000000001,369,49,1.6515718157181574
22515,CHILDS GARDEN SPADE PINK,608.95,266,84,2.2892857142857146
22359,GLASS JAR KINGS CHOICE,608.72,184,81,3.3082608695652174
85170C,SET/6 EAU DE NIL BIRD T-LIGHTS,608.53,335,72,1.8165074626865672
22233,JIGSAW RABBIT AND BIRDHOUSE,607.7299999999999,597,105,1.017973199329983
21769,VINTAGE POST OFFICE CABINET,607.6500000000001,11,2,55.2409090909091
21709,FOLDING UMBRELLA CHOCOLATE POLKADOT,607.23,133,59,4.565639097744361
72598,SET/12 TAPER CANDLES,605.89,607,93,0.998171334431631
22595,CHRISTMAS GINGHAM HEART,605.8,649,54,0.9334360554699537
22999,TRAVEL CARD WALLET VINTAGE LEAF,605.78,1415,117,0.428113074204947
84625A,PINK NEW BAROQUECANDLESTICK CANDLE,605.48,478,42,1.2666945606694562
22232,JIGSAW TOADSTOOLS 3 PIECE,604.4599999999999,690,83,0.8760289855072463
23520,EMBROIDERED RIBBON REEL RUBY ,604.3,168,32,3.5970238095238094
22255,FELT TOADSTOOL  SMALL,602.63,629,77,0.9580763116057234
21159,MOODY BOY  DOOR HANGER ,602.18,1127,124,0.534321206743567
35971,ROSE FOLKART HEART DECORATIONS,600.93,462,88,1.3007142857142857
21448,12 DAISY PEGS IN WOOD BOX,600.8699999999999,349,77,1.7216905444126072
85017B,ENVELOPE 50 BLOSSOM IMAGES,600.29,1077,158,0.557372330547818
21014,SWISS CHALET TREE DECORATION ,598.8199999999999,1385,119,0.43236101083032485
22266,EASTER DECORATION HANGING BUNNY,596.5,1888,92,0.3159427966101695
22642,SET OF 4 NAPKIN CHARMS STARS   ,596.36,269,51,2.2169516728624536
17012B,ORIGAMI JASMINE INCENSE/CANDLE SET,595.85,525,85,1.134952380952381
21292,SMALL STRIPES CHOCOLATE GIFT BAG ,594.51,867,28,0.6857093425605536
23377,PACK OF 12 DOLLY GIRL TISSUES,593.62,1354,133,0.4384194977843427
21253,SET OF PICTURE FRAME  STICKERS,593.37,135,62,4.395333333333333
22247,BUNNY DECORATION MAGIC GARDEN,593.14,670,113,0.8852835820895523
21581,SKULLS  DESIGN  COTTON TOTE BAG,590.67,252,79,2.343928571428571
21015,DARK BIRD HOUSE TREE DECORATION,590.13,1485,142,0.3973939393939394
22319,HAIRCLIPS FORTIES FABRIC ASSORTED,587.86,1346,61,0.43674591381872213
23499,SET 12 VINTAGE DOILY CHALK ,587.49,1315,110,0.44676045627376426
85180B,PINK HEARTS LIGHT CHAIN ,587.2,271,48,2.166789667896679
22096,PINK PAISLEY SQUARE TISSUE BOX ,586.82,1373,117,0.42739985433357613
23565,EGG CUP MILKMAID HELGA ,586.31,410,63,1.4300243902439023
84748,FOLK FELT HANGING MULTICOL GARLAND,585.86,208,61,2.8166346153846153
21576,LETS GO SHOPPING COTTON TOTE BAG,585.34,252,78,2.322777777777778
22825,DECORATIVE PLANT POT WITH FRIEZE,584.37,73,28,8.005068493150684
22703,PINK CAT BOWL,583.33,360,123,1.6203611111111111
85071A,BLUE CHARLIE+LOLA PERSONAL DOORSIGN,583.23,1041,111,0.5602593659942363
85172,HYACINTH BULB T-LIGHT CANDLES,583.12,1346,43,0.43322436849925705
20832,RED FLOCK LOVE HEART PHOTO FRAME,582.03,1091,82,0.5334830430797434
82001s,SILVER RECORD COVER FRAME,581.88,78,15,7.46
22785,SQUARECUSHION COVER PINK UNION JACK,581.23,173,42,3.3597109826589597
21096,SET/6 FRUIT SALAD  PAPER PLATES,581.09,1259,105,0.4615488482922955
85136A,YELLOW SHARK HELICOPTER,580.36,72,53,8.060555555555556
85144,JARDIN ETCHED GLASS CHEESE DISH,579.35,221,40,2.6214932126696833
20702,PINK PADDED MOBILE,577.79,135,42,4.279925925925926
23324,RUSTIC STRAWBERRY JAM POT LARGE ,577.48,279,38,2.069820788530466
22260,FELT EGG COSY BLUE RABBIT ,577.4399999999999,552,104,1.046086956521739
84352,SILVER CHRISTMAS TREE BAUBLE STAND ,577.35,34,23,16.980882352941176
21264,WHITE GOOSE FEATHER TREE 60CM ,575.55,285,48,2.019473684210526
22820,GIFT BAG BIRTHDAY,575.4200000000001,940,77,0.6121489361702128
23016,GLASS TWIST BON BON JAR,575.25,74,24,7.773648648648648
23125,6PC WOOD PLATE SET DISPOSABLE,574.88,459,38,1.2524618736383442
22337,ANGEL DECORATION PAINTED ZINC ,574.5400000000001,912,77,0.6299780701754387
21675,BUTTERFLIES STICKERS,573.36,634,110,0.9043533123028391
21468,BUTTERFLY CROCHET FOOD COVER,572.23,148,66,3.866418918918919
21277,FRENCH STYLE EMBOSSED HEART CABINET,571.43,26,22,21.97807692307692
85130D,BEADED CRYSTAL HEART PINK LARGE,569.29,565,62,1.0075929203539822
21251,DINOSAUR HEIGHT CHART STICKER SET,568.98,182,46,3.1262637362637364
23069,EDWARDIAN PHOTO FRAME,568.71,90,32,6.319000000000001
85161,ACRYLIC GEOMETRIC LAMP,568.65,35,20,16.247142857142858
23219,LAUREL STAR ANTIQUE SILVER ,568.6,430,61,1.322325581395349
84796A,PINK HAWAIIAN PICNIC HAMPER FOR 2,568.13,61,43,9.31360655737705
23381,PACK OF 12 VINTAGE LEAF TISSUES ,567.9499999999999,1509,80,0.3763750828363154
21899,GARAGE KEY FOB,567.76,780,147,0.7278974358974359
23413,VINTAGE COFFEE GRINDER BOX,566.1800000000001,110,30,5.14709090909091
21488,RED WHITE SCARF  HOT WATER BOTTLE,566.1700000000001,69,16,8.205362318840582
22482,BLUE TEA TOWEL CLASSIC DESIGN,565.86,478,53,1.1838075313807532
22272,FELTCRAFT DOLL MARIA,564.9200000000001,196,48,2.882244897959184
85019A,ROMANTIC IMAGES NOTEBOOK SET,564.35,414,33,1.3631642512077295
23272,TREE T-LIGHT HOLDER WILLIE WINKIE,562.2199999999999,364,44,1.5445604395604393
84569D,PACK 6 HEART/ICE-CREAM PATCHES,561.87,468,98,1.200576923076923
21219,SET/4 BADGES BALLOON GIRL,561.84,448,89,1.2541071428571429
85032D,YULETIDE IMAGES GIFT WRAP SET,561.34,687,93,0.8170887918486173
71279,PINK GLASS CANDLEHOLDER,561.32,176,38,3.189318181818182
22286,"DECORATION , WOBBLY RABBIT , METAL ",560.93,319,48,1.7584012539184952
84912A,PINK ROSE WASHBAG,560.62,156,74,3.593717948717949
85016,SET OF 6 VINTAGE NOTELETS KIT,560.11,563,42,0.994866785079929
85163A,WHITE BAROQUE WALL CLOCK ,559.0,66,32,8.469696969696969
21849,SILVER DIAMANTE PEN IN GIFT BOX,558.83,175,66,3.193314285714286
85025B,EAU DE NILE HEART SHAPE PHOTO FRAME,558.42,331,38,1.6870694864048337
23451,SQUARE MINI PORTRAIT FRAME,558.12,278,52,2.0076258992805758
21194,PINK  HONEYCOMB PAPER FAN,558.07,499,65,1.1183767535070142
90062,CARNIVAL BRACELET,558.03,44,26,12.6825
21662,VINTAGE GLASS COFFEE CADDY,557.3000000000001,86,26,6.4802325581395355
85187,S/12 MINI RABBIT EASTER,556.53,337,69,1.6514243323442135
23074,EMBOSSED HEART TRINKET BOX,555.59,250,48,2.22236
84951B,SET OF 4 BLACK LOVEBIRD COASTERS,554.78,451,82,1.230110864745011
85184C,SET 4 VALENTINE DECOUPAGE HEART BOX,554.6,172,62,3.224418604651163
17129F,BLUE GLASS GEMS IN BAG,553.8299999999999,588,57,0.9418877551020407
84951A,SET OF 4 PISTACHIO LOVEBIRD COASTER,553.8,476,93,1.1634453781512604
79030G,TUMBLER NEW ENGLAND,553.53,1267,53,0.4368823993685872
35599D,PINK AND WHITE CHRISTMAS TREE 120CM,553.07,201,34,2.7515920398009954
23473,WOODLAND SMALL RED FELT HEART,552.85,679,51,0.8142120765832106
47563A,RETRO LONGBOARD IRONING BOARD COVER,552.76,286,105,1.9327272727272726
21638,ASSORTED TUTTI FRUTTI NOTEBOOK,551.96,249,40,2.216706827309237
35599B,BLACK CHRISTMAS TREE 120CM,551.13,217,27,2.539769585253456
35965,FOLKART HEART NAPKIN RINGS,551.13,366,69,1.5058196721311474
17012D,ORIGAMI ROSE INCENSE/CANDLE SET ,550.64,463,97,1.1892872570194384
22903,CALENDAR FAMILY FAVOURITES,550.6,193,59,2.8528497409326428
21397,BLUE POLKADOT EGG CUP ,550.43,1075,65,0.5120279069767442
23456,MEDIUM PARLOUR PICTURE FRAME ,550.0,136,34,4.044117647058823
22261,FELT EGG COSY WHITE RABBIT ,549.81,585,107,0.9398461538461538
22584,PACK OF 6 PANETTONE GIFT BOXES,548.63,233,18,2.3546351931330474
23549,WRAP BIRD GARDEN ,548.1,1305,52,0.42000000000000004
21128,GOLD FISHING GNOME,546.6,68,36,8.038235294117648
85107,CUT GLASS T-LIGHT HOLDER OCTAGON,546.49,251,27,2.1772509960159363
84598,BOYS ALPHABET IRON ON PATCHES,546.04,1975,99,0.2764759493670886
22023,EMPIRE BIRTHDAY CARD,543.76,1218,146,0.4464367816091954
22513,DOORSTOP FOOTBALL DESIGN,543.65,153,67,3.553267973856209
23398,HANGING HEART BONHEUR,538.75,610,69,0.8831967213114754
22496,SET OF 2 ROUND TINS DUTCH CHEESE,538.0600000000001,254,79,2.1183464566929135
84625C,BLUE NEW BAROQUE CANDLESTICK CANDLE,536.41,449,35,1.1946770601336303
22717,CARD DOG AND BALL ,535.78,1229,131,0.43594792514239217
82613D,METAL SIGN CUPCAKE SINGLE HOOK,535.49,697,111,0.7682783357245337
85088,CANDY SPOT HAND BAG,534.83,259,51,2.064980694980695
23660,HENRIETTA HEN MUG ,534.66,306,42,1.7472549019607841
85114c,RED ENCHANTED FOREST PLACEMAT,534.66,162,35,3.30037037037037
22521,CHILDS GARDEN TROWEL PINK,533.16,618,104,0.8627184466019417
22543,MINI JIGSAW BAKE A CAKE ,531.64,1455,55,0.36538831615120276
17012F,ORIGAMI SANDLEWOOD INCENSE/CAND SET,530.6,448,94,1.184375
35241,ENAMEL BLUE RIM BISCUIT BIN,530.49,103,44,5.1503883495145635
21801,CHRISTMAS TREE DECORATION WITH BELL,530.26,1251,125,0.42386890487609913
21270,ANTIQUE CREAM CUTLERY CUPBOARD,530.19,50,36,10.603800000000001
23139,SINGLE WIRE HOOK PINK HEART,530.15,415,27,1.2774698795180723
75131,METAL TUBE CHIME ON BAMBOO,529.21,490,15,1.0800204081632654
22709,WRAP WEDDING DAY,528.5,1325,39,0.3988679245283019
21059,PARTY INVITES DINOSAURS,528.2299999999999,611,94,0.864533551554828
23060,HEART BEADED TRELLIS DECORATION,528.1700000000001,249,42,2.1211646586345383
22707,WRAP MONSTER FUN ,527.94,1257,49,0.42000000000000004
22275,WEEKEND BAG VINTAGE ROSE PAISLEY,527.85,69,1,7.65
22248,DECORATION  PINK CHICK MAGIC GARDEN,525.9399999999999,594,109,0.8854208754208753
85104,SILVER GLASS T-LIGHT SET,525.75,201,17,2.6156716417910446
85135B,BLUE DRAGONFLY HELICOPTER,524.5500000000001,65,45,8.07
20785,FUSCHIA RETRO BAR STOOL,523.3000000000001,14,5,37.37857142857143
22861,EASTER TIN CHICKS IN GARDEN,522.93,305,50,1.7145245901639343
85025C,PINK HEART SHAPE PHOTO FRAME,522.56,322,39,1.6228571428571428
23537,WALL ART I LOVE LONDON ,521.73,99,32,5.2700000000000005
23336,EGG FRYING PAN PINK ,521.33,226,85,2.306769911504425
85131B,BEADED CRYSTAL HEART GREEN ON STICK,521.11,623,172,0.8364526484751204
84816,DANISH ROSE BEDSIDE CABINET,519.35,13,10,39.95
84313B,BLUE TV TRAY TABLE ,518.61,127,39,4.0835433070866145
20761,BLUE PAISLEY SKETCHBOOK,517.22,123,63,4.205040650406504
21455,PAINTED YELLOW WOODEN DAISY,516.79,612,117,0.8444281045751634
21711,FOLDING UMBRELLA WHITE/RED POLKADOT,513.02,104,36,4.932884615384615
22216,T-LIGHT HOLDER WHITE LACE,512.93,588,68,0.8723299319727891
23136,IVORY WIRE SWEETHEART LETTER TRAY,511.89,135,49,3.7917777777777775
22280,POCKET BAG PINK PAISELY BROWN SPOT,510.84,469,95,1.0892110874200427
21926,RED/CREAM STRIPE CUSHION COVER ,509.9,414,60,1.2316425120772947
21654,RIDGED GLASS FINGER BOWL,509.36,986,59,0.5165922920892495
72819,CUPID DESIGN SCENTED CANDLES,509.07,225,43,2.2625333333333333
84520B,PACK 20 ENGLISH ROSE PAPER NAPKINS,508.36999999999995,554,80,0.9176353790613717
23527,WALL ART ANIMALS AND NATURE ,508.34000000000003,154,31,3.3009090909090912
20681,PINK POLKADOT CHILDRENS UMBRELLA,506.96,140,46,3.621142857142857
21067,VINTAGE RED TEATIME MUG,506.65,319,76,1.588244514106583
22785,SQUARECUSHION COVER PINK UNION FLAG,506.34000000000003,72,32,7.032500000000001
23043,PAPER LANTERN 9 POINT HOLLY STAR L,506.01,75,20,6.7467999999999995
82616B,FRAPPUCINO SCARF KNITTING KIT,505.69,344,73,1.4700290697674419
20998,ROSE DU SUD OVEN GLOVE,505.20000000000005,185,69,2.730810810810811
23021,GLASS BONNE JAM JAR,504.97,121,27,4.173305785123967
22127,PARTY CONES CARNIVAL ASSORTED,504.88,404,22,1.2497029702970297
22286,DECORATION WOBBLY RABBIT METAL ,504.46,830,67,0.6077831325301205
84687,BEACH HUT SHELF W 3 DRAWERS,504.43,81,31,6.227530864197531
84616,SILVER ROCCOCO CHANDELIER,504.32,14,9,36.02285714285714
21925,UNION STRIPE CUSHION COVER ,503.75,403,65,1.25
84509C,SET OF 4 POLKADOT PLACEMATS ,502.69,131,51,3.837328244274809
23560,SET OF 6 RIBBONS COUNTRY STYLE,502.07000000000005,173,26,2.9021387283237
21710,FOLDING UMBRELLA PINKWHITE POLKADOT,501.98,107,45,4.691401869158879
82613B,"METAL SIGN,CUPCAKE SINGLE HOOK",501.49,584,111,0.8587157534246576
82616C,MIDNIGHT GLAMOUR SCARF KNITTING KIT,501.44,324,85,1.5476543209876543
85231G,ORANGE SCENTED SET/9 T-LIGHTS,501.27,594,81,0.8438888888888889
23117,POPPY FIELDS CHOPPING BOARD,501.23,93,45,5.389569892473118
20766,GARDEN PATH SKETCHBOOK,501.07,124,57,4.040887096774194
22181,SNOWSTORM PHOTO FRAME FRIDGE MAGNET,500.90999999999997,591,57,0.8475634517766497
21972,SET OF 36 DINOSAUR PAPER DOILIES,499.08,335,65,1.4897910447761193
22050,PINK PAISLEY ROSE GIFT WRAP,498.5,1225,40,0.4069387755102041
22516,CHILDS GARDEN RAKE BLUE,496.99,207,62,2.4009178743961352
84970s,HANGING HEART ZINC T-LIGHT HOLDER,496.49,238,66,2.08609243697479
22511,RETROSPOT BABUSHKA DOORSTOP,495.2,251,54,1.9729083665338645
21358,TOAST ITS - HAPPY BIRTHDAY,494.54,412,108,1.2003398058252428
21850,BLUE  DIAMANTE PEN IN GIFT BOX,493.08,130,54,3.792923076923077
35598D,PINK/WHITE CHRISTMAS TREE 60CM,493.01,684,42,0.7207748538011696
46776C,WOVEN FROST CUSHION COVER,492.79,117,59,4.211880341880342
21632,VINTAGE PINK DECORATIVE PARASOL,489.74,88,24,5.565227272727273
85194S,HANGING SPRING FLOWER EGG SMALL,489.17,1197,72,0.40866332497911445
35809A,ENAMEL PINK TEA CONTAINER,488.89,421,62,1.1612589073634203
21202,DOLLY HONEYCOMB GARLAND,487.11,475,25,1.0254947368421052
21867,PINK UNION JACK  LUGGAGE TAG,486.5,353,121,1.3781869688385269
21454,PAINTED PINK RABBIT ,486.01,573,136,0.8481849912739965
84820,DANISH ROSE TRINKET TRAYS,484.63,261,31,1.8568199233716476
17012C,ORIGAMI LAVENDER INCENSE/CANDL SET ,484.34999999999997,421,85,1.1504750593824227
23218,LAUREL STAR ANTIQUE GOLD,483.03,379,40,1.274485488126649
21634,ASSORTED MINI MADRAS NOTEBOOK,481.95,976,28,0.4938012295081967
22638,SET OF 4 NAPKIN CHARMS CROWNS ,481.88,300,52,1.6062666666666667
22230,JIGSAW TREE WITH WATERING CAN,480.91999999999996,1048,101,0.45889312977099234
21587,COSY HOUR GIANT TUBE MATCHES,480.75,197,26,2.4403553299492384
90209C,PINK ENAMEL+GLASS HAIR COMB,480.5,263,31,1.826996197718631
21741,COSY SLIPPER SHOES LARGE GREEN,480.1700000000001,147,40,3.2664625850340143
21507,ELEPHANT BIRTHDAY CARD ,479.82,1122,95,0.4276470588235294
23169,CLASSIC GLASS SWEET JAR,479.45000000000005,119,14,4.028991596638656
84849B,FAIRY SOAP SOAP HOLDER,478.83,266,76,1.8001127819548872
20803,SMALL PINK GLASS SUNDAE DISH,478.72,945,40,0.5065820105820106
23422,PANTRY HOOK BALLOON WHISK ,477.89,213,47,2.2436150234741783
85049F,BABY BOOM RIBBONS ,477.34,378,88,1.2628042328042328
21472,LADYBIRD + BEE RAFFIA FOOD COVER,476.41,123,37,3.8732520325203255
23561,SET OF 6 RIBBONS PARTY,476.0,170,16,2.8
85093,CANDY SPOT EGG WARMER HARE,475.18,708,88,0.6711581920903955
22184,CAKE STAND VICTORIAN FILIGREE LARGE,471.86,56,35,8.42607142857143
21366,MIRRORED WALL ART PHOTO FRAMES,470.16999999999996,89,46,5.282808988764044
84674,FLYING PIG WATERING CAN,469.90000000000003,194,47,2.4221649484536085
23521,WALL ART CAT AND BIRD ,469.73,143,40,3.284825174825175
20716,PARTY FOOD SHOPPER BAG,469.63,400,73,1.174075
20707,CRAZY DAISY HEART DECORATION,468.39,464,149,1.0094612068965516
20615,BLUE POLKADOT PASSPORT COVER,466.99,309,95,1.511294498381877
20831,GOLD PHOTO FRAME,466.53000000000003,216,39,2.1598611111111112
84917,WHITE HAND TOWEL WITH BUTTERFLY,466.3,184,27,2.534239130434783
22647,CERAMIC LOVE HEART MONEY BANK,466.18,732,45,0.6368579234972678
23379,PACK OF 12 RED APPLE TISSUES,465.36,1220,76,0.3814426229508197
21374,MIRRORED WALL ART SKULLS,463.79,304,46,1.525625
23455,SMALL PARLOUR PICTURE FRAME,462.45,165,33,2.8027272727272727
22517,CHILDS GARDEN RAKE PINK,462.33000000000004,206,69,2.244320388349515
20838,FRENCH LATTICE CUSHION COVER ,461.45,385,57,1.1985714285714286
35598B,BLACK CHRISTMAS TREE 60CM,460.64,558,25,0.8255197132616487
21003,ROSE DU SUD CUSHION COVER,460.58,78,46,5.904871794871795
23691,WRAP KEEP CALM BIRTHDAY,460.5,1125,36,0.4093333333333333
22344,PARTY PIZZA DISH PINK POLKADOT,460.38,1228,76,0.37490228013029314
21063,PARTY INVITES JAZZ HEARTS,458.31,528,102,0.8680113636363637
21062,PARTY INVITES SPACEMAN,458.22999999999996,539,74,0.8501484230055658
23023,RIDGED BONNE JAM JAR T-LIGHT HOLDER,457.61999999999995,286,25,1.60006993006993
21220,SET/4 BADGES DOGS,457.51,348,89,1.314683908045977
23045,PAPER LANTERN 5 POINT STAR MOON ,456.48,108,20,4.226666666666667
17096,ASSORTED LAQUERED INCENSE HOLDERS,455.9800000000001,2545,24,0.1791669941060904
21851,LILAC DIAMANTE PEN IN GIFT BOX,454.99,141,63,3.2268794326241137
35004G,SET OF 3 GOLD FLYING DUCKS,454.65,127,21,3.5799212598425196
22268,EASTER DECORATION SITTING BUNNY,454.5,531,75,0.8559322033898306
21415,CLAM SHELL SMALL ,454.42,223,46,2.037757847533632
84920,PINK FLOWER FABRIC PONY,453.73,117,48,3.878034188034188
84916,HAND TOWEL PALE BLUE W FLOWERS,453.39,223,29,2.0331390134529146
85169C,EAU DE NIL LOVE BIRD CANDLE,452.86,429,46,1.0556177156177156
23509,MINI PLAYING CARDS FUN FAIR ,452.72,1065,65,0.4250892018779343
22813,PACK 3 BOXES BIRD PANETTONE ,451.84,204,31,2.2149019607843137
21061,PARTY INVITES FOOTBALL,451.7,488,83,0.9256147540983606
21641,ASSORTED TUTTI FRUTTI KEYRING BALL,451.59,1153,49,0.3916652211621856
23548,WRAP MAGIC FOREST ,451.5,1075,43,0.42
48189,DOORMAT FRIENDSHIP ,451.10999999999996,27,17,16.707777777777775
84872A,TEATIME FUNKY FLOWER BACKPACK FOR 2,450.08,40,32,11.251999999999999
20770,ABSTRACT CIRCLE JOURNAL ,449.8,185,72,2.4313513513513514
22640,SET OF 4 NAPKIN CHARMS 3 KEYS ,449.39,238,57,1.8881932773109242
22598,CHRISTMAS MUSICAL ZINC TREE,447.35999999999996,994,95,0.4500603621730382
20669,RED HEART LUGGAGE TAG,447.34,304,96,1.4715131578947367
21365,MIRRORED WALL ART STARS,447.09000000000003,363,52,1.2316528925619836
84600,NEW BAROQUE JEWELLERY BOX ,446.89,53,25,8.43188679245283
22486,PLASMATRONIC LAMP,446.45,71,25,6.288028169014084
84976,RECTANGULAR SHAPED MIRROR,446.15000000000003,512,37,0.8713867187500001
22390,PAPERWEIGHT CHILDHOOD MEMORIES,445.44,268,36,1.662089552238806
22643,SET OF 4 NAPKIN CHARMS LEAVES   ,445.16999999999996,240,48,1.8548749999999998
82613C,"METAL SIGN,CUPCAKE SINGLE HOOK",444.63,538,96,0.8264498141263941
21656,RIDGED GLASS POSY VASE ,444.58,219,47,2.0300456621004566
21580,RABBIT  DESIGN  COTTON TOTE BAG,444.07,181,62,2.453425414364641
20903,VINTAGE KEEPSAKE BOX TRAVELOGUE,441.89,82,56,5.38890243902439
20768,GREEN FERN JOURNAL ,441.12,177,55,2.4922033898305087
85111,SILVER GLITTER FLOWER VOTIVE HOLDER,441.07,1421,57,0.3103940886699507
35637A,IVORY STRING CURTAIN WITH POLE ,440.62,170,28,2.5918823529411763
20619,TROPICAL PASSPORT COVER ,439.65,262,99,1.6780534351145038
21828,EIGHT PIECE SNAKE  SET,439.54,333,84,1.31993993993994
85130C,BEADED CRYSTAL HEART BLUE  LARGE,438.87,483,46,0.9086335403726709
22545,MINI JIGSAW BUNNIES,436.09,1143,75,0.3815310586176728
84360,TABLE LAMP WHITE SHADE WOOD BASE,434.12,78,20,5.565641025641026
35653,VINTAGE BEAD NOTEBOOK,433.19,150,52,2.8879333333333332
85168B,BLACK BAROQUE CARRIAGE CLOCK,432.78999999999996,51,35,8.486078431372547
22229,BUNNY WOODEN PAINTED WITH FLOWER ,432.46,568,101,0.7613732394366197
23457,LARGE PARLOUR PICTURE FRAME,431.98,86,29,5.023023255813953
84931B,BLUE SCOTTIE DOG W FLOWER PATTERN,431.72999999999996,180,49,2.3985
23058,CHRISTMAS HANGING SNOWFLAKE,430.86,490,48,0.8793061224489797
20705,MRS ROBOT SOFT TOY,428.85,143,28,2.998951048951049
21002,ROSE DU SUD DRAWSTRING BAG,428.66,125,66,3.4292800000000003
21088,SET/6 FRUIT SALAD PAPER CUPS,428.28000000000003,1678,103,0.25523241954707987
77101A,UNION FLAG WINDSOCK,428.19,388,22,1.103582474226804
85071C,"CHARLIE+LOLA""EXTREMELY BUSY"" SIGN",428.0,683,105,0.6266471449487555
21758,VINTAGE SHELLS PRINT,427.46000000000004,50,32,8.5492
84658,WHITE STITCHED CUSHION COVER,426.13,59,22,7.222542372881356
23522,DOG AND BALL WALL ART,425.87999999999994,252,4,1.6899999999999997
21318,GLASS CHALICE BLUE SMALL ,425.08,696,49,0.6107471264367816
20934,SET/3 POT PLANT CANDLES,424.46000000000004,68,32,6.242058823529412
72799F,IVORY PILLAR CANDLE GOLD FLOCK,424.08000000000004,145,30,2.924689655172414
20765,CHRYSANTHEMUM SKETCHBOOK ,423.55,104,59,4.072596153846154
90200E,GREEN SWEETHEART BRACELET,423.41,103,44,4.110776699029127
90154,LAZER CUT NECKLACE W PASTEL BEADS,421.75,57,5,7.399122807017544
85136C,RED SHARK HELICOPTER,421.18,52,36,8.099615384615385
20762,GREEN FERN SKETCHBOOK ,420.08,106,56,3.963018867924528
22051,BLUE SCANDINAVIAN PAISLEY WRAP,420.0,1000,39,0.42
21129,SILVER FISHING GNOME ,419.52000000000004,52,27,8.067692307692308
85208,SET/12 FUNKY FELT FLOWER PEG IN BAG,419.01000000000005,224,48,1.8705803571428574
84970l,SINGLE HEART ZINC T-LIGHT HOLDER,418.98,201,50,2.0844776119402986
90114,SUMMER DAISIES BAG CHARM,417.96,167,88,2.502754491017964
22405,MONEY BOX POCKET MONEY DESIGN,417.86,374,70,1.1172727272727274
84821,DANISH ROSE DELUXE COASTER,417.34999999999997,947,40,0.44070749736008447
22214,CANDLE PLATE LACE WHITE,416.59999999999997,193,56,2.1585492227979275
21147,JINGLE BELLS TREE DECORATION,415.77,203,76,2.048128078817734
22108,PING! MICROWAVE PLATE,415.09000000000003,152,63,2.730855263157895
21817,GLITTER CHRISTMAS TREE,414.63,912,58,0.4546381578947368
21579,LOLITA  DESIGN  COTTON TOTE BAG,414.22,178,50,2.3270786516853934
21285,RETROSPOT CANDLE  MEDIUM,413.88,365,43,1.133917808219178
21884,CAKES AND BOWS GIFT  TAPE,413.76,1166,93,0.3548542024013722
90161C,ANT COPPER LIME BOUDICCA BRACELET,412.74,83,50,4.972771084337349
23459,DOLLY CABINET 2 DRAWERS ,412.5,33,19,12.5
15056p,EDWARDIAN PARASOL PINK,412.48,33,26,12.49939393939394
23415,HOME SWEET HOME HOOK,412.17999999999995,328,47,1.2566463414634146
84596E,SMALL LICORICE DES PINK BOWL,412.1,565,79,0.7293805309734513
84806B,WHITE CANDYSTUFT ARTIFICIAL FLOWER,411.55999999999995,308,20,1.336233766233766
22447,PIN CUSHION BABUSHKA BLUE,410.81,137,45,2.998613138686131
20830,SILVER PHOTO FRAME,409.83,136,37,3.013455882352941
85203,HANGING WOOD AND FELT BUTTERFLY ,409.41,896,127,0.4569308035714286
16219,HOUSE SHAPE PENCIL SHARPENER,407.71999999999997,3048,100,0.13376640419947505
22510,GINGHAM BABUSHKA DOORSTOP,406.49,211,42,1.9264928909952608
35964,FOLKART CLIP ON STARS,405.25,786,100,0.5155852417302799
23339,EGG FRYING PAN BLUE ,405.0,175,76,2.3142857142857145
22406,MONEY BOX KINGS CHOICE DESIGN,403.46,346,84,1.1660693641618496
22134,MINI LADLE LOVE HEART RED ,401.59999999999997,866,153,0.4637413394919168
22287,"DECORATION , WOBBLY CHICKEN, METAL ",401.0199999999999,236,35,1.6992372881355928
23576,SNACK TRAY RED VINTAGE DOILY,400.03999999999996,198,37,2.02040404040404
23429,RED RETRO KITCHEN WALL CLOCK,400.01,47,23,8.510851063829787
23039,T-LIGHT HOLDER SILVER HEART HANDLE,399.71,199,28,2.0085929648241203
22345,PARTY PIZZA DISH BLUE POLKADOT,399.62,1120,71,0.35680357142857144
23466,TUSCAN VILLA DOVECOTE BIRD FEEDER,399.03,43,23,9.279767441860464
37476,CONDIMENT TRAY 4 BOWLS AND 4 SPOONS,399.02,37,26,10.784324324324324
21131,GOLD STANDING GNOME,398.02,106,28,3.7549056603773585
84974,S/2 ZINC HEART DESIGN PLANTERS,398.0,40,28,9.95
18007,ESSENTIAL BALM 3.5g TIN IN ENVELOPE,395.61,5884,30,0.06723487423521414
23484,HEART TRELLIS TRIPLE T-LIGHT HOLDER,395.11,129,30,3.062868217054264
47421,ASSORTED COLOUR LIZARD SUCTION HOOK,395.09999999999997,999,55,0.39549549549549545
22256,FELT FARM ANIMAL CHICKEN,394.15,291,50,1.3544673539518899
23661,MILK MAIDS MUG ,393.59,219,33,1.797214611872146
22048,BIRTHDAY BANQUET GIFT WRAP,393.5,975,32,0.4035897435897436
20867,PINK ROSE FABRIC MIRROR,393.46999999999997,331,62,1.1887311178247733
90200B,BLACK SWEETHEART BRACELET,392.83,93,47,4.223978494623656
23116,VEGETABLE GARDEN CHOPPING BOARD,392.34000000000003,78,22,5.03
84826,ASSTD DESIGN 3D PAPER STICKERS,391.93,1165,31,0.3364206008583691
23150,IVORY SWEETHEART SOAP DISH,390.75000000000006,148,49,2.640202702702703
85232A,SET/3 POLKADOT STACKING TINS,389.55,78,29,4.99423076923077
21373,MIRRORED WALL ART SNOWFLAKES,389.04,512,47,0.75984375
23337,EGG FRYING PAN MINT ,388.75,180,69,2.1597222222222223
35095A,BLUE VICTORIAN FABRIC OVAL BOX,388.57,925,100,0.42007567567567566
23103,BELL HEART DECORATION,387.0,252,9,1.5357142857142858
21879,HEARTS GIFT TAPE,386.77000000000004,1178,94,0.3283276740237691
20854,BLUE PATCH PURSE PINK HEART,386.32,244,41,1.5832786885245902
71053,WHITE MOROCCAN METAL LANTERN,385.29999999999995,70,26,5.504285714285714
21881,CUTE CATS TAPE,383.11,1102,79,0.3476497277676951
21197,MULTICOLOUR  CONFETTI IN TUBE,382.9599999999999,284,27,1.3484507042253517
84919,BLUE CUSHION COVER WITH FLOWER,381.78000000000003,58,29,6.5824137931034485
22346,PARTY PIZZA DISH GREEN POLKADOT,381.65999999999997,1037,59,0.3680424300867888
85179A,GREEN BITTY LIGHT CHAIN,380.79,193,59,1.9730051813471503
21562,HAWAIIAN GRASS SKIRT ,380.36,324,28,1.1739506172839507
16045,POPART WOODEN PENCILS ASST,380.0,8900,68,0.04269662921348315
23396,LA JARDIN BOTANIQUE CUSHION COVER,379.28,88,28,4.31
46776D,WOVEN SUNSET CUSHION COVER ,378.29,89,37,4.2504494382022475
90161B,ANT COPPER TURQ BOUDICCA BRACELET,377.88,76,37,4.972105263157895
21243,PINK POLKADOT PLATE ,377.56,220,25,1.7161818181818183
21051,RIBBONS PURSE ,377.2,192,51,1.9645833333333333
90160C,TURQ+RED BOUDICCA LARGE BRACELET,377.04,54,26,6.982222222222223
47367B,PAIR PADDED HANGERS PINK CHECK,376.27000000000004,112,43,3.3595535714285716
21284,RETROSPOT CANDLE  SMALL,376.18,404,42,0.9311386138613862
17012A,ORIGAMI VANILLA INCENSE/CANDLE SET ,375.93,323,65,1.1638699690402476
84559A,3D SHEET OF DOG STICKERS,375.60999999999996,397,94,0.9461209068010075
21635,MADRAS NOTEBOOK LARGE ,374.96000000000004,271,16,1.3836162361623618
84663A,GRASS HOPPER WOODEN WALL CLOCK ,374.12,272,34,1.3754411764705883
23128,DOLLCRAFT BOY JEAN-PAUL ,373.9,82,12,4.559756097560975
20782,CAMOUFLAGE EAR MUFF HEADPHONES,373.57,54,27,6.917962962962963
21945,STRAWBERRIES  DESIGN FLANNEL ,373.34,358,105,1.042849162011173
84915,HAND TOWEL PINK FLOWER AND DAISY,372.33,217,23,1.7158064516129032
16011,ANIMAL STICKERS,372.33,1773,46,0.21
21689,SILVER VANILLA  FLOWER CANDLE POT,369.87,95,26,3.8933684210526316
84563A,PINK & WHITE BREAKFAST TRAY,369.84000000000003,96,35,3.8525000000000005
23575,SNACK TRAY PAISLEY PARK,367.34999999999997,179,32,2.0522346368715083
22532,MAGIC DRAWING SLATE LEAP FROG ,366.75,1072,73,0.34211753731343286
22769,CHALKBOARD KITCHEN ORGANISER,366.73,11,8,33.33909090909091
22265,EASTER DECORATION NATURAL CHICK,366.15000000000003,540,64,0.6780555555555556
21000,ROSE DU SUD COSMETICS BAG,365.09,97,52,3.7638144329896903
21320,GLASS CHALICE GREEN  LARGE ,364.22,197,19,1.848832487309645
23579,SNACK TRAY I LOVE LONDON,362.65,171,35,2.1207602339181286
21286,RETROSPOT CANDLE  LARGE,362.12,273,30,1.3264468864468864
35957,SMALLFOLKART BAUBLE CHRISTMAS DEC,361.81,688,41,0.5258866279069767
21348,PINK SPOTS CHOCOLATE NESTING BOXES ,361.55999999999995,140,6,2.5825714285714283
23044,PAPER LANTERN 9 POINT HOLLY STAR S,361.04,86,20,4.198139534883722
16008,SMALL FOLDING SCISSOR(POINTED EDGE),360.71,2892,70,0.1247268326417704
85049e,SCANDINAVIAN REDS RIBBONS,360.71,109,42,3.3092660550458715
84632,DECORATIVE HANGING SHELVING UNIT,359.70000000000005,6,5,59.95000000000001
35954,SMALL FOLKART STAR CHRISTMAS DEC,359.6,1293,54,0.2781129156999227
21060,PARTY INVITES BALLOON GIRL,359.28999999999996,405,71,0.8871358024691357
84563B,BLUE & WHITE BREAKFAST TRAY,358.1,98,38,3.6540816326530616
90209B,GREEN ENAMEL+GLASS HAIR COMB,357.74,185,54,1.9337297297297298
20856,DENIM PATCH PURSE PINK BUTTERFLY,357.28999999999996,216,61,1.6541203703703702
21263,GREEN GOOSE FEATHER TREE 60CM,356.96999999999997,171,42,2.0875438596491227
22100,SKULLS SQUARE TISSUE BOX,356.46000000000004,757,59,0.470885072655218
82095,HEART BUTTONS JEWELLERY BOX,356.11,68,30,5.236911764705883
85169D,PINK LOVE BIRD CANDLE,356.08,351,50,1.0144729344729344
85169B,BLACK LOVE BIRD CANDLE,356.06,329,62,1.0822492401215806
84569A,PACK 3 IRON ON DOG PATCHES,355.84,294,65,1.2103401360544217
21724,PANDA AND BUNNIES STICKER SHEET,355.83,408,81,0.8721323529411764
21001,ROSE DU SUD WASHBAG ,354.14,74,50,4.785675675675676
37482P,CUBIC MUG PINK POLKADOT,354.03,506,47,0.6996640316205534
47310M,SMALL POP BOX FUNKY MONKEY,353.98,258,87,1.3720155038759692
21664,RIDGED GLASS STORAGE JAR CREAM LID,353.97,99,18,3.5754545454545457
21723,ALPHABET HEARTS STICKER SHEET,353.47999999999996,401,59,0.8814962593516209
23420,PANTRY HOOK TEA STRAINER ,353.45,165,32,2.142121212121212
23421,PANTRY HOOK SPATULA,353.36,162,33,2.181234567901235
21222,SET/4 BADGES BEETLES,353.19,269,73,1.3129739776951672
35095B,RED VICTORIAN FABRIC OVAL BOX,352.25,862,98,0.40864269141531323
20652,BLUE POLKADOT LUGGAGE TAG ,350.61,268,78,1.3082462686567164
21555,CERAMIC STRAWBERRY TRINKET TRAY,350.46999999999997,137,69,2.558175182481752
22529,MAGIC DRAWING SLATE GO TO THE FAIR ,349.87,853,70,0.4101641266119578
22268,DECORATION SITTING BUNNY,349.54,1480,83,0.23617567567567568
84924A,WAKE UP COCKEREL CALENDAR SIGN ,348.59000000000003,81,33,4.30358024691358
84631,FRUIT TREE AND BIRDS WALL PLAQUE,348.53,41,24,8.500731707317073
21421,PORCELAIN ROSE LARGE ,348.43000000000006,299,14,1.1653177257525085
23057,GEMSTONE CHANDELIER T-LIGHT HOLDER,347.70000000000005,78,7,4.457692307692308
20700,GREEN CAT FLORAL CUSHION COVER ,345.17,73,54,4.728356164383562
47591B,SCOTTIES CHILDRENS APRON,344.78999999999996,209,56,1.6497129186602868
84849A,HELLO SAILOR BLUE SOAP HOLDER,344.34000000000003,180,53,1.9130000000000003
85129D,BEADED CRYSTAL HEART PINK SMALL,343.99,208,65,1.653798076923077
22104,MIRROR MOSAIC CANDLE PLATE,343.71,288,59,1.1934375
90149,SILVER FLOWR PINK SHELL NECKLACE,342.76000000000005,53,4,6.467169811320756
47559b,TEA TIME OVEN GLOVE,342.65,103,28,3.3266990291262135
84766,SILVER ROCOCO CANDLE STICK,340.7,146,14,2.3335616438356164
23523,WALL ART TREASURE AHOY ,340.35,90,25,3.7816666666666667
21221,SET/4 BADGES CUTE CREATURES,340.22,261,54,1.3035249042145596
71270,PHOTO CLIP LINE,338.73,239,49,1.4172803347280336
22547,MINI JIGSAW DINOSAUR ,338.23,809,101,0.4180840543881335
21167,WHITE SAGE INCENSE,337.14,1432,67,0.23543296089385474
72122,COFFEE SCENT PILLAR CANDLE,336.73999999999995,325,61,1.0361230769230767
23127,DOLLCRAFT GIRL NICOLE,336.6,68,12,4.95
84926E,FLOWERS TILE COASTER,334.76,992,39,0.33745967741935484
85213,MINI  ZINC GARDEN DECORATIONS ,334.03,841,33,0.39718192627824017
85230B,CINNAMON SCENTED VOTIVE CANDLE,333.2,1288,39,0.25869565217391305
22259,FELT FARM ANIMAL HEN,332.84,481,44,0.6919750519750519
84952B,BLACK LOVE BIRD T-LIGHT HOLDER,332.14,186,29,1.7856989247311827
84638,SMALL KITCHEN FLOWER POTS PLAQUE,331.5,50,37,6.63
21248,DOOR HANGER  MUM + DADS ROOM,330.71999999999997,205,66,1.6132682926829267
90200A,PURPLE SWEETHEART BRACELET,328.44,78,50,4.21076923076923
82001s,VINYL RECORD FRAME SILVER,328.23999999999995,44,12,7.459999999999999
23236,DOILEY BISCUIT TIN,327.6,120,13,2.73
16259,PIECE OF CAMO STATIONERY SET,326.56,3380,31,0.09661538461538462
84708B,PINK JEWELLED PHOTO FRAME ,326.35,62,19,5.263709677419355
85204,HANGING WOOD AND FELT FLOWER,325.96,2055,104,0.15861800486618005
23037,CANDLE HOLDER SILVER MADELINE,325.15999999999997,196,20,1.6589795918367345
23478,WOODLAND LARGE PINK FELT HEART,324.40000000000003,285,13,1.1382456140350878
90147,CHUNKY SILVER NECKLACE PASTEL FLOWE,324.01,32,23,10.1253125
23521,CAT AND BIRD WALL ART,323.64,270,4,1.1986666666666665
23695,DOILY THANK YOU CARD,323.32,765,57,0.422640522875817
85205B,PINK FELT EASTER RABBIT GARLAND,323.15,122,29,2.6487704918032784
84931A,PINK SCOTTIE DOG W FLOWER PATTERN,322.53999999999996,135,51,2.389185185185185
84509c,SET OF 4 POLKADOT PLACEMATS ,322.22,43,27,7.493488372093024
22092,BLUE PAISLEY TISSUE BOX,322.18,672,91,0.47943452380952384
21403,BLUE EGG  SPOON,322.18,1857,106,0.1734948842218632
16238,PARTY TIME PENCIL ERASERS,322.09,1398,134,0.2303934191702432
23205,CHARLOTTE BAG ALPHABET  DESIGN,320.5,400,22,0.80125
21425,SKULLS STORAGE BOX LARGE,320.49,87,30,3.683793103448276
16236,KITTY PENCIL ERASERS,320.09,1438,136,0.22259388038942973
21371,MIRRORED WALL ART POPPIES,319.71,287,38,1.11397212543554
20936,FORKED CACTUS CANDLE,319.66,100,34,3.1966
21026,SPACE OWL,319.5,258,68,1.2383720930232558
22202,MILK PAN PINK POLKADOT,319.35,64,37,4.98984375
22287,DECORATION WOBBLY CHICKEN,319.14,560,45,0.5698928571428571
90161D,ANT COPPER PINK BOUDICCA BRACELET,318.89000000000004,64,34,4.982656250000001
72586,SET OF 6 HALLOWEEN GHOST T-LIGHTS,318.66999999999996,693,83,0.4598412698412698
84876B,GREEN HEART COMPACT MIRROR,318.31,220,33,1.4468636363636365
20780,BLACK EAR MUFF HEADPHONES,318.19,48,28,6.628958333333333
84884a,ANT WHITE WIRE HEART SPIRAL,317.71999999999997,38,26,8.361052631578946
46118,FUNKY MONKEY CUSHION COVER,317.16999999999996,232,46,1.367112068965517
22765,NEWSPAPER STAND,316.95000000000005,27,5,11.73888888888889
85170B,SET/6 BLACK BIRD T-LIGHT CANDLES,316.75,215,39,1.4732558139534884
35915C,PEACH KNITTED HEN ,316.46,315,60,1.0046349206349205
90198A,VINTAGE ROSE BEAD BRACELET RASPBERR,315.73,75,44,4.209733333333333
21375,LARGE CAMPHOR WOOD FIELD MUSHROOM ,315.27,43,27,7.331860465116279
85202,HANGING WOOD AND FELT HEART,314.81,676,106,0.4656952662721894
47594B,SCOTTIES DESIGN WASHBAG,314.54999999999995,170,56,1.8502941176470586
84584,PINK GINGHAM CAT WITH SCARF,314.51,144,30,2.1840972222222224
21841,BABY MOUSE RED GINGHAM DRESS,314.5,74,21,4.25
17084N,FAIRY DREAMS INCENSE ,313.31,1264,101,0.24787183544303798
85014b,RED RETROSPOT UMBRELLA,313.06,25,23,12.5224
21942,SKULLS DESIGN FLANNEL,313.01,287,103,1.0906271777003484
23130,MISELTOE HEART WREATH ,312.8,80,5,3.91
84358,FLOOR LAMP SHADE WOOD BASE,312.7,33,13,9.475757575757575
21811,CHRISTMAS HANGING HEART WITH BELL,311.34999999999997,234,26,1.3305555555555555
21442,GREEN BIRDHOUSE DECORATION,310.49,440,59,0.705659090909091
21944,KITTENS DESIGN FLANNEL,310.19,337,100,0.9204451038575667
47021G,SET/6 BEAD COASTERS GAUZE BAG GOLD,309.29999999999995,582,27,0.531443298969072
22124,SET OF 2 TEA TOWELS PING MICROWAVE,309.11,150,76,2.0607333333333333
21719,LOVELY BONBON STICKER SHEET,307.44,345,58,0.8911304347826087
23495,SET OF 3 PANTRY WOODEN SPOONS,306.66,225,41,1.3629333333333336
23131,MISELTOE HEART WREATH WHITE,304.5,78,4,3.9038461538461537
22040,BOTANICAL ROSE GIFT WRAP,304.5,725,28,0.42
22043,CHRISTMAS CARD SCREEN PRINT ,304.5,1238,64,0.24596122778675283
22965,3 TRADITIONAL COOKIE CUTTERS  SET,304.20000000000005,162,4,1.877777777777778
22641,SET OF 4 NAPKIN CHARMS INSTRUMENT,303.72999999999996,139,37,2.1851079136690643
23430,BLUE RETRO KITCHEN WALL CLOCK,301.88,36,18,8.385555555555555
23522,WALL ART DOG AND BALL ,301.56,102,28,2.956470588235294
35912B,WHITE/PINK CHICK DECORATION,301.26,252,20,1.1954761904761904
84661B,BLACK SQUARE TABLE CLOCK,300.24,115,29,2.610782608695652
22409,MONEY BOX BISCUITS DESIGN,299.72,228,57,1.314561403508772
21761,WOOD AND GLASS MEDICINE CABINET,299.5,10,10,29.95
23440,PAINT YOUR OWN EGGS IN CRATE,299.36,164,5,1.8253658536585367
20897,VINTAGE NOTEBOOK PARIS DAYS,298.27,107,24,2.7875700934579437
90184B,AMETHYST CHUNKY BEAD BRACELET W STR,297.94,33,21,9.02848484848485
22135,MINI LADLE LOVE HEART PINK,297.82,529,166,0.5629867674858223
23015,CORDIAL GLASS JUG,297.13,35,16,8.48942857142857
84596J,MIXED NUTS LIGHT GREEN BOWL,296.45,568,68,0.521919014084507
22049,WRAP CHRISTMAS SCREEN PRINT,296.25,1075,33,0.2755813953488372
23126,DOLLCRAFT GIRL AMELIE KIT,294.7,66,8,4.465151515151515
85186A,EASTER BUNNY GARLAND OF FLOWERS,293.8,615,79,0.47772357723577236
20655,QUEEN OF SKIES LUGGAGE TAG,292.29,197,99,1.4837055837563453
35911A,MULTICOLOUR RABBIT EGG WARMER,292.07,319,70,0.9155799373040752
21441,BLUE BIRDHOUSE DECORATION,292.03,421,62,0.6936579572446555
23413,DECORATIVE VINTAGE COFFEE  BOX,291.85,55,22,5.306363636363637
23567,EGG CUP HENRIETTA HEN PINK,291.58,211,37,1.3818957345971563
72800B, 4 PURPLE FLOCK DINNER CANDLES,290.8,144,38,2.0194444444444444
21386,IVORY HANGING DECORATION  EGG,290.2,733,51,0.3959072305593451
23410,CURIO CABINET LINEN AND LACE ,290.1,36,18,8.058333333333334
20725,LUNCH BAG RED SPOTTY,290.0,200,1,1.45
16015,MEDIUM CHINESE STYLE SCISSOR,289.98,662,24,0.43803625377643507
84247E,PACK OF 12 CHRISTMAS FUN CARDS,289.69,108,37,2.6823148148148146
85024B,EAU DE NILE JEWELLED PHOTOFRAME,289.65,193,12,1.5007772020725387
21503,TOYBOX  WRAP ,288.92,726,23,0.3979614325068871
46776E,WOVEN CANDY CUSHION COVER ,288.43,67,38,4.304925373134329
79190B,RETRO PLASTIC POLKA TRAY,288.36,707,57,0.4078642149929279
23047,PAPER LANTERN 5 POINT SEQUIN STAR,287.5,50,21,5.75
71403,"PINK/WHITE ""KEEP CLEAN"" BULLET BIN",286.91,77,33,3.7261038961038966
20618,QUEEN OF THE SKIES PASSPORT COVER ,286.39,148,76,1.9350675675675675
84997d,PINK 3 PIECE POLKADOT CUTLERY SET,285.46,34,8,8.395882352941175
37413,ICON MUG REVOLUTIONARY,284.49,703,81,0.40467994310099575
18094C,WHITE AND BLUE CERAMIC OIL BURNER,283.93,192,42,1.4788020833333333
21666,RIDGED GLASS T-LIGHT HOLDER,283.51,412,43,0.6881310679611651
16218,CARTOON  PENCIL SHARPENERS,283.31,3821,64,0.07414551164616592
20794,BLUE  TILE HOOK,282.78999999999996,99,27,2.856464646464646
20777,CHRYSANTHEMUM NOTEBOOK,282.48999999999995,169,80,1.6715384615384612
84341B,SMALL PINK MAGIC CHRISTMAS TREE,282.38,645,40,0.4377984496124031
84872a,TEATIME FUNKY FLOWER BACKPACK FOR 2,282.15,26,21,10.851923076923075
23481,PEARLISED IVORY HEART SMALL ,281.17,228,29,1.233201754385965
22257,FELT FARM ANIMAL SHEEP,280.42,373,42,0.7517962466487936
71101E,STANDING FAIRY POLE SUPPORT ,280.2,348,22,0.8051724137931034
85188A,GREEN METAL SWINGING BUNNY,278.16999999999996,319,42,0.8720062695924764
21725,SWEETIES  STICKERS,277.24,301,50,0.921063122923588
16169M,WRAP DAISY CARPET ,277.2,660,25,0.42
21293,MIRRORED DOVE WALL DECORATION,276.72,116,24,2.3855172413793104
84926D,LA PALMIERA TILE COASTER,276.53,709,34,0.39002820874471084
85049g,CHOCOLATE BOX RIBBONS ,276.42,113,51,2.4461946902654867
23137,ZINC WIRE SWEETHEART LETTER TRAY,275.62,83,23,3.320722891566265
21250,SET OF SKULL WALL STICKERS,274.37,95,20,2.888105263157895
20684,STRAWBERRY DREAM CHILDS UMBRELLA,273.81,81,35,3.3803703703703705
22512,DOORSTOP RACING CAR DESIGN,273.46,123,37,2.223252032520325
22052,VINTAGE CARAVAN GIFT WRAP,273.0,650,27,0.42
84859A,SILVER DISCO HANDBAG,272.99,129,35,2.116201550387597
23141,TRIPLE WIRE HOOK PINK HEART,272.91,79,25,3.454556962025317
23203,JUMBO BAG VINTAGE DOILEY ,272.57,144,7,1.8928472222222221
22889,NUMBER TILE VINTAGE FONT No ,272.2,173,33,1.5734104046242774
20755,BLUE PAISLEY POCKET BOOK,272.02,307,62,0.886058631921824
21815,STAR  T-LIGHT HOLDER ,271.68,159,29,1.7086792452830188
20734,SILVER MINI TAPE MEASURE ,271.21999999999997,158,26,1.7165822784810125
85214,TUB 24 PINK FLOWER PEGS,271.03999999999996,164,58,1.652682926829268
23474,WOODLAND SMALL BLUE FELT HEART,270.96,312,37,0.8684615384615384
85019C,CURIOUS  IMAGES NOTEBOOK SET,270.72,182,11,1.4874725274725276
21275,ZINC TOP  2 DOOR WOODEN SHELF ,270.08,13,12,20.775384615384613
35001W,HAND OPEN SHAPE DECO.WHITE,270.02000000000004,92,5,2.9350000000000005
20771,CHRYSANTHEMUM  JOURNAL,269.68,103,40,2.618252427184466
21785,RAIN PONCHO ,269.61,412,5,0.6543932038834952
85186C,BUNNY EGG GARLAND,269.17,528,78,0.5097916666666666
21644,ASSORTED TUTTI FRUTTI HEART BOX,268.75,215,32,1.25
79030D,TUMBLER BAROQUE,268.53,531,40,0.5057062146892655
23032,DOORKNOB CRACKED GLAZE IVORY,268.2,180,5,1.49
21332,MOROCCAN BEATEN METAL MIRROR,268.1,19,13,14.110526315789475
17013D,ORIGAMI ROSE INCENSE IN TUBE,267.82,535,13,0.5005981308411215
17107D,"FLOWER FAIRY,5 SUMMER B'DRAW LINERS",267.75,105,25,2.55
21445,12 PINK ROSE PEG PLACE SETTINGS,267.5,214,21,1.25
85230E,STRAWBRY SCENTED VOTIVE CANDLE,267.45,1101,24,0.24291553133514984
21265,PINK GOOSE FEATHER TREE 60CM,267.21,131,19,2.039770992366412
84795b,SUNSET CHECK HAMMOCK,266.78,16,14,16.67375
21279,VINTAGE KITCHEN PRINT FRUITS,266.15,85,29,3.131176470588235
20699,MOUSEY LONG LEGS SOFT TOY,266.03,97,41,2.7425773195876286
23489,"GARLAND, VINTAGE BELLS",265.88,92,10,2.89
85039C,S/4 BLACK MINI ROSE CANDLE IN BOWL,265.77,305,67,0.8713770491803278
90160A,PURPLE BOUDICCA LARGE BRACELET,264.94,38,15,6.972105263157895
72800C,4 PINK DINNER CANDLE SILVER FLOCK,264.82,132,35,2.0062121212121213
23476,WOODLAND LARGE RED FELT HEART,264.72,205,22,1.2913170731707317
90160D,PINK BOUDICCA LARGE BRACELET,264.7,38,12,6.96578947368421
84952A,CLEAR LOVE BIRD T-LIGHT HOLDER,264.46999999999997,92,26,2.8746739130434777
85124B,BLUE JUICY FRUIT PHOTO FRAME,264.06,93,39,2.8393548387096774
18098c,PORCELAIN BUTTERFLY OIL BURNER,263.12,52,12,5.0600000000000005
85124C,GREEN JUICY FRUIT PHOTO FRAME,261.89,94,39,2.786063829787234
23194,GYMKHANNA TREASURE BOOK BOX,261.84000000000003,120,14,2.1820000000000004
84858C,PINK RIVIERA HANDBAG,261.68,186,6,1.4068817204301076
47422,ASSORTED MONKEY SUCTION CUP HOOK,261.3,653,45,0.40015313935681474
16012,FOOD/DRINK SPONGE STICKERS,261.24,1244,35,0.21000000000000002
79337,BLUE FLOCK GLASS CANDLEHOLDER,259.96,644,10,0.4036645962732919
21324,HANGING MEDINA LANTERN SMALL,259.67,81,28,3.2058024691358025
78124,MAGAZINE RACK GEBRA ASSORTED ,257.75,199,18,1.2952261306532664
20997,ROSE DU SUD CUSHION COVER ,257.61,59,34,4.366271186440678
35915B,BLUE KNITTED HEN ,257.21999999999997,220,50,1.169181818181818
85230G,ORANGE VOTIVE CANDLE,257.03999999999996,1032,25,0.24906976744186043
21458,2 PICTURE BOOK EGGS EASTER BUNNY,256.54,182,36,1.4095604395604397
21427,SKULLS STORAGE BOX SMALL,256.44,96,41,2.67125
84952C,MIRROR LOVE BIRD T-LIGHT HOLDER,255.0,144,12,1.7708333333333333
21269,ANTIQUE CREAM CUTLERY SHELF ,254.98000000000002,29,19,8.79241379310345
21379,CAMPHOR WOOD PORTOBELLO MUSHROOM,254.32999999999998,184,50,1.382228260869565
21547,CERAMIC BIRDHOUSE CRESTED TIT SMALL,253.53000000000003,79,22,3.2092405063291145
48173c,DOORMAT BLACK FLOCK ,252.95000000000002,15,7,16.863333333333333
90201B,BLACK ENAMEL FLOWER RING,252.9,86,23,2.9406976744186046
21882,SKULLS TAPE,252.47000000000003,706,70,0.3576062322946176
35967,FOLK ART METAL STAR T-LIGHT HOLDER,252.33,485,67,0.5202680412371135
90143,SILVER BRACELET W PASTEL FLOWER,252.18,33,19,7.641818181818182
23149,ANTIQUE IVORY WIRE BOWL SMALL,251.45000000000002,99,21,2.53989898989899
22164,STRING OF STARS CARD HOLDER,250.22000000000003,78,15,3.2079487179487183
85071D,CHARLIE+LOLA MY ROOM DOOR SIGN,249.48999999999998,403,84,0.6190818858560794
22812,PACK 3 BOXES CHRISTMAS PANETTONE,248.48,76,24,3.269473684210526
20659,ECONOMY LUGGAGE TAG,248.09,159,62,1.560314465408805
21647,ASSORTED TUTTI FRUTTI LARGE PURSE,247.8,118,25,2.1
22954,HEN PARTY CORDON BARRIER TAPE,247.63,202,40,1.2258910891089108
22410,MONEY BOX HOUSEKEEPING DESIGN,247.42000000000002,237,58,1.0439662447257385
23168,CLASSIC SUGAR DISPENSER,247.32,216,12,1.145
84678,CLASSICAL ROSE SMALL VASE,247.04,142,13,1.7397183098591549
22869,NUMBER TILE COTTAGE GARDEN 1,246.14,96,44,2.5639583333333333
90175A,WHITE GLASS CHUNKY CHARM BRACELET,245.63,27,25,9.097407407407408
22391,PAPERWEIGHT HOME SWEET HOME,245.57999999999998,158,29,1.5543037974683542
21676,FLOWERS  STICKERS,245.35999999999999,257,61,0.9547081712062256
21190,PINK HEARTS PAPER GARLAND,245.20000000000002,168,7,1.4595238095238097
20819,SILVER TEDDY BEAR,244.72,64,27,3.82375
84422,PINK/BLUE DISC/MIRROR STRING,244.17,566,15,0.4313957597173145
20616,CHERRY BLOSSOM PASSPORT COVER,243.53,194,71,1.2553092783505155
85095,THREE CANVAS LUGGAGE TAGS,243.49,150,48,1.6232666666666666
85094,CANDY SPOT EGG WARMER RABBIT,242.32,641,90,0.3780343213728549
22870,NUMBER TILE COTTAGE GARDEN 2,242.24,94,39,2.5770212765957448
23475,WOODLAND SMALL PINK FELT HEART,242.17999999999998,286,31,0.8467832167832167
84592,CROCHET ROSE PURSE WITH SUEDE BACK,241.24000000000004,76,22,3.17421052631579
47469,ASSORTED SHAPES PHOTO CLIP SILVER ,241.20999999999998,473,12,0.5099577167019027
23143,ZINC WIRE KITCHEN ORGANISER,239.97,30,16,7.999
21028,NINJA RABBIT BLACK,239.24,187,58,1.2793582887700534
23324,RUSTIC STRAWBERRY JAMPOT LARGE ,238.56,120,6,1.988
23028,DOORKNOB CRACKED GLAZE BLUE,238.49999999999997,162,3,1.472222222222222
72131,COLUMBIAN CANDLE RECTANGLE,238.34999999999997,137,18,1.73978102189781
22137,BATHROOM SET LOVE HEART DESIGN,237.98000000000002,82,14,2.9021951219512196
23580,SNACK TRAY HAPPY FOREST  ,236.87,117,25,2.0245299145299147
21360,JOY LARGE WOOD LETTERS,236.17,39,16,6.055641025641025
85023B,EAU DE NILE JEWELLED PHOTOFRAME,235.35000000000002,105,13,2.2414285714285715
20775,DAISY NOTEBOOK ,235.18999999999997,135,63,1.742148148148148
47351B,BLUE  VOILE LAMPSHADE,234.5,86,9,2.7267441860465116
16216,LETTER SHAPE PENCIL SHARPENER,234.0,3333,45,0.0702070207020702
23036,T-LIGHT HOLDER SILVER PETIT FOUR ,233.67000000000002,185,16,1.263081081081081
21025,SPACE FROG,233.52,174,56,1.3420689655172415
21818,GLITTER CHRISTMAS HEART ,233.51999999999998,270,21,0.8648888888888888
90058B,CRYSTAL STUD EARRINGS ASSORTED COL ,232.56,612,15,0.38
84857C,PINK MONTE CARLO HANDBAG,232.32999999999998,98,10,2.3707142857142856
85099f,JUMBO BAG STRAWBERRY,232.05999999999997,46,10,5.044782608695652
23447,PINK BUNNY EASTER EGG BASKET,231.89999999999998,158,4,1.4677215189873416
84712B,PINK JEWELLED PHOTO FRAME,231.56,30,20,7.718666666666667
21161,KEEP OUT BOYS DOOR HANGER ,231.36999999999998,144,43,1.606736111111111
20696,FLORAL SOFT CAR TOY,230.81,54,30,4.274259259259259
22394,PAPERWEIGHT KINGS CHOICE ,230.67999999999998,168,23,1.373095238095238
21973,SET OF 36 MUSHROOM PAPER DOILIES,230.54999999999998,159,30,1.45
23446,BLUE BUNNY EASTER EGG BASKET,230.24999999999997,157,3,1.4665605095541399
90206C,CRYSTAL DIAMANTE STAR BROOCH,229.68,46,31,4.99304347826087
85040B,SET/4 BLUE FLOWER CANDLES IN BOWL,229.46999999999997,137,35,1.6749635036496349
72800D,4 BLUE DINNER CANDLES SILVER FLOCK,229.22,88,31,2.6047727272727275
85200,BUNNY EGG BOX,228.75,183,26,1.25
90010E,AMBER GLASS/SILVER BRACELET,227.89,25,16,9.115599999999999
21157,RED RETROSPOT WASHBAG,227.6,79,34,2.881012658227848
23003,TRAVEL CARD WALLET VINTAGE ROSE ,226.2,542,53,0.41734317343173427
90201D,GREEN ENAMEL FLOWER RING,225.84,77,31,2.932987012987013
22031,BOTANICAL LAVENDER BIRTHDAY CARD,225.59,504,80,0.44759920634920636
85014a,BLACK/BLUE POLKADOT UMBRELLA,225.32000000000002,18,14,12.517777777777779
22632,HAND WARMER RED POLKA DOT,225.00000000000003,120,18,1.8750000000000002
90158,ST TROPEZ NECKLACE,224.12,45,35,4.980444444444444
21657,MILK BOTTLE WITH GLASS STOPPER ,223.46,30,17,7.448666666666667
84218,BOX/12 CHICK & EGG IN BASKET,223.10999999999999,123,41,1.81390243902439
21364,PEACE SMALL WOOD LETTERS,222.96,30,24,7.432
21456,2 PICTURE BOOK EGGS EASTER CHICKS,222.22,171,25,1.29953216374269
84711A,SILVER OVAL SHAPE TRINKET BOX,221.79999999999998,25,17,8.872
20781,GOLD EAR MUFF HEADPHONES,221.65,38,25,5.832894736842105
84876D,BLUE HEART COMPACT MIRROR,221.25,129,16,1.7151162790697674
22395,PAPERWEIGHT VINTAGE PAISLEY,220.04,152,33,1.4476315789473684
35914,PINK CHICK EGG WARMER + EGG CUP,219.66,196,40,1.1207142857142858
20868,SILVER FABRIC MIRROR,219.35000000000002,458,46,0.4789301310043669
75178,ASSTD COL BUTTERFLY/CRYSTAL W/CHIME,218.87,459,13,0.4768409586056645
21378,SMALL TALL CAMPHOR WOOD TOADSTOOL,217.89,142,34,1.5344366197183097
21316,SMALL CHUNKY GLASS ROMAN  BOWL,217.68,160,15,1.3605
20847,ZINC HEART LATTICE CHARGER LARGE,217.57999999999998,52,18,4.184230769230769
20769,DAISY JOURNAL ,217.55999999999997,80,34,2.7194999999999996
21132,SILVER STANDING GNOME   ,217.35999999999999,44,22,4.9399999999999995
84559B,3D SHEET OF CAT STICKERS,217.29,237,55,0.9168354430379746
47310M,"SMALL POP BOX,FUNKY MONKEY",216.47,152,34,1.4241447368421052
23360,SET 8 CANDLES VINTAGE DOILEY,216.29999999999998,122,7,1.772950819672131
84051,ASS COLOUR GLOWING TIARAS,216.06,282,25,0.7661702127659574
21377,SMALL CAMPHOR WOOD FIELD  MUSHROOM,215.67999999999998,121,41,1.782479338842975
90120C,GREEN MURANO TWIST BRACELET,215.20000000000002,51,22,4.219607843137255
21520,BOOZE & WOMEN GREETING CARD ,214.19,504,58,0.4249801587301587
84510C,SET OF 4 POLKADOT COASTERS,213.82999999999998,134,54,1.5957462686567163
22882,NUMBER TILE VINTAGE FONT 3,213.7,108,42,1.9787037037037036
20622,VIPPASSPORT COVER ,211.76000000000002,143,34,1.480839160839161
90200C,BLUE SWEETHEART BRACELET,211.43,50,26,4.2286
72127,COLUMBIAN CANDLE ROUND ,210.61,169,30,1.2462130177514794
84877B,GREEN ROUND COMPACT MIRROR,210.56,144,21,1.4622222222222223
84707B,PINK JEWELLED MIRROR TRINKET TRAY,210.54999999999998,34,18,6.192647058823529
84926A,WAKE UP COCKEREL TILE COASTER,210.51999999999998,604,35,0.34854304635761585
90175D,TIGRIS EYE CHUNKY CHARM BRACELET,210.04,23,20,9.132173913043477
22896,PEG BAG APPLE DESIGN,210.0,100,1,2.1
90160B,RED BOUDICCA LARGE BRACELET,209.73000000000002,30,12,6.9910000000000005
21750,LARGE SKULL WINDMILL,209.61,91,24,2.3034065934065935
90192,JADE DROP EARRINGS W FILIGREE,209.10000000000002,42,25,4.9785714285714295
21651,HANGING GLASS ETCHED TEALIGHT,208.46999999999997,133,11,1.567443609022556
90119,METALIC LEAVES BAG CHARMS,207.60999999999999,84,36,2.4715476190476187
79051A,SMOKEY GREY COLOUR D.O.F. GLASS,207.39,591,26,0.35091370558375634
16048,TEATIME ROUND PENCIL SHARPENER ,205.42,1461,67,0.14060232717316906
20763,DAISY SKETCHBOOK ,205.04,73,27,2.808767123287671
21726,MULTI HEARTS  STICKERS,204.69,237,42,0.8636708860759493
22878,NUMBER TILE COTTAGE GARDEN No,204.19,75,33,2.7225333333333332
84875B,GREEN SQUARE COMPACT MIRROR,203.51,131,20,1.5535114503816794
85230A,OPIUM SCENTED VOTIVE CANDLE,203.27999999999997,840,18,0.24199999999999997
21911,GARDEN METAL SIGN ,203.20999999999998,114,29,1.7825438596491225
84688,BEACH HUT DESIGN BLACKBOARD,203.07,41,15,4.952926829268293
47578A,ENGLISH ROSE SMALL SCENTED FLOWER,202.53,219,45,0.9247945205479452
90201A,PURPLE ENAMEL FLOWER RING,202.51000000000002,69,28,2.9349275362318843
22541,MINI JIGSAW LEAP FROG,202.37,504,35,0.40152777777777776
85179C,PINK BITTY LIGHT CHAIN,201.31,106,36,1.8991509433962264
22880,NUMBER TILE VINTAGE FONT 1,200.59,99,32,2.026161616161616
84968e,SET OF 16 VINTAGE BLACK CUTLERY,200.21,8,6,25.02625
84828,JUNGLE POPSICLES ICE LOLLY HOLDERS,199.99,141,29,1.4183687943262413
47594A,CAROUSEL DESIGN WASHBAG,199.84,108,50,1.8503703703703704
22038,BOTANICAL LAVENDER GIFT WRAP ,199.5,475,19,0.42
21367,MIRRORED WALL ART GENTS,199.48999999999998,171,43,1.1666081871345029
22289,HANGING METAL CHICKEN DECORATION,198.52,152,34,1.3060526315789474
21376,LARGE  TALL CAMPHOR WOOD TOADSTOOL ,197.81,37,17,5.346216216216217
22881,NUMBER TILE VINTAGE FONT 2,197.56,102,34,1.9368627450980391
90019A,SILVER M.O.P ORBIT BRACELET,197.09,38,27,5.186578947368421
22263,FELT EGG COSY LADYBIRD ,196.82,327,51,0.6018960244648318
22044,CHRISTMAS CARD STACK OF PRESENTS,196.44,816,36,0.24073529411764705
90013A,MIDNIGHT BLUE VINTAGE EARRINGS,195.32,52,32,3.756153846153846
84926F,PSYCHEDELIC TILE COASTER,195.22,430,28,0.454
20617,FIRST CLASS PASSPORT COVER ,194.94,93,43,2.0961290322580646
23697,A PRETTY THANK YOU CARD,194.58,456,35,0.4267105263157895
22884,NUMBER TILE VINTAGE FONT 5,194.04999999999998,99,36,1.96010101010101
20654,FIRST CLASS LUGGAGE TAG ,193.59,152,49,1.2736184210526316
90018A,SILVER M.O.P ORBIT DROP EARRINGS,193.33,46,37,4.202826086956522
90082A,DIAMANTE BOW BROOCH GREEN COLOUR,193.2,30,18,6.4399999999999995
21306,SET/4 DAISY MIRROR MAGNETS,193.03,495,44,0.38995959595959595
84910A,PINK PAISLEY CUSHION COVER ,192.14,26,17,7.39
22883,NUMBER TILE VINTAGE FONT 4,191.48,100,32,1.9147999999999998
47471,RAINBOW PEGS PHOTO CLIP STRING,191.18,292,39,0.6547260273972603
85045,GREEN CHRISTMAS TREE STRING 20LIGHT,191.1,42,11,4.55
90030B,RED KUKUI COCONUT SEED NECKLACE,190.73000000000002,122,25,1.563360655737705
90184C,BLACK CHUNKY BEAD BRACELET W STRAP,190.51999999999998,21,17,9.072380952380952
21027,NINJA RABBIT PINK,190.29,169,42,1.1259763313609468
21418,STARFISH SOAP DISH,189.75,74,25,2.564189189189189
21196,ROUND WHITE CONFETTI IN TUBE,189.67999999999998,108,13,1.756296296296296
23229,DONKEY TAIL GAME ,189.54000000000002,54,4,3.5100000000000002
21807,WHITE CHRISTMAS STAR DECORATION,189.42,439,30,0.43148063781321183
21311,SET/4 BIRD MIRROR MAGNETS ,188.86999999999998,485,51,0.3894226804123711
85020,ROUND PINK HEART MIRROR,188.81,85,22,2.2212941176470586
84804B,BLUE DELPHINIUM ARTIFICIAL FLOWER,188.37000000000003,99,6,1.902727272727273
20694,FLORAL PINK MONSTER,187.54,43,16,4.361395348837209
84711B,PINK OVAL SHAPE TRINKET BOX,186.64,20,13,9.331999999999999
84535A,ENGLISH ROSE NOTEBOOK A6 SIZE,186.56,399,21,0.4675689223057644
21826,EIGHT PIECE DINOSAUR SET,186.43,126,35,1.4796031746031746
21402,RED  EGG  SPOON,185.51999999999998,1369,92,0.13551497443389335
84429A,MEDIUM PINK BUDDHA HEAD ,185.45000000000002,55,21,3.371818181818182
90201C,RED ENAMEL FLOWER RING,185.42000000000002,63,21,2.9431746031746036
78033,FLAG OF ST GEORGE CHAIR,185.3,38,8,4.876315789473685
23436,GIFT BAG LARGE VINTAGE CHRISTMAS,185.0,148,9,1.25
72801d,4 SKY BLUE DINNER CANDLES,184.7,75,44,2.4626666666666663
23416,CHAMBRE HOOK,184.67999999999998,132,25,1.399090909090909
90016B,GOLD/M.O.P PENDANT ORBIT NECKLACE,184.66,22,19,8.393636363636363
85055,FRENCH ENAMEL UTENSIL HOLDER,183.71,45,16,4.0824444444444445
84509E,SET OF 4 CAROUSEL PLACEMATS ,183.45,91,23,2.015934065934066
84927F,PSYCHEDELIC TILE HOOK,182.95000000000002,299,44,0.6118729096989967
79030G,"TUMBLER, NEW ENGLAND",182.29999999999998,142,14,1.2838028169014084
71143,SILVER BOOK MARK WITH BEADS,182.25,161,34,1.1319875776397517
22032,BOTANICAL LILY GREETING CARD,181.98,427,60,0.42618266978922714
84907,PINK YELLOW PATCH CUSHION COVER,180.93,29,23,6.23896551724138
85215,ASSORTED CHEESE FRIDGE MAGNETS,180.71,223,18,0.8103587443946189
72801C,4 ROSE PINK DINNER CANDLES,180.65,145,19,1.2458620689655173
84804A,CREAM DELPHINIUM ARTIFICIAL FLOWER,180.58,70,8,2.579714285714286
84859C,PINK DISCO HANDBAG,180.51999999999998,84,22,2.149047619047619
22157,ANGEL DECORATION WITH LACE PADDED,180.2,212,11,0.85
21721,CANDY SHOP  STICKER SHEET,179.45999999999998,195,33,0.9203076923076922
79190A,RETRO PLASTIC 70'S TRAY,179.35999999999999,384,63,0.4670833333333333
40003,WHITE BAMBOO RIBS LAMPSHADE,179.23,155,15,1.1563225806451611
16258A,SWIRLY CIRCULAR RUBBERS IN BAG,178.97,472,59,0.3791737288135593
21847,GREEN  DIAMANTE PEN IN GIFT BOX,178.89,76,33,2.353815789473684
85131C,BEADED CRYSTAL HEART BLUE ON STICK,178.85,193,50,0.9266839378238342
85123A,CREAM HANGING HEART T-LIGHT HOLDER,178.51000000000002,61,9,2.926393442622951
23126,DOLLCRAFT GIRL AMELIE,178.2,36,8,4.949999999999999
22872,NUMBER TILE COTTAGE GARDEN 4,177.46,72,30,2.4647222222222225
84685,BEACH HUT KEY CABINET,177.33,34,21,5.215588235294118
21319,GLASS CHALICE GREEN  SMALL ,175.78,161,19,1.0918012422360248
84507C,BLUE CIRCLES DESIGN MONKEY DOLL,175.73,66,28,2.6625757575757576
gift_0001_30,Dotcomgiftshop Gift Voucher £30.00,175.53,7,7,25.075714285714287
85211,S/4 GROOVY CAT MAGNETS,175.16,149,24,1.1755704697986578
22764,"RUSTIC WOODEN CABINET, GLASS DOORS",174.76999999999998,5,3,34.95399999999999
90197B,BLACK GLASS BRACELET W HEART CHARMS,174.73000000000002,35,27,4.992285714285715
84691,PACK 20 DOLLY PEGS,174.5,242,4,0.7210743801652892
84800M,MEDIUM WHITE/PINK ROSE ART FLOWER,174.31,127,11,1.3725196850393702
35810B,ENAMEL BLUE RIM COFFEE CONTAINER,174.09,152,26,1.1453289473684212
84905,PINK BUTTERFLY CUSHION COVER ,173.48,35,20,4.956571428571428
22042,CHRISTMAS CARD SINGING ANGEL,173.37,411,39,0.4218248175182482
44235,ASS COL CIRCLE MOBILE ,173.15999999999997,474,6,0.36531645569620247
16168M,FUNKY MONKEY GIFT BAG MEDIUM,173.12,371,41,0.46663072776280323
22885,NUMBER TILE VINTAGE FONT 6 ,172.78,96,28,1.7997916666666667
47481,50CM METAL STRING WITH  7 CLIPS,172.64,226,23,0.7638938053097345
21030,SPACE CADET RED,172.2,141,33,1.2212765957446807
82011C,BATHROOM SCALES FOOTPRINTS IN SAND,172.05,51,20,3.373529411764706
84963A,PINK PAINTED KASHMIRI CHAIR,171.8,4,1,42.95
62086A,PINK RETRO BIG FLOWER BAG,171.6,88,14,1.95
90082B,DIAMANTE BOW BROOCH RED COLOUR,171.45,27,10,6.35
85146,JARDIN ETCHED GLASS SMALL BELL JAR,171.11,45,9,3.8024444444444447
21763,VINTAGE WOODEN BAR STOOL,169.75,6,4,28.291666666666668
85129B,BEADED CRYSTAL HEART GREEN SMALL,168.59,119,31,1.4167226890756304
21333,CLASSIC WHITE FRAME,168.16000000000003,56,16,3.002857142857143
90145,SILVER HOOP EARRINGS WITH FLOWER,168.0,28,18,6.0
84661A,WHITE SQUARE TABLE CLOCK,167.79,104,20,1.6133653846153846
85145,JARDIN ETCHED GLASS LARGE BELL JAR,167.70000000000002,38,13,4.413157894736843
gift_0001_50,Dotcomgiftshop Gift Voucher £50.00,167.56,4,4,41.89
90010A,MIDNIGHT BLUE GLASS/SILVER BRACELET,167.3,18,15,9.294444444444444
gift_0001_20,Dotcomgiftshop Gift Voucher £20.00,167.05,10,9,16.705000000000002
21457,2 PICTURE BOOK EGGS EASTER DUCKS,165.89,124,25,1.3378225806451611
21280,VINTAGE KITCHEN PRINT VEGETABLES,165.75,65,12,2.55
21331,MOROCCAN BEATEN METAL DISH LARGE,165.74,12,8,13.811666666666667
72225C,LAVENDER SCENT CAKE CANDLE,165.6,624,17,0.2653846153846154
23694,PAISLEY PARK CARD,165.07999999999998,376,41,0.4390425531914893
BANK CHARGES,Bank Charges,165.001,12,11,13.750083333333334
22538,MINI JIGSAW GO TO THE FAIR,164.84,403,40,0.40903225806451615
21698,MOCK LOBSTER FRIDGE MAGNET,164.17,296,45,0.5546283783783783
90120B,BLUE MURANO TWIST BRACELET,164.12,39,15,4.208205128205129
90191,SILVER LARIAT 40CM,163.82,26,10,6.30076923076923
90209A,PURPLE ENAMEL+GLASS HAIR COMB,163.8,84,4,1.9500000000000002
22408,MONEY BOX CONFECTIONERY DESIGN,163.69,146,29,1.1211643835616438
22871,NUMBER TILE COTTAGE GARDEN 3 ,163.35,67,25,2.4380597014925374
16207A,PINK STRAWBERRY HANDBAG ,163.1,60,34,2.7183333333333333
90014A,SILVER/MOP ORBIT NECKLACE,162.79,16,15,10.174375
21100,CHARLIE AND LOLA CHARLOTTE BAG,162.20999999999998,65,27,2.495538461538461
84683,CLASSICAL ROSE CANDLESTAND,162.20000000000002,194,12,0.8360824742268043
85114a,BLACK ENCHANTED FOREST PLACEMAT,161.70000000000002,49,15,3.3000000000000003
21369,MIRRORED WALL ART SPLODGES,161.49,101,16,1.598910891089109
85027L,FRENCH CHATEAU LARGE PLATTER ,160.5,70,18,2.2928571428571427
84799,SPRIG LAVENDER ARTIFICIAL FLOWER,160.48,224,10,0.7164285714285714
21344,MOROCCAN BEATEN METAL DISH,160.09,15,6,10.672666666666666
23305,SET 4 PICNIC CUTLERY BLUEBERRY,159.9,82,9,1.9500000000000002
84993A,75 GREEN PETIT FOUR CASES,159.69,343,55,0.4655685131195335
23545,WRAP RED DOILEY,159.6,380,16,0.42
84247G,"DECOUPAGE,GREETING CARD,",158.63,357,32,0.44434173669467786
84997c,BLUE 3 PIECE POLKADOT CUTLERY SET,158.23,19,6,8.327894736842104
90013C,GREEN VINTAGE EARRINGS ,158.08,39,28,4.053333333333334
17038,PORCELAIN BUDAH INCENSE HOLDER,158.06,1525,34,0.10364590163934427
84508C,BLUE CIRCLES DESIGN TEDDY,157.5,57,25,2.763157894736842
16156L,WRAP CAROUSEL,157.5,375,14,0.42
23417,BATHROOM HOOK,157.5,146,27,1.0787671232876712
90134,OLD ROSE COMBO BEAD NECKLACE,157.5,54,45,2.9166666666666665
84882,GREEN WIRE STANDING CANDLE HOLDER,157.34,38,18,4.140526315789474
35649,VINTAGE BEAD COSMETIC BAG ,156.85,57,35,2.751754385964912
23468,TUSCAN VILLA BIRD TABLE ,156.75,19,11,8.25
84673B,BLUE FLY SWAT,156.63,179,66,0.8750279329608939
44234,ASSORTED CIRCULAR MOBILE,155.82,698,33,0.22323782234957018
21349,IVY HEART WREATH,155.6,18,11,8.644444444444444
22353,LUNCH BOX WITH CUTLERY FAIRY CAKES ,155.54999999999998,61,24,2.55
23196,RETRO LEAVES MAGNETIC NOTEPAD,155.54,106,19,1.4673584905660377
84595E,LARGE TORTILLA DESIGN RED BOWL,154.67999999999998,78,22,1.9830769230769227
23496,PANTRY KITCHEN THERMOMETER ,154.52,112,31,1.3796428571428572
84827,ASS DES PHONE SPONGE CRAFT STICKER,154.39,511,14,0.30213307240704496
21614,SET OF 12 ROSE BOTANICAL T-LIGHTS,153.29000000000002,51,9,3.0056862745098045
17107D,FLOWER FAIRY 5 DRAWER LINERS,153.0,60,20,2.55
90014B,GOLD M PEARL  ORBIT NECKLACE,152.84,15,13,10.189333333333334
21145,ANTIQUE GLASS PLACE SETTING,152.5,122,8,1.25
90198B,VINTAGE ROSE BEAD BRACELET BLACK,152.4,36,17,4.233333333333333
23484,HEART TRELLISTRIPLE T-LIGHT HOLDER,152.24,56,5,2.718571428571429
84877D,BLUE ROUND COMPACT MIRROR,152.18,97,18,1.5688659793814435
84865,NEW BAROQUE BLACK PHOTO ALBUM,152.11,29,14,5.245172413793104
72128,COLUMBIAN CANDLE ROUND,152.04999999999998,193,36,0.7878238341968911
21401,BLUE PUDDING SPOON,151.19,1052,82,0.14371673003802282
85135A,YELLOW DRAGONFLY HELICOPTER,151.05,19,8,7.95
22415,WHITE TISSUE REAM,151.05,19,13,7.95
22874,NUMBER TILE COTTAGE GARDEN 6,150.81,65,21,2.320153846153846
DCGSSBOY,BOYS PARTY BAG,150.54999999999998,47,11,3.2031914893617017
21738,COSY SLIPPER SHOES SMALL  RED ,150.48000000000002,48,21,3.1350000000000002
21459,YELLOW EASTER EGG HUNT START POST,150.38,76,19,1.9786842105263158
84629,WHITE 3 FRAME BIRDS AND TREE ,150.0,20,10,7.5
84963B,BLUE PAINTED KASHMIRI CHAIR,149.85000000000002,3,1,49.95000000000001
90013B,BLACK VINTAGE EARRINGS,149.41000000000003,36,31,4.150277777777778
23256,KIDS CUTLERY SPACEBOY ,149.4,36,8,4.15
23254,KIDS CUTLERY DOLLY GIRL ,149.4,36,8,4.15
46000R,POLYESTER FILLER PAD 45x30cm,149.35,103,38,1.45
21117,BLOND DOLL DOORSTOP,149.25,115,14,1.2978260869565217
22875,NUMBER TILE COTTAGE GARDEN 7,149.09,63,25,2.3665079365079364
90185D,CRYSTAL DIAMANTE EXPANDABLE RING,148.63,35,11,4.246571428571428
23465,TUSCAN VILLA BIRD FEEDER,148.63,17,9,8.742941176470588
84576,BLUE CAT BISCUIT BARREL PINK HEART,148.32,66,17,2.247272727272727
21486,PINK HEART DOTS HOT WATER BOTTLE,147.88,36,11,4.107777777777778
37479P,CUBIC MUG FLOCK PINK ON BROWN,146.91,175,32,0.8394857142857143
82011B,BATHROOM SCALES RUBBER DUCKS,146.85,43,21,3.415116279069767
22868,NUMBER TILE COTTAGE GARDEN 0 ,146.6,64,20,2.290625
22886,NUMBER TILE VINTAGE FONT 7,146.43,87,25,1.6831034482758622
84870B,BLUE GEISHA GIRL ,146.07999999999998,44,25,3.32
84870C,GREEN GEISHA GIRL ,146.05,46,28,3.1750000000000003
23292,SPACE BOY CHILDRENS CUP,145.76,131,6,1.1126717557251908
90116,FRUIT SALAD BAG CHARM,145.52,64,45,2.27375
22873,NUMBER TILE COTTAGE GARDEN 5,145.5,60,26,2.425
84508B,STRIPES DESIGN TEDDY,145.35,57,30,2.55
47343A,FUSCHIA FLOWER PURSE WITH BEADS,145.17,159,14,0.9130188679245282
85118,HEART T-LIGHT HOLDER,144.52,146,10,0.9898630136986302
DCGSSGIRL,GIRLS PARTY BAG,144.43,47,13,3.0729787234042556
20757,RED DAISY POCKET BOOK ,144.29,167,33,0.8640119760479041
21368,MIRRORED WALL ART LADIES,144.03,164,33,0.8782317073170732
84192,ASSORTED COLOUR METAL CAT ,143.75,115,25,1.25
21082,SET/20 FRUIT SALAD PAPER NAPKINS ,143.44,88,25,1.63
20837,FRENCH FLORAL CUSHION COVER ,142.47,141,15,1.0104255319148936
22033,BOTANICAL ROSE GREETING CARD,141.95,337,22,0.42121661721068243
20774,GREEN FERN NOTEBOOK,141.23999999999998,86,44,1.6423255813953486
20661,BLUE POLKADOT PURSE ,141.15,44,33,3.2079545454545455
84796a,PINK HAWAIIAN PICNIC HAMPER FOR 2,141.10999999999999,17,12,8.300588235294116
20836,FRENCH PAISLEY CUSHION COVER,141.1,170,17,0.83
90164B,WHITE  ROSEBUD PEARL BRACELET,140.98,38,15,3.7099999999999995
16054,POPART RECT PENCIL SHARPENER ASST,140.52,1166,33,0.1205145797598628
90170,DAISY HAIR BAND,140.32999999999998,85,37,1.6509411764705881
84744,S/6 SEW ON CROCHET FLOWERS,140.02,110,20,1.272909090909091
22125,UNION JACK HOT WATER BOTTLE ,139.86,13,3,10.758461538461539
23306,SET OF 36 PANTRY PAPER DOILIES,139.78,67,33,2.086268656716418
23091,METAL HERB GERDEN CONTAINER,139.68,24,5,5.82
23463,VINTAGE ZINC WATERING CAN,139.39999999999998,13,8,10.72307692307692
22876,NUMBER TILE COTTAGE GARDEN 8,138.81,61,20,2.2755737704918033
75011,BLUE DAISY MOBILE,138.76,172,12,0.8067441860465115
35922,EASTER BUNNY WREATH,138.6,28,10,4.95
23304,SET 4 PICNIC CUTLERY CHERRY ,138.45,71,9,1.9499999999999997
79191B,RETRO PLASTIC POLKA TRAY,138.29999999999998,159,30,0.8698113207547169
22877,NUMBER TILE COTTAGE GARDEN 9,138.10999999999999,63,19,2.192222222222222
20758,ABSTRACT CIRCLES POCKET BOOK,137.7,162,42,0.85
90181B,AMETHYST GLASS/SHELL/PEARL NECKLACE,137.63,15,14,9.175333333333333
22602,CHRISTMAS RETROSPOT HEART WOOD,137.59,139,27,0.9898561151079137
21736,GOLD SCROLL GLASS T-LIGHT HOLDER,137.22000000000003,80,5,1.7152500000000004
21637,ASSORTED SANSKRIT MINI NOTEBOOK,136.25,109,6,1.25
84660c,PINK STITCHED WALL CLOCK,134.92,18,16,7.495555555555555
90073,VINTAGE ENAMEL & CRYSTAL EARRINGS,134.70000000000002,27,18,4.98888888888889
90115,SUMMER BUTTERFLIES BAG CHARM,134.53,54,31,2.491296296296296
21943,CAKES AND RABBITS DESIGN FLANNEL ,134.48999999999998,119,50,1.1301680672268906
90028,NEW BAROQUE LARGE NECKLACE BLK/WHIT,134.16,16,14,8.385
46000U,POLYESTER FILLER PAD 30CMx30CM,133.75,107,26,1.25
72130,COLUMBIAN CANDLE ROUND,133.34,219,27,0.6088584474885845
35921,EASTER BUNNY HANGING GARLAND,133.23,68,23,1.9592647058823527
20823,GOLD WINE GOBLET,132.72,168,8,0.79
90208,PAIR OF PINK FLOWER CLUSTER SLIDE,132.7,53,37,2.50377358490566
62096A,PINK/YELLOW FLOWERS HANDBAG,132.5,106,8,1.25
21518,BANK ACCOUNT  GREETING  CARD ,132.44,318,38,0.41647798742138364
90210D,PURPLE ACRYLIC FACETED BANGLE,132.05,107,8,1.2341121495327103
23081,GREEN METAL BOX TOP SECRET,132.0,16,4,8.25
23066,SMALL JEWELLERY STAND,132.0,16,6,8.25
85039a,SET/4 RED MINI ROSE CANDLE IN BOWL,131.81,40,29,3.2952500000000002
90185A,AMBER DIAMANTE EXPANDABLE RING,131.03,31,13,4.226774193548387
90164A,PINK ROSEBUD PEARL BRACELET,130.67,27,14,4.839629629629629
90210C,RED   ACRYLIC FACETED BANGLE,130.51000000000002,99,10,1.3182828282828285
84510a,SET OF 4 ENGLISH ROSE COASTERS,130.48,53,40,2.46188679245283
37467,PIG MUG IN TWO COLOUR DESIGNS,130.26999999999998,159,17,0.8193081761006288
90000D,COPPER/OLIVE GREEN FLOWER NECKLACE,129.85,21,14,6.183333333333333
85185B,PINK HORSE SOCK PUPPET KIT,129.8,44,14,2.95
21281,VINTAGE KITCHEN PRINT SEAFOOD,129.63,43,14,3.0146511627906976
47590b,PINK HAPPY BIRTHDAY BUNTING,129.48,12,9,10.79
72799C,PINK PILLAR CANDLE SILVER FLOCK,129.47,81,19,1.598395061728395
21400,RED PUDDING SPOON,128.63,881,72,0.14600454029511917
20826,SILVER APERITIF GLASS,128.4,276,8,0.46521739130434786
35638B,PINK/BLUE STRING CURTAIN ,128.32999999999998,57,5,2.2514035087719297
84846A,SCENTED CANDLE IN DIGITALIS TIN,128.14000000000001,57,13,2.2480701754385968
84800S,SMALL WHITE/PINK ROSE ART FLOWER,127.57000000000001,113,9,1.1289380530973452
90180A,BLACK+WHITE NECKLACE W TASSEL,127.24,17,9,7.484705882352941
85130A,BEADED PEARL HEART WHITE LARGE,127.04999999999998,77,10,1.6499999999999997
79190D,RETRO PLASTIC DAISY TRAY,126.97999999999999,265,47,0.4791698113207547
22887,NUMBER TILE VINTAGE FONT 8,126.78,78,23,1.6253846153846154
23303,SET 4 PICNIC CUTLERY FONDANT,126.75,65,6,1.95
23020,GLASS SONGBIRD STORAGE JAR,126.7,11,3,11.518181818181818
85067,CREAM SWEETHEART WALL CABINET,126.64999999999999,7,5,18.09285714285714
90199C,5 STRAND GLASS NECKLACE CRYSTAL,126.63999999999999,20,10,6.331999999999999
23578,SNACK TRAY RED GINGHAM,125.72,60,14,2.0953333333333335
84968a,SET OF 16 VINTAGE ROSE CUTLERY,125.32999999999998,5,3,25.065999999999995
23065,LARGE JEWELLERY STAND,125.0,10,4,12.5
22888,NUMBER TILE VINTAGE FONT 9 ,124.97999999999999,76,21,1.644473684210526
21420,OYSTER TRINKET BOX,123.66,54,19,2.29
23477,WOODLAND LARGE BLUE FELT HEART,123.47,92,13,1.3420652173913044
37343,POLKADOT MUG PINK ,123.29999999999998,72,13,1.7124999999999997
23454,SET OF 3 MINI HANGING PORTRAITS,123.2,32,2,3.85
90058A,CRYSTAL STUD EARRINGS CLEAR DISPLAY,123.12,324,7,0.38
23457,LARGE PARLOUR FRAME,122.85,27,2,4.55
90195A,PURPLE GEMSTONE BRACELET,122.84,19,10,6.465263157894737
90070,RUBY GLASS CLUSTER BRACELET,122.64000000000001,20,14,6.132000000000001
85086A,CANDY SPOT HEART DECORATION,122.08,146,50,0.8361643835616438
90129B,TURQUOISE GLASS TASSLE BAG CHARM ,121.38000000000001,57,20,2.1294736842105264
37333,"RETRO ""TEA FOR ONE"" ",120.99,21,17,5.761428571428572
20845,ZINC HEART LATTICE 2 WALL PLANTER,120.64999999999999,19,11,6.35
90173,PAIR BUTTERFLY HAIR CLIPS,120.34,32,17,3.760625
23467,VINTAGE ZINC PLANTER  ,120.08000000000001,32,11,3.7525000000000004
35972,DAISY FOLKART HEART DECORATION,120.0,96,16,1.25
23438,GIFT BAG LARGE SPOT ,120.0,96,6,1.25
90161A,ANT COPPER RED BOUDICCA BRACELET,119.91000000000001,24,21,4.996250000000001
90124B,BLUE MURANO TWIST NECKLACE,119.89,12,11,9.990833333333333
90003C,MIDNIGHT BLUE PAIR HEART HAIR SLIDE,119.84,32,24,3.745
84569B,PACK 3 FIRE ENGINE/CAR PATCHES,119.65,86,19,1.391279069767442
23209,LUNCH BAG VINTAGE DOILEY ,119.63,71,5,1.6849295774647888
90122C,TURQUOISE CRYSTAL+GLASS BRACELET,119.23,24,11,4.9679166666666665
10080,GROOVY CACTUS INFLATABLE,119.08999999999999,303,22,0.393036303630363
21032,SPACE CADET WHITE,119.03,98,30,1.214591836734694
84709B,PINK OVAL JEWELLED MIRROR,119.0,20,11,5.95
23359,SET OF 12 T-LIGHTS VINTAGE DOILEY,118.94999999999999,61,6,1.9499999999999997
23280,FOLDING MIRROR HOT PINK ,118.91999999999999,156,5,0.7623076923076922
85114b,IVORY ENCHANTED FOREST PLACEMAT,118.86000000000001,36,14,3.301666666666667
84507B,STRIPES DESIGN MONKEY DOLL,118.72999999999999,39,22,3.0443589743589743
21095,SET/6 POSIES PAPER PLATES,118.72999999999999,125,14,0.9498399999999999
84228,HEN HOUSE W CHICK STANDING,118.21,283,24,0.41770318021201414
90184A,AMBER CHUNKY BEAD BRACELET W STRAP,117.73,13,9,9.056153846153846
21814,HEART T-LIGHT HOLDER ,117.57,78,15,1.5073076923076922
90183A,AMBER DROP EARRINGS W LONG BEADS,117.24000000000001,40,23,2.931
23244,STORAGE TIN VINTAGE LEAF,117.0,60,7,1.95
84741C,CITRUS GARLAND FELT FLOWERS ,117.0,60,14,1.95
23151,ZINC SWEETHEART SOAP DISH,116.82000000000001,62,21,1.8841935483870969
23185,FRENCH STYLE STORAGE JAR JAM,116.58999999999999,323,30,0.3609597523219814
72780,BLACK SILOUETTE CANDLE PLATE,116.44999999999999,137,20,0.8499999999999999
51020A,SUMMER FUN DESIGN SHOWER CAP,116.32999999999998,325,18,0.3579384615384615
72812,LARGE ZINC GLASS CANDLEHOLDER,116.06,34,11,3.413529411764706
84809A,WHITE CHRYSANTHEMUMS ART FLOWER,115.50000000000001,55,8,2.1
16052,TEATIME PUSH DOWN RUBBER,115.3,479,13,0.2407098121085595
90148,LONG SILVER NECKLACE PASTEL FLOWER,114.48,9,6,12.72
23535,WALL ART BICYCLE SAFTEY ,114.15,21,3,5.435714285714286
90130B,TURQ STONE/CRYSTAL EARRINGS,113.97,39,31,2.9223076923076925
47518F,ICON PLACEMAT POP ART ELVIS,113.64,827,28,0.1374123337363966
84457,SET/3 RABBITS FLOWER SKIPPPING ROPE,113.41,127,26,0.8929921259842519
72801D,4 SKY BLUE DINNER CANDLES,113.21,75,18,1.5094666666666665
20795,LARGE BLUE PROVENCAL CERAMIC BALL,113.05000000000001,49,11,2.3071428571428574
47503H,ASS FLORAL PRINT SPIRIT LEVEL ,112.81,101,37,1.116930693069307
84925F,PSYCHEDELIC WALL THERMOMETER,112.47999999999999,80,14,1.406
90003D,CRYSTAL PAIR HEART HAIR SLIDES,112.26,30,16,3.742
90096,NECKLACE+BRACELET SET BLUE BLOSSOM,112.21,45,26,2.4935555555555555
21678,PAISLEY PATTERN  STICKERS,111.86,125,32,0.89488
90214A,"LETTER ""A"" BLING KEY RING",111.66,130,56,0.8589230769230769
90036E,"FLOWER GLASS GARLD NECKL36""AMETHYST",110.95,14,11,7.925
90185C,BLACK DIAMANTE EXPANDABLE RING,110.09,26,10,4.234230769230769
90125D,PURPLE BERTIE GLASS BEAD BAG CHARM,110.03,95,19,1.1582105263157896
20731,POSY CANDY BAG,109.96,92,16,1.1952173913043478
85167B,BLACK GRAND BAROQUE PHOTO FRAME,109.94,50,8,2.1988
21278,VINTAGE KITCHEN PRINT PUDDINGS,109.64999999999999,43,7,2.55
90124C,GREEN MURANO TWIST NECKLACE,109.53999999999999,11,8,9.958181818181817
90122A,PINK CRYSTAL+GLASS BRACELET,109.48,22,14,4.9763636363636365
85096,HILDA CANDY SPOT RABBIT,109.23,25,16,4.3692
20894,HANGING BAUBLE T-LIGHT HOLDER LARGE,108.71000000000001,33,15,3.2942424242424244
23041,PAPER LANTERN 6 POINT SNOW STAR,107.9,26,6,4.15
21372,MIRRORED WALL ART TABLE LAMP,107.75,75,33,1.4366666666666668
35916C,PINK FELT HANGING HEART W FLOWER,107.72,106,20,1.0162264150943396
17090A,LAVENDER INCENSE 40 CONES IN TIN,107.44999999999999,109,10,0.9857798165137613
85129C,BEADED CRYSTAL HEART BLUE SMALL,107.31,80,15,1.341375
21904,HOUSE WRECKING METAL SIGN ,107.10000000000001,51,23,2.1
23626,SET 10 CARDS DINKY TREE 17076,107.07000000000001,43,16,2.49
23455,SMALL PARLOUR FRAME,106.98000000000002,42,2,2.5471428571428576
35818P,"ACRYLIC JEWEL ICICLE, PINK",106.97,266,19,0.40214285714285714
35819B,"ACRYLIC HANGING JEWEL,BLUE",106.81,270,24,0.3955925925925926
90125A,PINK BERTIE GLASS BEAD BAG CHARM,106.24,115,10,0.9238260869565217
20657,TROPICAL LUGGAGE TAG,105.91,73,33,1.4508219178082191
20898,VINTAGE NOTEBOOK TRAVELOGUE,105.73,38,13,2.782368421052632
90016A,SILVER/M.O.P PENDANT ORBIT NECKLACE,105.71000000000001,17,7,6.2182352941176475
85040a,S/4 PINK FLOWER CANDLES IN BOWL,105.28,32,21,3.29
23574,PACKING CHARGE,105.0,14,14,7.5
22039,BOTANICAL LILY GIFT WRAP,105.0,250,7,0.42
84661C,PINK SQUARE TABLE CLOCK,104.84,71,14,1.4766197183098593
35920,FOUR RABBIT EASTER DECORATIONS,104.84,72,15,1.4561111111111111
84461,12 PINK HEN+CHICKS IN BASKET,104.55,41,14,2.55
17084P,DRAGONS BLOOD INCENSE,104.44,423,39,0.24690307328605202
20796,SMALL BLUE PROVENCAL CERAMIC BALL,103.93999999999998,62,9,1.6764516129032256
79144B,PAINTED LIGHTBULB STAR+ MOON,103.64999999999999,181,53,0.5726519337016575
84247E,PACK/12 XMAS FUN CARD,103.25000000000001,35,11,2.9500000000000006
90032,IVORY SHELL HEART NECKLACE,103.13,21,8,4.910952380952381
22879,NUMBER TILE VINTAGE FONT 0,102.46,70,16,1.4637142857142855
90196A,PURPLE GEMSTONE NECKLACE 45CM,102.0,8,5,12.75
90063A,WHITE VINT ART DECO CRYSTAL NECKLAC,102.0,12,8,8.5
21109,"LARGE CAKE TOWEL, CHOCOLATE SPOTS",101.53,11,8,9.23
20701,PINK CAT FLORAL CUSHION COVER ,100.97,25,18,4.0388
35637C,PINK STRING CURTAIN WITH POLE,100.86,30,9,3.362
16033,MINI HIGHLIGHTER PENS,100.79999999999998,840,4,0.11999999999999998
35911B,PINK/FLOWER RABBIT EGG WARMER ,100.76,119,15,0.8467226890756303
gift_0001_40,Dotcomgiftshop Gift Voucher £40.00,100.69999999999999,3,3,33.56666666666666
21370,MIRRORED WALL ART FOXY,100.66000000000001,16,9,6.291250000000001
90010B,BLACK/WHITE GLASS/SILVER BRACELET,100.08999999999999,11,7,9.099090909090908
90081C,LILY BROOCH OLIVE COLOUR,99.60000000000001,20,15,4.98
23611,SET 10 CARDS RED RIDING HOOD 17214,99.60000000000001,40,16,2.49
17091A,LAVENDER INCENSE IN TIN,99.29,172,25,0.5772674418604652
23464,VINTAGE ZINC WATERING CAN SMALL,99.2,18,8,5.511111111111111
23465,TUSCAN VILLA FEEDING STATION,99.0,12,7,8.25
23466,TUSCAN VILLA DOVECOTE,99.0,12,4,8.25
23191,BUNDLE OF 3 RETRO EXERCISE BOOKS,98.99999999999999,60,5,1.6499999999999997
84510c,SET OF 4 POLKADOT COASTERS,98.7,40,23,2.4675000000000002
84898F,YELLOW FLOWERS FELT HANDBAG KIT,98.63000000000001,46,19,2.144130434782609
79144C,PAINTED LIGHTBULB RAINBOW DESIGN,98.53999999999999,153,51,0.6440522875816993
90101,WHITE FRANGIPANI NECKLACE,98.07,39,17,2.5146153846153845
84723,CHERRY BLOSSOM CANVAS ART PICTURE,97.95,41,6,2.3890243902439026
47369B,BLUE GREEN EMBROIDERY COSMETIC BAG,97.13,35,22,2.775142857142857
90185B,AMETHYST DIAMANTE EXPANDABLE RING,97.02,23,12,4.218260869565217
84806A,PINK CANDYSTUFT ARTIFICIAL FLOWER,96.88999999999999,137,11,0.7072262773722626
90204,PAIR OF ENAMEL BUTTERFLY HAIRCLIP,96.86,29,18,3.34
84801A,PINK HYDRANGEA ART FLOWER,96.60000000000001,46,5,2.1
90019B,GOLD M.O.P ORBIT BRACELET,96.52000000000001,18,18,5.362222222222223
72801c,4 ROSE PINK DINNER CANDLES,95.94,39,25,2.46
21722,SWEET PUDDING STICKER SHEET,95.52999999999999,98,36,0.9747959183673468
90174,BUTTERFLY HAIR BAND,95.41999999999999,38,21,2.511052631578947
21777,RECIPE BOX WITH METAL HEART,95.4,12,6,7.95
90036D,"FLOWER GLASS GARLAND NECKL.36""BLACK",95.35000000000001,12,5,7.945833333333334
90146,FINE SILVER NECKLACE W PASTEL FLOWE,95.35000000000001,17,7,5.608823529411765
90178A,AMBER CHUNKY GLASS+BEAD NECKLACE,95.25,8,8,11.90625
20653,CHERRY BLOSSOM LUGGAGE TAG,95.17999999999999,73,33,1.303835616438356
84527,FLAMES SUNGLASSES PINK LENSES,95.1,52,8,1.8288461538461538
84666,SQUARE CHERRY BLOSSOM CABINET,94.80000000000001,24,4,3.9500000000000006
90133,TEAL/FUSCHIA COL BEAD NECKLACE,94.43,19,13,4.970000000000001
20622,VIP PASSPORT COVER ,94.04,43,17,2.1869767441860466
23402,HOME SWEEET HOME 3 PEG HANGER ,93.75,25,4,3.75
82613A,"METAL SIGN,CUPCAKE SINGLE HOOK",93.63,72,18,1.3004166666666666
47369A,PINK GREEN EMBROIDERY COSMETIC BAG,93.19,33,20,2.8239393939393937
20773,BLUE PAISLEY NOTEBOOK,92.39999999999999,56,23,1.65
90018B,GOLD M.O.P ORBIT DROP EARRINGS,92.28,22,17,4.194545454545454
35933,PINK STOCKING CHRISTMAS DECORATION,92.21000000000001,226,19,0.40800884955752215
85132a,CHARLIE + LOLA BISCUITS TINS,92.19999999999999,8,8,11.524999999999999
82615,PINK MARSHMALLOW SCARF KNITTING KIT,91.8,36,1,2.55
90030C,BROWN KUKUI COCONUT SEED NECKLACE,91.7,77,11,1.190909090909091
90175B,PINK GLASS CHUNKY CHARM BRACELET,91.68,10,9,9.168000000000001
20901,VINTAGE KEEPSAKE BOX PINK FLOWER,91.48,20,15,4.574
23075,DOUBLE CERAMIC PARLOUR HOOK,91.30000000000001,22,5,4.15
20662,FIRST CLASS HOLIDAY PURSE ,90.42,31,20,2.9167741935483873
85230F,JASMINE VOTIVE CANDLE,90.33999999999999,338,12,0.26727810650887573
90163A,PINK ROSEBUD & PEARL NECKLACE,90.32,12,9,7.526666666666666
90022,EDWARDIAN DROP EARRINGS JET BLACK,90.2,24,20,3.7583333333333333
21690,SILVER  CANDLEPOT JARDIN ,90.0,24,7,3.75
72051S,BAG OF SILVER STONES,89.94999999999999,131,13,0.6866412213740457
35833P,4 PINK FLOCK CHRISTMAS BALLS,89.72,50,22,1.7944
35400,WOODEN BOX ADVENT CALENDAR ,89.5,10,5,8.95
20892,SET/3 TALL GLASS CANDLE HOLDER PINK,89.22,4,3,22.305
90123A,PINK HEART OF GLASS BRACELET,89.12,15,9,5.941333333333334
84984A,GREEN PEONY CUSHION COVER,88.35000000000001,19,6,4.65
84306,S/3 PINK SQUARE PLANTERS ROSES,88.22,10,9,8.822
90166,PINK & WHITE ROSEBUD RING,88.04,21,15,4.192380952380953
90129F,RED GLASS TASSLE BAG CHARM,88.03,40,16,2.20075
84531B,BLUE KNITTED EGG COSY,87.56,156,28,0.5612820512820513
84989a,75 GREEN FAIRY CAKE CASES,87.51,42,25,2.0835714285714286
23442,12 HANGING EGGS HAND PAINTED,87.36,42,7,2.08
20869,GOLD FABRIC MIRROR,86.76,180,29,0.48200000000000004
21038,SET/4 MODERN VINTAGE COTTON NAPKINS,86.75,77,23,1.1266233766233766
23614,SET 10 CARDS 12 DAYS WRAP  17058,86.58000000000001,26,11,3.3300000000000005
90003E,GREEN PAIR HEART HAIR SLIDES,86.11,23,14,3.743913043478261
79051A,SMOKEY GREY COLOUR GLASS,85.91999999999999,240,15,0.35799999999999993
79403,FROSTED WHITE BASE ,85.52,95,15,0.9002105263157895
75172,PAINTED SEA SHELL METAL WINDCHIME,85.31,93,8,0.9173118279569893
20821,GOLDIE LOOKING MIRROR,84.15,17,6,4.95
23456,MEDIUM PARLOUR FRAME ,84.1,22,2,3.8227272727272723
79030D,"TUMBLER, BAROQUE",84.03999999999999,56,7,1.5007142857142857
16169K,WRAP FOLK ART,84.0,200,8,0.42
20941,FROG CANDLE,83.78,64,19,1.3090625
90072,RUBY DROP CHANDELIER EARRINGS,83.42,21,14,3.9723809523809526
22016,Dotcomgiftshop Gift Voucher £100.00,83.33,1,1,83.33
90123C,GREEN HEART OF GLASS BRACELET,83.29,14,6,5.949285714285715
90129A,PINK GLASS TASSLE BAG CHARM ,82.97999999999999,45,20,1.8439999999999999
84881,BLUE WIRE SPIRAL CANDLE HOLDER,82.57,12,6,6.8808333333333325
35638A,PINK AND BLACK STRING CURTAIN,82.1,38,5,2.1605263157894736
35968,FOLK ART METAL HEART T-LIGHT HOLDER,82.1,163,19,0.503680981595092
16049,TEATIME GEL PENS ASST,82.08,504,5,0.16285714285714287
90108,BLUE BLOSSOM HAIR CLIP,81.96000000000001,70,12,1.170857142857143
21226,POCKET MIRROR WOODLAND,81.8,94,20,0.8702127659574468
20664,TROPICAL HOLIDAY PURSE ,81.66,32,18,2.551875
71496A,A4 WALL TIDY BLUE OFFICE,80.96000000000001,127,12,0.63748031496063
90175C,BLUE GLASS CHUNKY CHARM BRACELET,80.55,9,6,8.95
84249A,"GREETING CARD,SQUARE, DOUGHNUTS",80.46,174,27,0.46241379310344827
84927E,FLOWERS TILE HOOK,80.16000000000001,59,13,1.3586440677966103
23370,SET 36 COLOUR PENCILS DOILEY,80.0,64,3,1.25
90129C,GREEN GLASS TASSLE BAG CHARM,79.76,35,16,2.278857142857143
90124A,PINK MURANO TWIST NECKLACE,79.66,8,6,9.9575
90162B,ANT SILVER LIME GREEN BOUDICCA RING,79.65,27,10,2.95
84984B,RED PEONY CUSHION COVER ,79.05000000000001,17,5,4.65
72811,SMALL ZINC/GLASS CANDLEHOLDER,78.92999999999999,53,8,1.4892452830188678
84847,FLORAL BATHROOM SET,78.75,21,11,3.75
90039D,FIRE POLISHED GLASS BRACELET GREEN,78.69,21,9,3.747142857142857
84906,PINK B'FLY C/COVER W BOBBLES,78.17,12,7,6.514166666666667
37479B,CUBIC MUG FLOCK BLUE ON BROWN,78.09,131,21,0.5961068702290077
90000A,RASPBERRY ANT COPPER FLOWER NECKLAC,77.91,13,8,5.993076923076923
90086,CRYSTAL FROG PHONE CHARM,77.78999999999999,102,28,0.7626470588235293
23497,CLASSIC CROME BICYCLE BELL ,77.4,60,2,1.29
90129E,PURPLE GLASS TASSLE BAG CHARM,77.03999999999999,42,14,1.834285714285714
20980,36 PENCILS TUBE POSY,76.91,79,20,0.9735443037974683
84531A,PINK KNITTED EGG COSY,76.69,147,29,0.5217006802721088
46000P,POLYESTER FILLER PAD 65CMx65CM,76.5,18,6,4.25
84840,SWEETHEART CARRY-ALL BASKET,76.44,6,6,12.74
90099,NECKLACE+BRACELET SET BLUE HIBISCUS,76.38,27,16,2.828888888888889
90063B,BLACK VINT ART DEC CRYSTAL NECKLACE,76.32,9,6,8.479999999999999
90177C,DROP DIAMANTE EARRINGS CRYSTAL,76.23,26,14,2.931923076923077
16207B,PINK HEART RED HANDBAG,76.14,29,18,2.62551724137931
20798,CLEAR MILKSHAKE GLASS,75.60000000000001,36,5,2.1
22416,SET OF 36 SPACEBOY PAPER DOILIES,75.42,51,8,1.4788235294117646
21946,PARTY TIME DESIGN FLANNEL,75.35,86,25,0.8761627906976743
21413,PERIWINKLE T-LIGHT HOLDER,75.02,48,17,1.5629166666666665
23061,VINTAGE ENGRAVED HEART,75.0,60,4,1.25
gift_0001_10,Dotcomgiftshop Gift Voucher £10.00,74.97,9,8,8.33
84968d,SET OF 16 VINTAGE RED CUTLERY,74.88,3,3,24.959999999999997
23044,PAPER LANTERN 9 POINT HOLLY STAR 23,74.7,18,5,4.15
84251G,"GREETING CARD, OVERCROWDED POOL.",74.7,270,53,0.27666666666666667
23068,ALUMINIUM HEART,74.7,30,6,2.49
90118,PINK DAISY BAG CHARM,74.64,30,19,2.488
17012E,ORIGAMI OPIUM INCENSE/CANDLE SET ,74.64,68,10,1.0976470588235294
85132b,CHARLIE AND LOLA TABLE TINS,74.60999999999999,9,9,8.29
85198,ASSORTED FARMYARD ANIMALS IN BUCKET,74.58,90,9,0.8286666666666667
21087,SET/6 POSIES PAPER CUPS,74.57000000000001,141,16,0.5288652482269504
90059A,DIAMANTE HAIR GRIP PACK/2 CRYSTAL,74.53,45,27,1.6562222222222223
22285,"DECORATION HEN ON NEST, HANGING",74.42999999999999,42,6,1.772142857142857
90081A,LILY BROOCH AMETHYST COLOUR,74.25,15,8,4.95
90098,NECKLACE+BRACELET PINK BUTTERFLY,73.95,29,10,2.5500000000000003
90177D,DROP DIAMANTE EARRINGS PURPLE,73.53,25,14,2.9412000000000003
85197,SET OF 12 MINI BUNNIES IN A BUCKET,73.5,35,19,2.1
90214C,"LETTER ""C"" BLING KEY RING",72.77,91,33,0.7996703296703296
90103,PURPLE FRANGIPANI NECKLACE,72.66,29,16,2.50551724137931
84231,EASTER BUNNY WITH BASKET ON BACK,72.63,108,20,0.6725
20960,WATERMELON BATH SPONGE,72.49,29,10,2.4996551724137928
72801G,4 BURGUNDY WINE DINNER CANDLES,72.46,57,13,1.2712280701754386
90030A,SPOTTED WHITE NATURAL SEED NECKLACE,72.0,72,7,1.0
90036C,"FLOWER GLASS GARLAND NECKL.36""BLUE",71.4,9,5,7.933333333333334
22950,SET OF 36 VINTAGE CHRISTMAS DOILIES,71.27,38,8,1.8755263157894735
17014A,ORIGAMI VANILLA INCENSE CONES,71.19,155,8,0.45929032258064517
23413,DECROTIVEVINTAGE COFFEE GRINDER BOX,71.08,12,6,5.923333333333333
20933,YELLOW POT PLANT CANDLE,71.05,23,9,3.0891304347826085
90214S,"LETTER ""S"" BLING KEY RING",71.0,94,41,0.7553191489361702
90211A,DIAMOND LAS VEGAS NECKLACE 45CM,70.97,12,8,5.914166666666667
47589,CONGRATULATIONS BUNTING,70.85000000000001,13,3,5.450000000000001
84251B,"GREETING CARD, STICKY GORDON",70.78,245,53,0.28889795918367345
51020B,STRIPY DESIGN SHOWER CAP,70.57,197,15,0.3582233502538071
84927A,WAKE UP COCKEREL TILE HOOK,70.45,50,18,1.409
85026B,EAU DE NILE JEWELLED T-LIGHT HOLDER,70.27,79,11,0.8894936708860759
90051,CRACKED GLAZE NECKLACE RED,70.16,10,7,7.016
16161G,WRAP BAD HAIR DAY,70.0,700,22,0.1
16020C,CLEAR STATIONERY BOX SET ,69.89999999999999,84,17,0.8321428571428571
90125C,TURQUOISE BERTIE GLASS BEAD CHARM,69.85,77,7,0.907142857142857
46126A,ELVIS WALLHANGING / CURTAIN,69.84,52,8,1.343076923076923
81952V,ROUND PURPLE CLOCK WITH SUCKER,69.73,367,24,0.19
22949,SET OF 36 DOLLY GIRL PAPER DOILIES,69.66,45,15,1.5479999999999998
90199A,5 STRAND GLASS NECKLACE BLACK,69.63,11,6,6.329999999999999
84549,CROCHET WHITE RABBIT KEYRING ,69.38,38,7,1.8257894736842104
23040,PAPER LANTERN 9 POINT SNOW STAR,69.0,12,4,5.75
90019C,SILVER BLACK ORBIT BRACELET,68.73,13,11,5.2869230769230775
85188B,PINK METAL SWINGING BUNNY,68.69999999999999,78,10,0.8807692307692306
90151,SILVER/NATURAL SHELL NECKLACE,68.0,8,4,8.5
22597,CHRISTMAS MUSICAL ZINC HEART ,67.89999999999999,58,10,1.1706896551724137
90194,SILVER LARIAT BLACK STONE EARRINGS,67.87,16,10,4.241875
84247K,"FOLK ART GREETING CARD,pack/12",67.85000000000001,23,9,2.95
90000B,MIDNIGHT BLUE COPPER FLOWER NECKLAC,67.83,11,7,6.166363636363636
90155,RESIN NECKLACE W PASTEL BEADS,67.62,9,7,7.513333333333334
84874B,BLUE TRAVEL FIRST AID KIT,67.50999999999999,41,14,1.6465853658536582
82011A,"BATHROOM SCALES, TROPICAL BEACH",67.5,18,12,3.75
85049B,LUSH GREENS RIBBONS,67.5,54,13,1.25
35916A,YELLOW FELT HANGING HEART W FLOWER,67.39,87,29,0.7745977011494253
90144,SILVER DROP EARRINGS WITH FLOWER,67.36,18,14,3.7422222222222223
90024B,NEW BAROQUE B'FLY NECKLACE RED,67.28,8,6,8.41
37444A,YELLOW BREAKFAST CUP AND SAUCER,67.13000000000001,55,18,1.2205454545454548
84859B,BLUE DISCO HANDBAG,66.75999999999999,32,11,2.0862499999999997
90040B,MURANO STYLE GLASS BRACELET BLACK,66.7,18,11,3.7055555555555557
35819P,"ACRYLIC HANGING JEWEL,PINK",66.55,95,7,0.7005263157894737
84686,BEACH HUT MIRROR,66.39,49,8,1.3548979591836734
17011F,ORIGAMI SANDLEWOOD INCENSE+FLOWER,66.36000000000001,81,7,0.8192592592592595
72807a,SET/3 ROSE CANDLE IN JEWELLED BOX,66.32,8,5,8.29
20663,QUEEN OF THE SKIES HOLIDAY PURSE ,66.26,25,20,2.6504000000000003
85008,SET OF 3 CONEY ISLAND OVAL BOXES,66.12,13,8,5.086153846153847
20835,FRENCH LATTICE CUSHION COVER ,65.8,67,8,0.9820895522388059
21031,SPACE CADET BLACK,65.49,53,19,1.2356603773584904
90214L,"LETTER ""L"" BLING KEY RING",65.03999999999999,94,37,0.6919148936170212
84247N,PACK/12 BLUE FOLKART CARDS,64.9,22,18,2.95
90186B,CRYSTAL HOOP EARRING FLORAL LEAF,64.58,22,15,2.9354545454545455
23235,BISCUIT TIN VINTAGE LEAF,64.56,24,3,2.69
90202D,PINK ENAMEL FLOWER HAIR TIE,64.46000000000001,22,11,2.93
90082D,DIAMANTE BOW BROOCH BLACK COLOUR,64.38,10,5,6.438
90202A,PURPLE ENAMEL FLOWER HAIR TIE,64.28,22,15,2.921818181818182
90036F,"FLOWER GLASS GARLD NECKL36""TURQUOIS",64.08,8,5,8.01
90181A,AMBER GLASS/SHELL/PEARL NECKLACE,64.04,7,7,9.14857142857143
23253,16 PC CUTLERY SET PANTRY DESIGN,63.8,4,1,15.95
22407,MONEY BOX FIRST ADE DESIGN,63.75,51,13,1.25
84875D,BLUE SQUARE COMPACT MIRROR,63.75,51,8,1.25
21692,SILVER LATTICE VANILLA CANDLE POT,63.75,17,7,3.75
84673A,PINK FLY SWAT,63.720000000000006,92,43,0.692608695652174
72133,COLUMBIAN CANDLE RECTANGLE,63.51,45,16,1.4113333333333333
90196B,BLACK GEMSTONE NECKLACE 45CM,63.480000000000004,5,5,12.696000000000002
35815P,"ACRYLIC JEWEL SNOWFLAKE, PINK",63.28000000000001,162,5,0.39061728395061734
62094B,TURQ ICE CREAM BUM BAG ,63.209999999999994,19,8,3.3268421052631574
90141A,GREEN PENDANT TRIPLE SHELL NECKLACE,63.11,12,10,5.259166666666666
S,SAMPLES,63.05,2,2,31.525
22145,CHRISTMAS CRAFT HEART STOCKING ,63.0,30,1,2.1
84452,METAL RABBIT LADDER EASTER ,62.9,74,16,0.85
40046A,RED DAISY PAPER LAMPSHADE,62.5,50,6,1.25
84760S,SMALL HANGING GLASS+ZINC LANTERN,62.349999999999994,43,8,1.45
72351a,SET/6 TURQUOISE BUTTERFLY T-LIGHTS,62.269999999999996,15,12,4.151333333333333
85160B,BLACK BIRD GARDEN DESIGN MUG,62.239999999999995,106,16,0.5871698113207546
84247L,FAWN AND MUSHROOM GREETING CARD,62.06,128,19,0.48484375
20848,ZINC HEART LATTICE CHARGER SMALL,61.95,21,8,2.95
90210B,CLEAR ACRYLIC FACETED BANGLE,61.56,41,7,1.5014634146341463
90087,CRYSTAL SEA HORSE PHONE CHARM,61.459999999999994,107,25,0.5743925233644859
16151A,FLOWERS HANDBAG blue and orange,61.25,49,3,1.25
23541,"WALL ART ,PUDDINGS ",61.2,8,2,7.65
90183B,AMETHYST DROP EARRINGS W LONG BEADS,61.08,21,17,2.9085714285714284
71495B,CD WALL TIDY RED FLOWERS,61.05,163,8,0.3745398773006135
84985A,SET OF 72 GREEN PAPER DOILIES,60.9,42,18,1.45
21655,HANGING RIDGE GLASS T-LIGHT HOLDER,60.84,36,2,1.6900000000000002
90065A,WHITE VINTAGE CRYSTAL BRACELET,60.75,9,4,6.75
90214K,"LETTER ""K"" BLING KEY RING",60.699999999999996,78,38,0.7782051282051281
84984D,ORIENTAL RED CUSHION COVER ,60.45,13,4,4.65
84805A,CREAM CLIMBING HYDRANGA ART FLOWER,60.0,32,4,1.875
90031,BILI NUT AND WOOD NECKLACE,59.89,50,7,1.1978
90206A,GOLD DIAMANTE STAR BROOCH,59.800000000000004,12,9,4.983333333333333
22847,"BREAD BIN, DINER STYLE, IVORY",59.8,4,1,14.95
22849,"BREAD BIN, DINER STYLE, MINT",59.8,4,1,14.95
23629,SET 10 CARDS DRESSING UP 17077,59.760000000000005,24,10,2.49
23537,I LOVE LONDON WALL ART,59.400000000000006,12,2,4.95
23325,RUSTIC STRAWBERRY JAMPOT SMALL,59.39999999999999,36,3,1.6499999999999997
21910,WAY OUT METAL SIGN ,59.39999999999999,36,8,1.6499999999999997
79071B,ENGLISH ROSE METAL WASTE BIN,59.0,20,11,2.95
90202C,GREEN ENAMEL FLOWER HAIR TIE,58.71,20,14,2.9355
20760,GARDEN PATH POCKET BOOK,58.65,69,21,0.85
84798A,PINK FOXGLOVE ARTIIFCIAL FLOWER,58.64999999999999,23,4,2.55
72134,COLUMBIAN  CUBE CANDLE ,58.62,105,11,0.5582857142857143
90190C,SILVER/AMETHYST DROP EARRINGS LEAF,58.43,20,19,2.9215
84877A,PINK ROUND COMPACT MIRROR,58.16,40,4,1.454
72802a,ROSE SCENT CANDLE IN JEWELLED BOX,58.029999999999994,7,2,8.29
71406C,BLACK ORANGE SQUEEZER,57.96,138,21,0.42
16046,TEATIME PEN CASE & PENS,57.8,68,14,0.85
90210A,GREY ACRYLIC FACETED BANGLE,57.55,34,10,1.6926470588235294
84466,TOP SECRET PEN SET,57.5,46,10,1.25
84597C,RETRO PINK BALL ASHTRAY ,57.5,46,13,1.25
85006,SET 4 NURSERY DES ROUND BOXES,57.25,55,9,1.040909090909091
90214J,"LETTER ""J"" BLING KEY RING",57.21,71,41,0.805774647887324
21460,GREEN EASTER EGG HUNT START POST,56.779999999999994,28,11,2.0278571428571426
90199B,5 STRAND GLASS NECKLACE AMETHYST,56.59,9,8,6.287777777777778
44236,PINK/PURPLE CIRCLE CURTAIN,56.52,52,6,1.0869230769230769
90003B,ROSE COLOUR PAIR HEART HAIR SLIDES,56.31,15,10,3.754
47341B,BLUE TABLE RUN FLOWER,56.25,45,11,1.25
90038A,GLASS AND PAINTED BEADS BRACELET TO,56.15,15,10,3.743333333333333
90050,CRACKED GLAZE NECKLACE IVORY,55.72,8,4,6.965
84679,CLASSICAL ROSE TABLE LAMP,55.7,6,2,9.283333333333333
90023,FILIGREE DIAMANTE EARRINGS,55.02,13,9,4.2323076923076925
84750B,BLACK SMALL GLASS CAKE STAND,54.99,61,12,0.9014754098360656
90014A,SILVER M.O.P. ORBIT NECKLACE,54.800000000000004,11,6,4.981818181818182
90071,RUBY GLASS CLUSTER EARRINGS,54.62,44,33,1.2413636363636362
72132,COLUMBIAN CUBE CANDLE,54.599999999999994,28,12,1.9499999999999997
21336,GOLD WASHBAG,54.57,27,10,2.0211111111111113
90040C,MURANO STYLE GLASS BRACELET GOLD,54.42,15,10,3.628
20759,CHRYSANTHEMUM POCKET BOOK ,54.4,64,20,0.85
90040A,MURANO STYLE GLASS BRACELET RED,54.290000000000006,14,5,3.877857142857143
79323B,BLACK CHERRY LIGHTS,54.0,8,1,6.75
20793,BLUE TILED TRAY,54.0,8,4,6.75
23389,SPACEBOY MINI RUCKSACK,53.95,13,4,4.15
84251C,"GREETING CARD, TWO SISTERS.",53.88,127,40,0.42425196850393704
90012A,MIDNIGHT BLUE DROP CRYSTAL NECKLACE,53.760000000000005,11,5,4.887272727272728
90035A,"PEARL & SHELL 42""NECKL. GREEN",53.62,5,3,10.724
20851,ZINC HEART LATTICE TRAY OVAL ,53.550000000000004,9,7,5.95
20756,GREEN FERN POCKET BOOK,53.55,63,22,0.85
47586A,PINK FAIRY CAKE CUSHION COVER,53.55,21,8,2.55
20697,LITTLE GREEN MONSTER SOFT TOY,53.55,21,11,2.55
90123B,TURQUOISE HEART OF GLASS BRACELET,53.42,9,5,5.935555555555556
90211B,JET BLACK LAS VEGAS NECKLACE 45CM,53.260000000000005,9,6,5.917777777777778
90214E,"LETTER ""E"" BLING KEY RING",53.199999999999996,72,30,0.7388888888888888
20857,BLUE ROSE PATCH PURSE PINK BUTTERFL,52.8,32,8,1.65
90163B,WHITE ROSEBUD & PEARL NECKLACE,52.72,7,5,7.531428571428571
90168,2 DAISIES HAIR COMB,52.56,18,12,2.92
90176D,DIAMANTE NECKLACE PURPLE,52.5,7,4,7.5
84805B,BLUE CLIMBING HYDRANGA ART FLOWER,52.5,38,3,1.381578947368421
84842,HELLO SAILOR BATHROOM SET,52.5,14,9,3.75
90138,WHITE/PINK MINI CRYSTALS NECKLACE,52.42,10,7,5.242
90141C,TURQ PENDANT TRIPLE SHELL NECKLACE,52.31,10,8,5.231
84927D,LA PALMIERA TILE HOOK,52.25,48,14,1.0885416666666667
35265,COLOURFUL FLOWER FRUIT BOWL,52.2,17,12,3.070588235294118
23196,RETO LEAVES MAGNETIC SHOPPING LIST,52.199999999999996,36,3,1.45
23035,DOORKNOB CERAMIC IVORY,52.199999999999996,36,1,1.45
85028S,FRENCH CHATEAU SMALL FRUITBOWL,51.599999999999994,24,8,2.15
90205A,LARGE MINT DIAMANTE HAIRSLIDE,51.51,31,16,1.6616129032258065
84597B,RETRO BROWN BALL ASHTRAY ,51.25,41,5,1.25
20910,VINTAGE PHOTO ALBUM PARIS DAYS,50.8,8,3,6.35
84534B,FAIRY CAKE NOTEBOOK A5 SIZE,50.72,53,10,0.9569811320754716
35916B,BLUE FELT HANGING HEART WITH FLOWER,50.57,75,30,0.6742666666666667
90018C,SILVER BLACK ORBIT DROP EARRINGS,50.400000000000006,12,9,4.2
17007B,S/3 POT POURI CUSHIONS BLUE COLOURS,50.400000000000006,24,2,2.1
47348A,FUSCHIA VOILE POINTY SHOE DEC,50.31,97,15,0.5186597938144331
44242B,PINK FEATHERS CURTAIN,50.28,52,3,0.966923076923077
90214D,"LETTER ""D"" BLING KEY RING",49.9,68,32,0.7338235294117647
90214M,"LETTER ""M"" BLING KEY RING",49.82,60,28,0.8303333333333334
90180B,PURPLE AMETHYST NECKLACE W TASSEL,49.81,5,5,9.962
23603,SET 10 CARD KRAFT REINDEER 17084,49.800000000000004,20,14,2.49
23197,VEGETABLE MAGNETIC  SHOPPING LIST,49.8,36,3,1.3833333333333333
90079,VINTAGE ENAMEL & CRYSTAL NECKLACE,49.760000000000005,10,4,4.976000000000001
20667,CHERRY BLOSSOM PURSE,49.69,20,16,2.4844999999999997
90202B,WHITE ENAMEL FLOWER HAIR TIE,49.65,17,10,2.9205882352941175
90142D,MOP PENDANT SHELL NECKLACE,49.64,10,4,4.964
90157,RIVIERA NECKLACE,49.59,10,5,4.9590000000000005
23015,CORDIAL JUG,49.5,6,2,8.25
21816,CHRISTMAS TREE T-LIGHT HOLDER,49.3,34,7,1.45
21089,SET/6 GREEN SPRING PAPER CUPS,48.99,233,25,0.21025751072961374
90038B,GLASS AND PAINTED BEADS BRACELET OL,48.77,13,8,3.7515384615384617
84497,BUTTONS AND STRIPES NOTEBOOK ,48.75,13,7,3.75
90002D,FLOWER BURST SILVER RING CRYSTAL,48.71,13,9,3.746923076923077
21720,CAKE SHOP  STICKER SHEET,48.449999999999996,57,8,0.85
DCGS0076,SUNJAR LED NIGHT NIGHT LIGHT,48.39,3,2,16.13
84559a,3D SHEET OF DOG STICKERS,48.379999999999995,29,22,1.6682758620689653
84510E,SET OF 4 GREEN CAROUSEL COASTERS,48.29,34,16,1.4202941176470587
90205C,LARGE CRYSTAL DIAMANTE HAIRSLIDE,48.209999999999994,29,15,1.6624137931034482
84402B,PURPLE DRESS JEWELLERY STAND,48.19,61,3,0.7899999999999999
90125B,AQUA BERTIE GLASS BEAD BAG CHARM,48.06,30,12,1.602
90169,DAISY HAIR COMB,47.839999999999996,19,11,2.517894736842105
90036A,FLOWER GARLAND NECKLACE RED,47.7,6,4,7.95
23539,"WALL ART , LOVES' SECRET ",47.6,8,2,5.95
90165B,WHITE ROSEBUD  PEARL EARRINGS,47.43,19,18,2.4963157894736843
17084J,LOVE POTION MASALA INCENSE,47.25,225,8,0.21
84715,SET OF 6 ICE CREAM SKITTLES,47.2,16,3,2.95
84086B,YELLOW/BLUE RETRO RADIO,47.2,16,7,2.95
84706F,RED PEONY TABLE CLOCK,47.2,16,10,2.95
84750A,PINK SMALL GLASS CAKE STAND,46.8,24,1,1.95
84857B,BLUE MONTE CARLO HANDBAG,46.8,24,1,1.95
90190A,SILVER/CRYSTAL DROP EARRINGS W LEAF,46.76,16,10,2.9225
21392,RED POLKADOT PUDDING BOWL,46.39,34,7,1.3644117647058824
23107,WHITE WIRE PLANT POT HOLDER,46.24,16,2,2.89
84801B,WHITE HYDRANGEA ART FLOWER,46.2,22,3,2.1
23047,PAPER LANTERN 5 POINT STUDDED STAR,46.0,8,4,5.75
85031A,ROMANTIC IMAGES SCRAP BOOK SET,45.9,16,7,2.86875
90012B,BLACK DROP CRYSTAL NECKLACE,45.35000000000001,13,3,3.488461538461539
90064B,BLACK VINTAGE  CRYSTAL EARRINGS,45.0,12,7,3.75
23625,SET 6 CARDS SPARKLY REINDEER 17262,44.910000000000004,9,4,4.99
90141B,IVORY PENDANT TRIPLE SHELL NECKLACE,44.86,9,5,4.984444444444445
84906,PINK BUTTERFLY CUSHION COVER,44.849999999999994,23,5,1.9499999999999997
85185D,FROG SOCK PUPPET,44.25000000000001,15,8,2.9500000000000006
20670,VIP HOLIDAY PURSE,44.04,14,11,3.1457142857142855
47344B,BLUE FLOWER DES PURSE,43.66,44,6,0.9922727272727272
79063C,"RETRO PILL BOX KEY CHAIN,THE KING",43.65,235,14,0.18574468085106383
90056,CHUNKY CRACKED GLAZE NECKLACE IVORY,43.510000000000005,4,4,10.877500000000001
20698,LITTLE PINK MONSTER SOFT TOY,43.349999999999994,17,8,2.55
46138B,BLUE CHENILLE SHAGGY CUSHION COVER ,43.15,43,12,1.0034883720930232
37444C,PINK BREAKFAST CUP AND SAUCER ,43.050000000000004,23,9,1.8717391304347828
23038,T-LIGHT HOLDER SILVER SAUCER,42.919999999999995,44,8,0.9754545454545454
84539,KNITTED RABBIT DOLL ,42.9,26,2,1.65
22987,WRAP SUMMER ROSE DESIGN,42.84,102,5,0.42000000000000004
20818,GOLD TEDDY BEAR,42.7,15,5,2.8466666666666667
16254,TRANSPARENT ACRYLIC TAPE DISPENSER,42.58,40,17,1.0645
84922,PINK BUTTERFLY WASHBAG,42.29,9,6,4.698888888888889
90029,NEW BAROQUE SMALL NECKLACE BLACK,42.14,5,4,8.428
90024F,NEW BAROQUE B'FLY NECKLACE CRYSTAL,42.13,5,4,8.426
47570b,TEA TIME TABLE CLOTH,42.019999999999996,2,2,21.009999999999998
16156L,"WRAP, CAROUSEL",42.0,100,4,0.42
23231,WRAP  VINTAGE DOILEY ,42.0,100,2,0.42
17084A,TRANQUILITY MASALA INCENSE,42.0,200,7,0.21
90120D,WHITE MURANO TWIST BRACELET,41.790000000000006,10,5,4.179
20666,ECONOMY HOLIDAY PURSE,41.53,30,17,1.3843333333333334
23045,PAPER LANTERN 5 POINT STAR MOON 30,41.5,10,5,4.15
15030,FAN BLACK FRAME ,41.47,143,12,0.29
72807c,SET/3 VANILLA SCENTED CANDLE IN BOX,41.449999999999996,5,5,8.29
90059D,DIAMANTE HAIR GRIP PACK/2 PERIDOT,41.449999999999996,25,19,1.658
84997a,GREEN 3 PIECE POLKADOT CUTLERY SET,41.449999999999996,5,5,8.29
90059E,DIAMANTE HAIR GRIP PACK/2 RUBY,41.37,25,15,1.6547999999999998
90039B,FIRE POLISHED GLASS BRACELET MONTAN,41.31,11,6,3.755454545454546
90162C,ANT SILVER FUSCHIA BOUDICCA RING,41.300000000000004,14,7,2.95
85089,CANDY SPOT BUNNY,41.300000000000004,14,5,2.95
84921,CREAM AND PINK FLOWERS PONY ,41.25,11,5,3.75
75013B,"STRING OF 8 BUTTERFLIES,PINK",41.24999999999999,25,6,1.6499999999999997
23448,CREAM BUNNY EASTER EGG BASKET,41.24999999999999,25,3,1.6499999999999997
90067A,PINK VINTAGE VICTORIAN EARRINGS,41.150000000000006,14,7,2.9392857142857145
90177E,DROP DIAMANTE EARRINGS GREEN,41.080000000000005,14,9,2.9342857142857146
90177B,DROP DIAMANTE EARRINGS BLACK DIAMON,41.010000000000005,14,7,2.9292857142857147
90182C,BLACK 3 BEAD DROP EARRINGS,40.96,14,9,2.9257142857142857
90130C,GREEN STONE/CRYSTAL EARRINGS,40.95,14,13,2.9250000000000003
90177A,CLASSIC DIAMANTE EARRINGS JET,40.900000000000006,14,9,2.9214285714285717
23148,MINITURE ANTIQUE ROSE HOOK IVORY,40.8,48,4,0.85
10120,DOGGY RUBBER,40.53,193,29,0.21
71495A,CD WALL TIDY BLUE OFFICE,40.379999999999995,103,8,0.39203883495145625
90214G,"LETTER ""G"" BLING KEY RING",40.199999999999996,60,30,0.6699999999999999
85092,CANDY SPOT TEA COSY,40.05,27,2,1.4833333333333332
90187B,GREEN DROP EARRINGS W BEAD CLUSTER,40.03,12,8,3.3358333333333334
90165A,PINK ROSEBUD PEARL EARRINGS,39.98,16,15,2.49875
72369A,PINK CLEAR GLASS CANDLE PLATE,39.92,30,5,1.3306666666666667
23462,ROCOCO WALL MIROR,39.9,2,1,19.95
90135,ORANGE/WHT/FUSCHIA STONES NECKLACE,39.660000000000004,8,2,4.9575000000000005
84725,FREESTYLE CANVAS ART PICTURE,39.65,41,18,0.9670731707317073
22972,CHILDRENS SPACEBOY MUG,39.599999999999994,24,2,1.6499999999999997
84596f,SMALL MARSHMALLOWS PINK BOWL,39.36,16,12,2.46
84575A,PINK DOG CANNISTER,39.3,14,4,2.807142857142857
21307,SET/4 BUTTERFLY MIRROR MAGNETS,39.199999999999996,79,13,0.49620253164556954
35910A,MULTICOLOUR EASTER RABBIT ,39.0,20,4,1.95
47341A,FUSCHIA TABLE RUN FLOWER ,38.75,27,5,1.4351851851851851
90064A,WHITE VINTAGE CRYSTAL EARRINGS,38.7,10,6,3.87
84751B,BLACK MEDIUM GLASS CAKE STAND,38.69,19,8,2.0363157894736843
21393,BLUE POLKADOT PUDDING BOWL,38.67,29,7,1.333448275862069
47420,ASSORTED COLOUR SUCTION CUP HOOK,38.38,202,13,0.19
84559b,3D SHEET OF CAT STICKERS,38.33,23,20,1.6665217391304348
84746,PINK EASTER HENS+FLOWER,38.31,14,9,2.7364285714285717
84925D,LA PALMIERA WALL THERMOMETER,38.25,15,10,2.55
84617,NEW BAROQUE BLACK BOXES,38.25,3,3,12.75
90190B,GOLD/AMBER DROP EARRINGS W LEAF,38.18,13,7,2.936923076923077
81952B,ROUND BLUE CLOCK WITH SUCKER,38.0,200,9,0.19
84033,FLAG OF ST GEORGE ,37.95,23,7,1.6500000000000001
84809B,PINK CHRYSANTHEMUMS ART FLOWER,37.800000000000004,18,1,2.1
90075,MONTANA DIAMOND CLUSTER NECKLACE,37.66,4,3,9.415
90199D,5 STRAND GLASS NECKLACE AMBER,37.620000000000005,6,6,6.2700000000000005
90212B,JET BLACK LAS VEGAS BRACELET ROUND,37.62,10,8,3.7619999999999996
79191D,RETRO PLASTIC DAISY TRAY,37.61,35,16,1.0745714285714285
23043,PAPER LANTERN 9 POINT HOLLY STAR 40,37.5,6,3,6.25
72709,IVORY SCULPTED RND CANDLE ,37.4,44,7,0.85
35809a,ENAMEL PINK TEA CONTAINER,37.33,9,9,4.147777777777778
84509b,SET OF 4 FAIRY CAKE PLACEMATS,37.3,5,4,7.459999999999999
90074,BLACK DIAMOND CLUSTER NECKLACE,37.239999999999995,4,3,9.309999999999999
22837,HOT WATER BOTTLE BABUSHKA LARGE,37.2,8,1,4.65
22407,MONEY BOX FIRST AID DESIGN,36.78,44,11,0.8359090909090909
90085,CRYSTAL STILETTO PHONE CHARM,36.76,34,10,1.0811764705882352
84522,PINK PARTY SUNGLASSES,36.76,20,12,1.8379999999999999
90214H,"LETTER ""H"" BLING KEY RING",36.76,48,30,0.7658333333333333
71510,SQUARE METAL CANDLEHOLDER BASE,36.519999999999996,52,8,0.7023076923076922
35913B,WHITE/PINK CHICK EASTER DECORATION,36.33,37,10,0.9818918918918919
84548,CROCHET BEAR RED/BLUE  KEYRING,36.3,22,4,1.65
17090D,VANILLA INCENSE 40 CONES IN TIN,36.25,29,12,1.25
84226,HEN HOUSE W FAMILY IN BARN & NEST,36.21,51,10,0.71
85216,ASSORTED CAKES FRIDGE MAGNETS,35.75,55,8,0.65
90094,NECKLACE+BRACELET SET FRUIT SALAD ,35.699999999999996,14,13,2.55
90179C,BLACK FINE BEAD NECKLACE W TASSEL,35.44,6,6,5.906666666666666
79063D,"RETRO PILL BOX , REVOLUTIONARY",35.33,190,11,0.1859473684210526
90123D,WHITE HEART OF GLASS BRACELET,35.31,6,5,5.885000000000001
90179A,AMBER FINE BEAD NECKLACE W TASSEL,35.31,6,5,5.885000000000001
90011B,BLACK CRYSTAL DROP EARRINGS,35.27,12,7,2.939166666666667
90060F,FIRE POLISHED GLASS NECKL GREEN,35.160000000000004,6,6,5.86
90186A,AMETHYST HOOP EARRING FLORAL LEAF,35.11,12,9,2.9258333333333333
90131,PINK/AMETHYST/GOLD NECKLACE,34.870000000000005,5,2,6.974000000000001
23196,LEAVES MAGNETIC  SHOPPING LIST,34.8,24,2,1.45
90049,IVORY GOLD METAL BAG CHARM,34.77,5,3,6.954000000000001
90059F,DIAMANTE HAIR GRIP PACK/2 LT ROSE,34.69,21,14,1.6519047619047618
20827,GOLD APERITIF GLASS,34.32,88,2,0.39
79406,FROSTED WHITE BASE ,34.12,144,8,0.23694444444444443
81950B,FLOWER BLUE CLOCK WITH SUCKER,33.93,117,8,0.29
84873A,FUNKY FLOWER PICNIC BAG FOR 4,33.9,2,2,16.95
90026C,GLASS BEAD HOOP NECKLACE GREEN,33.82,4,3,8.455
90024C,NEW BAROQUE B'FLY NECKLACE GREEN,33.81,4,3,8.4525
17136A,BLUE STONES ON WIRE FOR CANDLE,33.75,404,17,0.08353960396039604
90038C,GLASS AND BEADS BRACELET IVORY,33.69,9,4,3.743333333333333
72783,BLACK SIL'T SQU CANDLE PLATE ,33.6,16,2,2.1
90129D,AMBER GLASS TASSLE BAG CHARM,33.440000000000005,14,7,2.388571428571429
23390,DOLLY GIRL MINI RUCKSACK,33.2,8,2,4.15
37423,WHITE WITH BLACK CATS PLATE,33.18,78,3,0.42538461538461536
72807b,SET/3 OCEAN SCENT CANDLE JEWEL BOX,33.16,4,4,8.29
35610C,WHITE CHRISTMAS FLOCK DROPLET ,32.51,25,2,1.3004
37468,HARDMAN MUG 3 ASSORTED,32.42,65,13,0.4987692307692308
17109D,FLOWER FAIRY INCENSE BOUQUET,32.349999999999994,61,5,0.530327868852459
84824,DANISH ROSE UMBRELLA STAND,31.9,2,2,15.95
90036B,"FLOWER GLASS GARLAND NECKL.36""GREEN",31.8,4,2,7.95
20878,SET/9 CHRISTMAS T-LIGHTS SCENTED ,31.25,25,7,1.25
23632,SET 10 CARDS CHEERFUL ROBIN 17065,31.200000000000003,15,10,2.08
23366,SET 12 COLOUR PENCILS DOILEY,31.200000000000003,48,3,0.65
85018D,YULETIDE IMAGES S/6 PAPER BOXES,30.599999999999998,12,7,2.55
44228,CANNABIS LEAF BEAD CURTAIN,30.599999999999998,36,2,0.85
22937,BAKING MOULD CHOCOLATE CUP CAKES,30.599999999999998,12,2,2.55
22937,BAKING MOULD CUPCAKE CHOCOLATE,30.599999999999998,12,1,2.55
37471,MULTICOLOUR POLKADOT PLATE,30.43,29,3,1.0493103448275862
90176B,DIAMANTE NECKLACE BLACK ,30.12,4,3,7.53
35610B,BLACK CHRISTMAS FLOCK DROPLET ,30.0,24,1,1.25
23396,BUTTERFLY CUSHION COVER,30.0,8,2,3.75
23437,GIFT BAG LARGE 50'S CHRISTMAS,30.0,24,2,1.25
22953,BIRTHDAY BANNER TAPE,30.0,24,1,1.25
23250,ENAMEL BOWL PANTRY,30.0,24,2,1.25
23252,ENAMEL JUG PANTRY,30.0,8,2,3.75
90176E,DIAMANTE NECKLACE GREEN,29.98,4,3,7.495
90195B,BLACK GEMSTONE BRACELET,29.98,4,4,7.495
90039A,FIRE POLISHED GLASS BRACELET RED,29.96,8,3,3.745
21310,CAPIZ CHANDELIER,29.95,1,1,29.95
90122B,JADE CRYSTAL+GLASS BRACELET,29.93,6,6,4.988333333333333
21667,GLASS CAKE COVER AND PLATE,29.9,2,1,14.95
90136,PALE PINK/AMETHYST STONE NECKLACE,29.849999999999998,3,2,9.95
90014C,SILVER/BLACK ORBIT NECKLACE,29.849999999999998,3,2,9.95
84660a,WHITE STITCHED WALL CLOCK,29.84,4,2,7.46
90159,COTE D'AZURE NECKLACE,29.790000000000003,6,5,4.965000000000001
90120A,PINK MURANO TWIST BRACELET,29.73,7,3,4.247142857142857
90001D,ANTIQUE OLIVE GREEN FLOWER EARRINGS,29.73,7,5,4.247142857142857
21757,LIGHTHOUSE PRINTED METAL SIGN,29.700000000000003,6,3,4.95
23530,"WALL ART,ONLY ONE PERSON ",29.700000000000003,6,1,4.95
21040,MODERN VINTAGE COTTON SHOPPING BAG,29.7,22,8,1.3499999999999999
35816P,"ACRYLIC JEWEL ANGEL,PINK",29.64,78,2,0.38
90214I,"LETTER ""I"" BLING KEY RING",29.619999999999997,38,13,0.7794736842105262
84706D,CHERRY BLOSSOM TABLE CLOCK ,29.599999999999998,8,4,3.6999999999999997
90162D,ANT SILVER PURPLE BOUDICCA RING,29.500000000000004,10,5,2.95
84465,15 PINK FLUFFY CHICKS IN BOX,29.5,10,7,2.95
82605,OLD DOC RUSSEL METAL SIGN,29.400000000000002,14,3,2.1
84558a,3D DOG PICTURE PLAYING CARDS,29.310000000000002,5,5,5.862
85030,FRENCH CHATEAU OVAL PLATTER,29.25,15,6,1.95
90214N,"LETTER ""N"" BLING KEY RING",29.23,41,24,0.7129268292682926
84199,GLOW IN DARK DOLPHINS,29.19,139,31,0.21000000000000002
21011,GLITTER SNOW PEAR TREE DECORATION,28.999999999999996,20,3,1.4499999999999997
46776f,WOVEN ROSE GARDEN CUSHION COVER ,28.91,7,1,4.13
90152A,SILVER/NAT SHELL NECKLACE W PENDANT,28.76,5,5,5.752000000000001
84803B,WHITE ALLIUM  ARTIFICIAL FLOWER,28.73,17,4,1.69
90093,CLEAR CRYSTAL STAR PHONE CHARM,28.569999999999997,52,10,0.5494230769230769
90027D,GLASS BEAD HOOP EARRINGS AMETHYST,28.4,9,6,3.1555555555555554
17165D,ASS COL LARGE SAND FROG P'WEIGHT,28.35,27,7,1.05
23380,PACK OF 12 DOILEY TISSUES,28.08,72,2,0.38999999999999996
84798B,PURPLE FOXGLOVE ARTIIFCIAL FLOWER,28.049999999999997,11,3,2.55
90005A,JADE GREEN ENAMEL HAIR COMB,28.02,14,10,2.0014285714285713
90214R,"LETTER ""R"" BLING KEY RING",28.009999999999998,41,25,0.683170731707317
84613A,PINK NEW BAROQUE FLOCK CANDLESTICK,27.900000000000002,6,3,4.65
79066k,RETRO MOD TRAY,27.77,17,10,1.633529411764706
23613,SET 10 XMAS CARDS & BADGES 17070,27.39,11,6,2.49
23637,SET 10 CARDS OUT OF ORDER 17216,27.39,11,9,2.49
44235,ASSORTED COLOURED CIRCLE MOBILE ,27.3,65,7,0.42
85126,LARGE ROUND CUTGLASS CANDLESTICK,27.14,2,1,13.57
85017C,ENVELOPE 50 CURIOUS IMAGES,27.02,50,10,0.5404
23702,High Resolution Image,27.0,4,3,6.75
79323P,PINK CHERRY LIGHTS,27.0,4,1,6.75
84993a,75 GREEN PETIT FOUR CASES,26.56,32,19,0.83
35598A,DUSTY PINK CHRISTMAS TREE 60CM,26.550000000000004,9,2,2.9500000000000006
84675,FROG KING WATERING CAN,26.55,9,2,2.95
90059B,DIAMANTE HAIR GRIP PACK/2 BLACK DIA,26.52,16,10,1.6575
21836,GINGHAM OVEN GLOVE RED HEART ,26.490000000000002,5,3,5.298
72140E,BEST DAD CANDLE LETTERS,26.349999999999998,31,8,0.85
90212C,PURPLE LAS VEGAS BRACELET ROUND,26.25,7,3,3.75
23636,SET 10 CARDS WISHING TREE 17116,26.19,9,7,2.91
90183C,BLACK DROP EARRINGS W LONG BEADS,26.15,9,9,2.9055555555555554
35916B,BLUE FELT HANGING HEART W FLOWER,26.11,16,2,1.631875
21461,BLUE EASTER EGG HUNT START POST,25.81,11,6,2.346363636363636
90026D,GLASS BEAD HOOP NECKLACE AMETHYST,25.5,3,3,8.5
84968B,SET OF 16 VINTAGE IVORY CUTLERY,25.5,2,2,12.75
84968f,SET OF 16 VINTAGE SKY BLUE CUTLERY,25.49,1,1,25.49
35910B,PINK FLOWERS RABBIT EASTER,25.349999999999998,13,3,1.9499999999999997
90026B,GLASS BEAD HOOP NECKLACE MONTANA,25.32,3,3,8.44
90037B,TINY CRYSTAL BRACELET GREEN,25.279999999999998,10,5,2.5279999999999996
90013D,PURPLE VINTAGE EARRINGS,25.17,6,3,4.195
90188,DROP EARRINGS W FLOWER & LEAF,25.13,10,7,2.513
84596e,SMALL LICORICE DES PINK BOWL,25.099999999999998,10,6,2.51
90033,IVORY SHELL HEART EARRINGS,25.07,10,9,2.507
23104,IVORY PANTRY HANGING LAMP ,25.0,2,1,12.5
22135,LADLE LOVE HEART PINK,24.98,39,13,0.6405128205128205
90016C,SILVER/BLACK PENDANT ORBIT NECKLACE,24.96,3,3,8.32
23214,BELL HEART ANTIQUE GOLD,24.96,12,1,2.08
23620,SET 10 CARDS PERFECT POST 17090,24.900000000000002,10,7,2.49
23240,SET OF 4 KNICK KNACK TINS  DOILEY ,24.900000000000002,6,1,4.15
85115B,S/4 BLACK DISCO PARTITION PANEL,24.869999999999997,3,1,8.29
85034a,3 GARDENIA MORRIS BOXED CANDLES,24.869999999999997,3,3,8.29
15060b,FAIRY CAKE DESIGN UMBRELLA,24.869999999999997,3,3,8.29
85132c,CHARLIE AND LOLA FIGURES TINS,24.869999999999997,3,3,8.29
90043,COPPER AND BRASS BAG CHARM,24.810000000000002,4,2,6.202500000000001
90059C,DIAMANTE HAIR GRIP PACK/2 MONTANA,24.79,15,10,1.6526666666666665
90214B,"LETTER ""B"" BLING KEY RING",24.77,37,22,0.6694594594594594
84854,GIRLY PINK TOOL SET,24.75,5,1,4.95
20778,GARDEN PATH NOTEBOOK ,24.75,15,8,1.65
90141E,ORANGE PENDANT TRIPLE SHELL NECKLAC,24.75,5,2,4.95
20820,SILVER LOOKING MIRROR,24.75,5,2,4.95
84993B,75 BLACK PETIT FOUR CASES,24.36,58,18,0.42
90076,MONTANA DIAMOND CLUSTER EARRINGS,24.119999999999997,9,4,2.6799999999999997
84562A,PINK/WHITE RIBBED MELAMINE JUG,23.85,3,3,7.95
47503J,SET/3 FLORAL GARDEN TOOLS IN BAG,23.85,3,2,7.95
21357,TOAST ITS - DINOSAUR,23.75,19,10,1.25
35909B,PINK FLOWERS RABBIT EASTER,23.6,8,2,2.95
35909A,RABBIT EASTER DECORATION,23.6,8,3,2.95
90083,CRYSTAL CZECH CROSS PHONE CHARM,23.47,25,9,0.9388
23244,CANNISTER VINTAGE LEAF DESIGN,23.4,12,2,1.95
22246,"GARLAND, MAGIC GARDEN 1.8M",23.4,12,1,1.95
90176C,DIAMANTE NECKLACE,23.32,3,2,7.773333333333333
23623,SET 10 CARD CHRISTMAS WELCOME 17112,23.28,8,6,2.91
90182A,AMBER 3 BEAD DROP EARRINGS,23.2,8,8,2.9
90104,PURPLE FRANGIPANI HAIRCLIP,23.16,28,12,0.8271428571428572
23236,STORAGE TIN VINTAGE DOILEY ,23.13,7,2,3.3042857142857143
23106,ZINC PLANT POT HOLDER,23.12,8,1,2.89
85195,HANGING HEART BASKET,23.1,11,3,2.1
85206B,PINK FELT EASTER EGG BASKET,23.099999999999998,14,4,1.65
22351,DOTCOMGIFTSHOP TEA TOWEL,23.089999999999996,13,2,1.776153846153846
90214Y,"LETTER ""Y"" BLING KEY RING",22.839999999999996,66,8,0.346060606060606
23145,ZINC T-LIGHT HOLDER STARS LARGE,22.799999999999997,24,2,0.9499999999999998
90054,CRACKED GLAZE EARRINGS RED,22.58,9,9,2.5088888888888885
90176A,CLASSIC DIAMANTE NECKLACE JET,22.48,3,2,7.493333333333333
90039C,FIRE POLISHED GLASS BRACELET BLACK,22.48,6,6,3.7466666666666666
23640,SET 10 CARDS SCOTTIE DOG 17211,22.410000000000004,9,8,2.49
23645,SET 10 CHRISTMAS CARDS HOHOHO 16956,22.410000000000004,9,4,2.49
21018,BIRD BOX CHRISTMAS TREE DECORATION,22.06,24,6,0.9191666666666666
90035C,"PEARL & SHELL 42""NECKL. IVORY",21.5,2,1,10.75
84387A,BIRD ON BRANCH CANVAS SCREEN,21.45,11,1,1.95
84551,CROCHET DOG KEYRING,21.449999999999996,13,2,1.6499999999999997
20695,FLORAL BLUE MONSTER,21.25,5,4,4.25
90001B,ANTIQUE MID BLUE FLOWER EARRINGS,21.15,5,3,4.2299999999999995
90001C,ANTIQUE OPAL WHITE FLOWER EARRINGS,21.130000000000003,5,5,4.226000000000001
90125E,AMBER BERTIE GLASS BEAD BAG CHARM,21.05,11,10,1.9136363636363638
23691,KEEP CALM BIRTHDAY WRAP,21.0,50,2,0.42
23692,WRAP A PRETTY THANK YOU,21.0,50,2,0.42
16169P,WRAP GREEN RUSSIAN FOLKART ,21.0,50,2,0.42
90001A,ANTIQUE RASPBERRY FLOWER EARRINGS,20.950000000000003,5,4,4.19
17001,HEAVENS SCENT FRAGRANCE OILS ASSTD,20.88,72,1,0.29
23388,WOODLAND MINI RUCKSACK ,20.75,5,2,4.15
47518f,ICON PLACEMAT POP ART ELVIS,20.73,5,5,4.146
46776a,WOVEN BUBBLE GUM CUSHION COVER,20.65,5,1,4.13
90141D,ROSE PENDANT TRIPLE SHELL NECKLACE,20.36,4,2,5.09
90214P,"LETTER ""P"" BLING KEY RING",20.229999999999997,39,16,0.5187179487179486
90034,WHITE SILVER NECKLACE SHELL GLASS,20.17,2,2,10.085
84415B,BLUE FLOCK CUSHION COVER ,20.0,8,3,2.5
23616,SET 10 CARDS JINGLE BELLS 17217,19.92,8,7,2.49
23646,SET 10 CARDS JINGLE BELLS 16957,19.92,8,5,2.49
23601,SET 10 CARDS SNOWY SNOWDROPS  17100,19.92,8,4,2.49
21681,GIANT MEDINA STAMPED METAL BOWL ,19.9,2,2,9.95
22776,"CAKESTAND, 3 TIER, LOVEHEART",19.9,2,1,9.95
37491A,YELLOW/PINK CERAMIC CANDLE HOLDER,19.81,6,4,3.3016666666666663
90156,RESIN BRACELET W PASTEL BEADS,19.8,4,3,4.95
23249,ENAMEL DINNER PLATE PANTRY,19.799999999999997,12,1,1.6499999999999997
23029,DOORKNOB CRACKED GLAZE GREEN,19.799999999999997,12,2,1.6499999999999997
85024C,PINK SMALL JEWELLED PHOTOFRAME,19.799999999999997,12,9,1.6499999999999997
23031,DOORKNOB CRACKED GLAZE PINK,19.799999999999997,12,2,1.6499999999999997
37487B,YELLOW/ORANGE FLOWER DESIGN PLATE,19.72,68,2,0.29
85028L,FRENCH CHATEAU LARGE FRUIT BOWL ,19.5,10,4,1.95
79062D,"RETRO TIN ASHTRAY,REVOLUTIONARY",19.4,52,4,0.37307692307692303
85047,WHITE BEADED GARLAND STRING 20LIGHT,19.049999999999997,3,2,6.349999999999999
23056,CRYSTAL CHANDELIER T-LIGHT HOLDER,18.75,3,1,6.25
21538,DAIRY MAID  PUDDING BOWL,18.75,5,2,3.75
21416,CLAM SHELL LARGE,18.75,5,4,3.75
44092C,PURPLE/COPPER HANGING LAMPSHADE,18.7,22,8,0.85
84856S,SMALL TAHITI BEACH BAG,18.6,4,1,4.65
90041,PEARL AND CHERRY QUARTZ BRACLET,18.27,5,4,3.654
35607B,BLACK FEATHER CHRISTMAS DECORATION,18.240000000000002,96,7,0.19000000000000003
72821,CUPID SCENTED CANDLE IN GLASS,18.15,11,4,1.65
23079, TOADSTOOL BEDSIDE LIGHT ,17.9,2,1,8.95
90060D,FIRE POLISHED GLASS NECKL BRONZE,17.85,3,3,5.95
21661,VINTAGE GLASS TEA CADDY,17.85,3,3,5.95
22134,LADLE LOVE HEART RED ,17.82,24,9,0.7425
84856L,LARGE TAHITI BEACH BAG,17.82,2,2,8.91
90162A,ANT SILVER TURQUOISE BOUDICCA RING,17.700000000000003,6,1,2.9500000000000006
20935,ROUND CACTUS CANDLE,17.700000000000003,6,4,2.9500000000000006
90027A,GLASS BEAD HOOP EARRINGS BLACK,17.66,6,3,2.9433333333333334
90179B,PURPLE FINE BEAD NECKLACE W TASSEL,17.59,3,3,5.863333333333333
84596b,SMALL DOLLY MIX DESIGN ORANGE BOWL,17.57,7,5,2.5100000000000002
90011A,MIDNIGHT BLUE CRYSTAL DROP EARRINGS,17.509999999999998,6,6,2.918333333333333
79331,PINK FLOCK GLASS CANDLEHOLDER,17.5,26,3,0.6730769230769231
90130A,WHITE STONE/CRYSTAL EARRINGS,17.5,6,6,2.9166666666666665
35597D,PINK/WHITE CHRISTMAS TREE 30CM,17.48,46,2,0.38
23627,SET 10 CARDS XMAS GRAPHIC  17218,17.43,7,2,2.4899999999999998
22963,JAM JAR WITH BLUE LID,17.28,24,1,0.7200000000000001
37489D,PINK/GREEN FLOWER DESIGN BIG MUG,17.16,40,16,0.429
47574B,ENGLISH ROSE SCENTED HANGING HEART,17.0,4,2,4.25
22777,GLASS BELL JAR LARGE,17.0,2,1,8.5
85084,HOLLY TOP CHRISTMAS STOCKING,17.0,20,7,0.85
23342,MINT DINER CLOCK,17.0,2,1,8.5
90026A,GLASS BEAD HOOP NECKLACE BLACK,17.0,2,1,8.5
35645,VINTAGE BEAD PINK JEWEL BOX,17.0,4,3,4.25
21120,*Boombox Ipod Classic,16.98,1,1,16.98
85035a,GARDENIA 3 WICK MORRIS BOXED CANDLE,16.94,2,2,8.47
21595,Dad's Cab Electronic Meter,16.94,2,2,8.47
20954,*USB Office Mirror Ball,16.94,2,2,8.47
90024D,NEW BAROQUE B'FLY NECKLACE PINK,16.82,2,2,8.41
90024E,NEW BAROQUE B'FLY NECKLACE MONTANA,16.810000000000002,2,2,8.405000000000001
21144,PINK POODLE HANGING DECORATION ,16.8,5,2,3.3600000000000003
37489B,BLUE/YELLOW FLOWER DESIGN BIG MUG,16.77,31,12,0.5409677419354838
23644,SET 10 CARDS CHRISTMAS TREE 16955,16.65,5,5,3.3299999999999996
84031a,CHARLIE+LOLA RED HOT WATER BOTTLE ,16.63,1,1,16.63
DCGS0004,HAYNES CAMPER SHOULDER BAG,16.63,1,1,16.63
84031b,CHARLIE LOLA BLUE HOT WATER BOTTLE ,16.63,1,1,16.63
85036a,GARDENIA 1 WICK MORRIS BOXED CANDLE,16.58,2,1,8.29
90137,PINK COMBO MINI CRYSTALS NECKLACE,16.310000000000002,3,3,5.436666666666667
35647,VINTAGE BEAD PINK SHADE ,16.25,13,2,1.25
23502,PLAYING CARDS VINTAGE DOILEY ,16.25,13,2,1.25
16248B,BLUE HOLE PUNCH,16.25,13,7,1.25
90089,PINK CRYSTAL SKULL PHONE CHARM,16.22,32,9,0.506875
85160a,WHITE BIRD GARDEN DESIGN MUG,16.13,1,1,16.13
90214V,"LETTER ""V"" BLING KEY RING",15.979999999999999,26,14,0.6146153846153846
72815,3 WICK CHRISTMAS BRIAR CANDLE ,15.97,3,2,5.323333333333333
85136B,BLUE SHARK HELICOPTER,15.9,2,2,7.95
84795C,OCEAN STRIPE HAMMOCK ,15.9,2,1,7.95
22778,GLASS BELL JAR SMALL,15.8,4,1,3.95
DCGS0069,OOH LA LA DOGS COLLAR,15.79,1,1,15.79
20816,GOLD FLOWER CUSHION COVER ,15.6,8,2,1.95
78034B,BLUE NETTING STORAGE HANGER,15.6,8,6,1.95
90214F,"LETTER ""F"" BLING KEY RING",15.429999999999998,27,15,0.5714814814814814
84989A,75 GREEN FAIRY CAKE CASES,15.400000000000002,28,17,0.55
17107D,FLOWER FAIRY 5 SUMMER DRAW LINERS,15.299999999999999,6,1,2.55
35817P,"ACRYLIC JEWEL SNOWFLAKE,PINK",15.299999999999999,6,1,2.55
22932,BAKING MOULD TOFFEE CUP  CHOCOLATE,15.299999999999999,6,1,2.55
90132,LIGHT TOPAZ TEAL/AQUA COL NECKLACE,15.16,3,3,5.053333333333334
72024U,LILAC VOTIVE CANDLE,15.120000000000001,72,3,0.21000000000000002
90140,PINK SWEETIE NECKLACE,15.120000000000001,2,2,7.5600000000000005
84660b,BLACK STITCHED WALL CLOCK,15.08,2,2,7.54
35610A,PINK CHRISTMAS FLOCK DROPLET ,15.02,10,3,1.502
84462,3 PINK HEN+CHICKS IN BASKET,15.0,12,6,1.25
90189A,SILVER 2 STRAND NECKLACE-LEAF CHARM,15.0,2,2,7.5
23449,SET OF 6 EASTER RAINBOW CHICKS,15.0,12,1,1.25
84705C,PINK FLOCK PHOTO FRAME ,15.0,12,1,1.25
23212,PAINTED HEART WREATH WITH BELL,15.0,12,1,1.25
84415A,PINK FLOCK SUEDE CUSHION COVER ,15.0,12,2,1.25
23251,ENAMEL MUG PANTRY,15.0,12,1,1.25
17191A,ROSE FLOWER CANDLE+INCENSE 16X16CM,15.0,4,2,3.75
90078,PINK/WHITE GLASS DEMI CHOKER,15.0,2,1,7.5
90069,RUBY GLASS CLUSTER NECKLACE,15.0,2,1,7.5
90025F,BAROQUE BUTTERFLY EARRINGS CRYSTAL,14.96,4,4,3.74
23621,SET 10 CARDS DAVID'S MADONNA 17074,14.940000000000001,6,4,2.49
23281,FOLDING MIRROR RED  ,14.939999999999998,18,2,0.8299999999999998
23282,FOLDING MIRROR IVORY ,14.939999999999998,18,2,0.8299999999999998
84509g,SET OF 4 FAIRY CAKE PLACEMATS ,14.92,2,2,7.46
90046,WHITE WITH METAL BAG CHARM,14.850000000000001,3,1,4.95
90048,GREEN WITH METAL BAG CHARM,14.850000000000001,3,1,4.95
85031C,CURIOUS IMAGES SCRAP BOOK SET,14.850000000000001,3,1,4.95
84593,CROCHET ROSE DES CLOTHES HANGER,14.750000000000002,5,1,2.95
23634,SET 10 CARDS XMAS CHOIR 17068,14.55,5,5,2.91
90182B,AMETHYST 3 BEAD DROP EARRINGS,14.5,5,5,2.9
16202B,PASTEL BLUE PHOTO ALBUM ,14.5,29,2,0.5
90027C,GLASS BEAD HOOP EARRINGS GREEN,14.5,5,5,2.9
37489A,YELLOW/PINK FLOWER DESIGN BIG MUG,14.43,33,14,0.43727272727272726
47593A,CAROUSEL PONIES BABY BIB,14.37,33,12,0.4354545454545454
90052,CRACKED GLAZE NECKLACE BROWN,14.14,2,2,7.07
62043B,BLUE CHECK BAG W HANDLE 34X20CM,14.11,17,5,0.83
71143,ANTIQUE SILVER BOOK MARK WITH BEADS,14.11,17,3,0.83
23540,"WALL ART , THE MAGIC FOREST ",13.9,2,1,6.95
79336,LIGHT PINK FLOCK GLASS CANDLEHOLDER,13.680000000000003,36,3,0.3800000000000001
37489C,GREEN/BLUE FLOWER DESIGN BIG MUG,13.65,23,8,0.5934782608695652
85017A,ENVELOPE 50 ROMANTIC IMAGES,13.58,16,8,0.84875
90065B,BLACK VINT ART DEC CRYSTAL BRACELET,13.5,2,2,6.75
90214T,"LETTER ""T"" BLING KEY RING",13.459999999999999,24,11,0.5608333333333333
84745B,BLUE HANGING GINGHAM EASTER HEN,13.44,32,5,0.42
84745A,PINK HANGING GINGHAM EASTER HEN,13.44,32,5,0.42
90014C,SILVER AND BLACK ORBIT NECKLACE,13.350000000000001,2,2,6.675000000000001
23639,SET 10 CARDS MAGICAL TREE 17086,13.32,4,4,3.33
23607,SET 10 CARDS HATS & STOCKINGS 17081,13.28,8,7,1.66
23271,CHRISTMAS TABLE CANDLE SILVER SPIKE,13.28,16,1,0.83
22952,72 CAKE CASES VINTAGE CHRISTMAS,13.200000000000001,24,1,0.55
37491C,GREEN/BLUE CERAMIC CANDLE HOLDER,13.2,8,1,1.65
84388,WISE MAN STAR SHAPE EGG PAN,13.14,24,6,0.5475
37462E,"PET MUG, GOLDFISH",13.1,36,12,0.3638888888888889
16162L,THE KING GIFT BAG,13.0,20,8,0.65
47013C,WINE BOTTLE DRESSING DARK BLUE,12.969999999999999,52,12,0.24942307692307691
18097A,PINK TALL PORCELAIN T-LIGHT HOLDER ,12.75,5,4,2.55
21895,POTTING SHED SOW 'N' GROW SET,12.72,2,2,6.36
DCGS0070,CAMOUFLAGE DOG COLLAR,12.72,1,1,12.72
90042C,FRESHWATER PEARL BRACELET IVORY,12.7,5,5,2.54
90055,CRACKED GLAZE EARRINGS BROWN,12.53,5,5,2.506
90037C,TINY CRYSTAL BRACELET BLUE,12.52,5,5,2.504
23071,MARIE ANTOIENETT TRINKET BOX GOLD,12.5,1,1,12.5
20671,BLUE TEATIME PRINT BOWL ,12.5,10,2,1.25
90020,FILIGREE DIAMANTE CHAIN,12.48,1,1,12.48
23635,SET 10 CARDS CHRISTMAS HOLLY  17259,12.48,3,3,4.16
23654,SET 10 CARD SNOWMAN 16965,12.450000000000001,5,4,2.49
82613c,"METAL SIGN,CUPCAKE SINGLE HOOK",12.399999999999999,5,4,2.4799999999999995
17164B,ASS COL SMALL SAND GECKO P'WEIGHT,12.18,29,9,0.42
79329,PINK FLOCK GLASS CANDLEHOLDER,12.18,12,2,1.015
84016,FLAG OF ST GEORGE CAR FLAG,12.16,27,2,0.45037037037037037
90178B,PURPLE CHUNKY GLASS+BEAD NECKLACE,11.95,1,1,11.95
90021,LASER CUT MULTI STRAND NECKLACE,11.95,1,1,11.95
84614A,PINK BAROQUE FLOCK CANDLE HOLDER,11.9,2,1,5.95
84620,BLUE GINGHAM ROSE CUSHION COVER,11.9,2,1,5.95
44092B,BLUE WHITE PLASTIC RINGS LAMPSHADE,11.899999999999999,14,5,0.8499999999999999
90214Z,"LETTER ""Z"" BLING KEY RING",11.84,22,10,0.5381818181818182
37444B,BLUE BREAKFAST CUP AND SAUCER ,11.8,4,3,2.95
35818B,"ACRYLIC JEWEL ICICLE, BLUE",11.780000000000001,31,3,0.38000000000000006
16162M,THE KING GIFT BAG 25x24x12cm,11.76,28,8,0.42
16043,POP ART PUSH DOWN RUBBER ,11.759999999999998,98,2,0.11999999999999998
23605,SET 10 CARDS 12 DAYS OF XMAS 17059,11.64,4,1,2.91
23608,SET 10 CARDS RUDOLPHS NOSE 17097,11.64,4,3,2.91
85184c,SET 4 VALENTINE DECOUPAGE HEART BOX,11.58,2,2,5.79
71050,SMALL SINGLE FLAME CANDLE HOLDER,11.549999999999999,33,6,0.35
72798C,SET/4 GARDEN ROSE DINNER CANDLE,11.549999999999999,7,3,1.65
90152B,BLUE/GREEN SHELL NECKLACE W PENDANT,11.46,2,2,5.73
23299,"FOOD COVER WITH BEADS , SET 2 SIZES",11.25,3,1,3.75
90025D,BAROQUE BUTTERFLY EARRINGS PINK,11.19,3,3,3.73
84536a,ENGLISH ROSE NOTEBOOK A7 SIZE,11.060000000000002,14,4,0.7900000000000001
37488A,YELLOW PINK FLOWER DESIGN BIG BOWL,10.92,28,3,0.39
79026B,"S/4 ICON COASTER,ELVIS LIVES",10.61,25,9,0.4244
16169N,WRAP BLUE RUSSIAN FOLKART,10.5,25,1,0.42
16161M,WRAP  PINK FLOCK,10.5,25,1,0.42
35966,FOLKART CHRISTMAS TREE T-LIGHT HOLD,10.260000000000002,27,2,0.38000000000000006
40005B,BLUE ORGANDY ROUND LAMPSHADE W BEA,10.2,12,4,0.85
85109,PINK BOUDOIR T-LIGHT HOLDER,10.2,12,1,0.85
35958,FOLKART ZINC STAR CHRISTMAS DEC,10.2,12,3,0.85
44089C,LILAC GAUZE BUTTERFLY LAMPSHADE,10.08,24,6,0.42
23086,ZINC STAR T-LIGHT HOLDER ,10.0,8,1,1.25
90053,CRACKED GLAZE EARRINGS IVORY,9.99,4,4,2.4975
23650,SET 10 CARDS FILIGREE BAUBLE 16961,9.96,4,4,2.49
23619,SET 10 CARDS POINSETTIA 17093,9.96,4,2,2.49
23624,SET 10 CARD PERFECT NATIVITY 17089,9.96,4,4,2.49
23615,SET 10 CARDS PRINTED GRAPHIC 17219,9.96,4,4,2.49
84689,S/2 BEACH HUT TREASURE CHESTS,9.95,3,2,3.3166666666666664
37474,SET/4 2 TONE EGG SHAPE MIXING BOWLS,9.95,1,1,9.95
DCGS0003,BOXED GLASS ASHTRAY,9.94,4,4,2.485
82613b,"METAL SIGN,CUPCAKE SINGLE HOOK",9.94,4,4,2.485
37491D,PURPLE/BLUE CERAMIC CANDLE HOLDER,9.879999999999999,4,2,2.4699999999999998
85231g,ORANGE SCENTED SET/9 T-LIGHTS,9.78,6,6,1.63
44242A,LILAC FEATHERS CURTAIN,9.48,12,1,0.79
23441,HAND PAINTED HANGING EASTER EGG,9.24,22,3,0.42
35809B,ENAMEL BLUE RIM TEA CONTAINER,9.18,8,3,1.1475
90181C,BLACK GLASS/SHELL/PEARL NECKLACE,9.15,1,1,9.15
90184c,BLACK CHUNKY BEAD BRACELET W STRAP,9.15,1,1,9.15
37351,ORANGE FLOWER MUG ,9.06,10,2,0.906
84773,RED ROSE AND LACE C/COVER,8.850000000000001,3,1,2.9500000000000006
45013,FOLDING SHOE TIDY,8.850000000000001,3,2,2.9500000000000006
20906,VINTAGE NOTEBOOK BEAUTY GIRL,8.850000000000001,3,2,2.9500000000000006
90077,BLACK DIAMOND CLUSTER EARRINGS,8.82,3,3,2.94
90011D,PURPLE CRYSTAL DROP EARRINGS,8.76,3,3,2.92
90011E,AMBER CRYSTAL DROP EARRINGS,8.76,3,3,2.92
90027B,GLASS BEAD HOOP EARRINGS MONTANA,8.76,3,3,2.92
16206B,RED PURSE WITH PINK HEART,8.75,7,2,1.25
90130D,RED STONE/CRYSTAL EARRINGS,8.7,3,3,2.9
84732B,CUTE BIRD CEATURE SCREEN,8.58,22,2,0.39
90167,BEADED LOVE HEART JEWELLERY SET,8.5,10,1,0.85
90102,WHITE FRANGIPANI HAIR CLIP,8.5,10,1,0.85
44265,M/COLOUR POM-POM CURTAIN,8.5,2,1,4.25
85035c,ROSE 3 WICK MORRIS BOX CANDLE,8.47,1,1,8.47
21410,COUNTRY COTTAGE  DOORSTOP GREEN,8.47,1,1,8.47
85036b,CHOCOLATE 1 WICK MORRIS BOX CANDLE,8.47,1,1,8.47
72803b,OCEAN SCENT CANDLE JEWELLED DRAWER,8.47,1,1,8.47
85035b,CHOCOLATE 3 WICK MORRIS BOX CANDLE,8.47,1,1,8.47
84975,HEART SHAPED MIRROR,8.45,5,2,1.69
20871,OPULENT VELVET SET/3 CANDLES,8.42,2,1,4.21
21594,Dr. Jam's Arouzer Stress Ball,8.34,2,2,4.17
23612,SET 10 MINICARDS CUTE SNOWMAN 17071,8.299999999999999,5,2,1.6599999999999997
72802c,VANILLA SCENT CANDLE JEWELLED BOX,8.29,1,1,8.29
85034b,3 WHITE CHOC MORRIS BOXED CANDLES,8.29,1,1,8.29
84924F,PSYCHEDELIC METAL SIGN CALENDAR,7.9,10,3,0.79
16244B,MAXWELL 2 TONE BLUE 60 PAGE PHOTO A,7.85,7,2,1.1214285714285714
35607A,PINK FLUFFY CHRISTMAS DECORATION,7.82,26,2,0.3007692307692308
90042A,FRESHWATER PEARL BRACELET GOLD,7.6499999999999995,3,2,2.55
85189,HANGING BUTTERFLY  EGG,7.6499999999999995,9,3,0.85
79149B,SILICON STAR BULB  BLUE,7.56,18,8,0.42
21827,EIGHT PIECE CREEPY CRAWLIE SET,7.5,6,3,1.25
90025A,BAROQUE BUTTERFLY EARRINGS BLACK,7.5,2,2,3.75
37379A,PINK CHERRY BLOSSOM CUP & SAUCER,7.5,6,1,1.25
90068,"RUBY GLASS NECKLACE 42""",7.5,1,1,7.5
85160A,WHITE BIRD GARDEN DESIGN MUG,7.5,6,1,1.25
16202E,BLACK PHOTO ALBUM ,7.5,15,3,0.5
23633,SET 10 CARDS WORLD CHILDREN 17067,7.470000000000001,3,3,2.49
62097B,BLUE STRIPES SHOULDER BAG,7.469999999999999,9,3,0.8299999999999998
90128A,PINK LEAVES AND BEADS PHONE CHARM,7.43,3,2,2.4766666666666666
84596g,SMALL CHOCOLATES PINK BOWL,7.38,3,1,2.46
71496B,A4 WALL TIDY RED FLOWERS,7.37,13,4,0.566923076923077
85144,JARDIN ETCHED GLASS BUTTER DISH,7.25,1,1,7.25
10124G,ARMY CAMO BOOKCOVER TAPE,7.14,17,4,0.42
90214W,"LETTER ""W"" BLING KEY RING",6.819999999999999,16,5,0.42624999999999996
90214O,"LETTER ""O"" BLING KEY RING",6.819999999999999,16,5,0.42624999999999996
35443,RASTA IN BATH W SPLIFF ASHTRAY,6.8,8,6,0.85
84802B,PURPLE ANEMONE ARTIFICIAL FLOWER,6.76,4,1,1.69
62074B,ELEPHANT CLIP W SUCTION CUP,6.72,16,4,0.42
35833G,4 GOLD FLOCK CHRISTMAS BALLS,6.72,2,1,3.36
10124A,SPOTS ON RED BOOKCOVER TAPE,6.72,16,5,0.42
21186,WHITE DOVE HONEYCOMB PAPER GARLAND,6.72,2,1,3.36
23604,SET 10 MINI SANTA & SNOWMAN  17087,6.64,4,2,1.66
37491B,BLUE/YELLOW CERAMIC CANDLE HOLDER,6.6,4,1,1.65
20678,LARGE BLACK DIAMANTE HAIRSLIDE,6.6,4,1,1.65
90126C,AMBER BERTIE MOBILE PHONE CHARM,6.58,2,1,3.29
85224,ASSORTED COLOUR SILK GLASSES CASE,6.300000000000001,3,1,2.1
44089A,PINK GAUZE BUTTERFLY LAMPSHADE,6.3,15,4,0.42
21228,"POCKET MIRROR ""GLAMOROUS""",6.25,5,2,1.25
85225,BLING KEY RING STAND,6.25,6,3,1.0416666666666667
35591T,TURQUOISE CHRISTMAS TREE ,6.25,5,4,1.25
23610,SET 10 CARDS CHRISTMAS ROBIN 17095,6.24,3,3,2.08
90060B,FIRE POLISHED GLASS NECKL GOLD,5.95,1,1,5.95
90152C,BLUE/NAT SHELL NECKLACE W PENDANT,5.95,1,1,5.95
84499,BLACK FLOWER CANDLE PLATE,5.949999999999999,7,2,0.8499999999999999
35598C,WHITE CHRISTMAS TREE 60CM,5.9,2,2,2.95
79161A,ST GEORGE SET OF 10 PARTY LIGHTS,5.9,2,2,2.95
90014B,GOLD M.O.P. ORBIT NECKLACE,5.9,2,2,2.95
84228,HEN HOUSE WITH CHICK STANDING,5.88,14,3,0.42
23638,SET 10 CARDS ROBIN WATERPUMP  17096,5.82,2,2,2.91
23652,SET 10 CARD CHRISTMAS STAMPS 16963,5.82,2,1,2.91
23617,SET 10 CARDS SWIRLY XMAS TREE 17104,5.82,2,1,2.91
90011C,GREEN CRYSTAL DROP EARRINGS,5.8,2,2,2.9
90067B,BROWN VINTAGE VICTORIAN EARRINGS,5.8,2,2,2.9
23630,SET 10 CARDS HANGING BAUBLES 17080,5.48,2,2,2.74
21839,MUMMY MOUSE RED GINGHAM RIBBON,5.45,1,1,5.45
35004P,SET OF 3 PINK FLYING DUCKS,5.45,1,1,5.45
81953P,ROUND ARTICULATED PINK CLOCK W/SUCK,5.32,28,3,0.19
37509,NEW ENGLAND MUG W GIFT BOX,5.1,2,2,2.55
20964,POLYESTER FILLER PAD 60x40cm,5.1,2,1,2.55
90142A,GREEN PENDANT SHELL NECKLACE,5.09,1,1,5.09
84803A,PINK ALLIUM  ARTIFICIAL FLOWER,5.07,3,1,1.6900000000000002
22034,ROBIN CHRISTMAS CARD,5.02,10,4,0.502
90135A,ORANGE/FUSCHIA STONES NECKLACE,4.98,1,1,4.98
23649,SET 10 CARDS DECK THE HALLS 16960,4.98,2,2,2.49
47593b,SCOTTIE DOGS BABY BIB,4.9799999999999995,6,1,0.83
90128D,PURPLE LEAVES AND BEADS PHONE CHAR,4.97,2,2,2.485
90128C,GREEN LEAVES AND BEADS PHONE CHARM,4.97,2,2,2.485
84661b,BLACK SQUARE TABLE CLOCK,4.96,1,1,4.96
84661a,WHITE SQUARE TABLE CLOCK,4.96,1,1,4.96
90081B,LILY BROOCH WHITE/SILVER COLOUR,4.95,1,1,4.95
85031B,BLOSSOM IMAGES SCRAP BOOK SET,4.95,1,1,4.95
35650,VINTAGE BEAD PINK JEWEL STAND,4.95,1,1,4.95
85049b,LUSH GREENS RIBBONS,4.92,2,2,2.46
85049d,BRIGHT BLUES RIBBONS ,4.92,2,2,2.46
84971l,LARGE HEART FLOWERS HOOK   ,4.92,2,1,2.46
90127A,PINK BEADS+HAND PHONE CHARM,4.92,2,1,2.46
85231b,CINAMMON SET OF 9 T-LIGHTS,4.92,3,3,1.64
84613C,BLUE NEW BAROQUE FLOCK CANDLESTICK,4.65,1,1,4.65
81950V,FLOWER PURPLE CLOCK WITH SUCKER,4.64,16,3,0.29
79151B,"SILICON CUBE 25W, BLUE",4.62,11,2,0.42
71215,METAL BASE FOR CANDLES,4.62,11,2,0.42
35817P,PINK ACRYLIC JEWEL SNOWFLAKE,4.5600000000000005,12,1,0.38000000000000006
84206A,3 BLACK CATS W HEARTS BLANK CARD,4.5600000000000005,24,3,0.19000000000000003
84732D,CUTE RABBIT CEATURE SCREEN ,4.29,11,2,0.39
22199,FRYING PAN RED POLKADOT ,4.25,1,1,4.25
81950V,FLOWER PURPLE CLOCK W/SUCKER,4.25,5,3,0.85
79157V,UBO-LIGHT TRIOBASE PURPLE,4.25,5,3,0.85
22218,CAKE STAND LACE WHITE,4.25,1,1,4.25
20703,BLUE PADDED SOFT MOBILE,4.25,1,1,4.25
20861,GOLD COSMETIC BAG PINK STAR,4.2,2,2,2.1
47016,LIGHT DECORATION BATTERY OPERATED,4.2,2,1,2.1
22206,"MUG , DOTCOMGIFTSHOP.COM ",4.17,5,5,0.834
23391, I LOVE LONDON MINI RUCKSACK,4.15,1,1,4.15
46776e,WOVEN CANDY CUSHION COVER ,4.13,1,1,4.13
46776b,WOVEN BERRIES CUSHION COVER ,4.13,1,1,4.13
47591b,SCOTTIES CHILDRENS APRON,4.13,1,1,4.13
84536b,FAIRY CAKES NOTEBOOK A7 SIZE,4.050000000000001,5,1,0.8100000000000002
17174,ASSTD RASTA KEY-CHAINS,3.7800000000000002,9,3,0.42000000000000004
44091A,BLUE CRUSOE CHECK LAMPSHADE,3.78,9,3,0.42
90128B,BLUE LEAVES AND BEADS PHONE CHARM,3.76,2,2,1.88
79192A,RETRO PLASTIC 70'S TRAY,3.75,3,2,1.25
37464,ROBOT MUG IN DISPLAY BOX,3.75,3,2,1.25
90025E,BAROQUE BUTTERFLY EARRINGS MONTANA,3.73,1,1,3.73
90025B,BAROQUE BUTTERFLY EARRINGS RED,3.73,1,1,3.73
35271S,GOLD PRINT PAPER BAG,3.6100000000000003,19,2,0.19000000000000003
16010,FOLDING CAMPING SCISSOR W/KNIF & S,3.5999999999999996,30,3,0.11999999999999998
84270,ASSTD DESIGN BUBBLE GUM RING,3.5700000000000003,17,4,0.21000000000000002
16202A,PASTEL PINK PHOTO ALBUM ,3.5,7,2,0.5
90214U,"LETTER ""U"" BLING KEY RING",3.4799999999999995,12,1,0.29
79157B,UBO-LIGHT TRIOBASE BLUE,3.4,4,2,0.85
84802A,WHITE ANEMONE ARTIFICIAL FLOWER,3.38,2,1,1.69
22528,GARDENERS KNEELING PAD,3.36,1,1,3.36
90126A,PINK BERTIE MOBILE PHONE CHARM,3.36,1,1,3.36
85119,WATERING CAN SINGLE HOOK PISTACHIO,3.36,1,1,3.36
21160,KEEP OUT GIRLS DOOR HANGER ,3.36,1,1,3.36
23643,SET 10 CARDS CHRISTMAS BAUBLE 16954,3.33,1,1,3.33
84534b,FAIRY CAKE NOTEBOOK A5 SIZE,3.32,2,2,1.66
90187A,BLUE DROP EARRINGS W BEAD CLUSTER,3.32,1,1,3.32
10123C,HEARTS WRAPPING TAPE ,3.25,5,3,0.65
47013A,WINE BOTTLE DRESSING LT.BLUE,3.0399999999999996,14,4,0.2171428571428571
23628,SET 10 CARDS TRIANGLE ICONS  17220,2.91,1,1,2.91
23602,SET 10 CARDS 3 WISE MEN 17107,2.91,1,1,2.91
23609,SET 10 CARDS SNOWY ROBIN 17099,2.91,1,1,2.91
90183c,BLACK DROP EARRINGS W LONG BEADS,2.9,1,1,2.9
90100,NECKLACE+BRACELET SET PINK DAISY,2.55,1,1,2.55
m,Manual,2.55,1,1,2.55
17028J,INCENSE BAZAAR PEACH,2.52,6,1,0.42
35609A,PINK FEATHER CHRISTMAS DECORATION,2.51,1,1,2.51
62096B,PURPLE/TURQ FLOWERS HANDBAG,2.5,2,1,1.25
90037A,TINY CRYSTAL BRACELET RED,2.48,1,1,2.48
84201B,HAPPY BIRTHDAY CARD STRIPEY TEDDY,2.47,13,2,0.19
84510e,SET OF 4 GREEN CAROUSEL COASTERS,2.46,1,1,2.46
82613a,"METAL SIGN,CUPCAKE SINGLE HOOK",2.46,1,1,2.46
85179a,GREEN BITTY LIGHT CHAIN,2.46,1,1,2.46
84596l,BISCUITS SMALL BOWL LIGHT BLUE,2.46,1,1,2.46
85049c,ROMANTIC PINKS RIBBONS ,2.46,1,1,2.46
37330,BIG POLKADOT MUG,2.34,6,1,0.38999999999999996
46115B,GREEN POP ART MAO CUSHION COVER ,2.2800000000000002,12,2,0.19000000000000003
77079,DOLPHIN WINDMILL,2.12,1,1,2.12
85170A,SET/6 IVORY BIRD T-LIGHT CANDLES,2.1,1,1,2.1
21414,SCALLOP SHELL SOAP DISH,2.1,1,1,2.1
47579,TEA TIME BREAKFAST BASKET,2.1,1,1,2.1
20860,GOLD COSMETICS BAG WITH BUTTERFLY,2.1,1,1,2.1
90112,PINK DOLLY HAIR CLIPS,2.1,2,1,1.05
81953B,ROUND BLUE CLOCK WITH SUCKER,2.09,11,3,0.18999999999999997
84731,3 BIRDS CANVAS SCREEN,2.04,2,2,1.02
22146,EASTER CRAFT IVY WREATH WITH CHICK,1.95,1,1,1.95
22323,PINK POLKADOT KIDS BAG,1.95,1,1,1.95
21491,SET OF THREE VINTAGE GIFT WRAPS,1.95,1,1,1.95
90092,BLUE CRYSTAL BOOT PHONE CHARM,1.66,1,1,1.66
23664,FLOWER SHOP DESIGN MUG,1.65,1,1,1.65
84550,CROCHET LILAC/RED BEAR KEYRING,1.65,1,1,1.65
84206C,CHAMPAGNE TRAY BLANK CARD,1.52,8,2,0.19
21009,ETCHED GLASS STAR TREE DECORATION,1.25,1,1,1.25
84743C,ORANGE FELT VASE + FLOWERS,1.25,1,1,1.25
35597A,DUSTY PINK CHRISTMAS TREE 30CM,1.25,1,1,1.25
37461,FUNKY MONKEY MUG,1.25,1,1,1.25
84977,WIRE FLOWER T-LIGHT HOLDER,1.25,1,1,1.25
84569C,PACK 4 FLOWER/BUTTERFLY PATCHES,1.25,1,1,1.25
23370,SET 36 COLOURING PENCILS DOILEY,1.25,1,1,1.25
35597B,BLACKCHRISTMAS TREE 30CM,1.25,1,1,1.25
84990,60 GOLD AND SILVER FAIRY CAKE CASES,1.1,2,2,0.55
84201C,HAPPY BIRTHDAY CARD TEDDY/CAKE,0.95,5,1,0.19
84206B,CAT WITH SUNGLASSES BLANK CARD,0.95,5,1,0.19
90084,PINK CRYSTAL GUITAR PHONE CHARM,0.85,1,1,0.85
21268,VINTAGE BLUE TINSEL REEL,0.84,2,1,0.42
51014c,"FEATHER PEN,COAL BLACK",0.83,1,1,0.83
23366,SET 12 COLOURING PENCILS DOILEY,0.65,1,1,0.65
84227,HEN HOUSE W CHICK IN NEST,0.42,1,1,0.42
PADS,PADS TO MATCH ALL CUSHIONS,0.003,3,3,0.001
